day,user_id,n
2026-03-26,6491eceed718,1
2026-03-26,25f72e684000,1
2026-03-27,90f9b9d9f534,1
2026-03-27,f35294957acf,1
2026-03-27,ebf63a1e9924,1
2026-04-13,41662a74fa3e,1
2026-04-14,0556605b2d5c,1
2026-04-19,21d253a16688,1
2026-04-21,719105037cd3,1
2026-04-22,24e2b3678d0d,1
2026-04-22,0a2869cfe664,1
2026-04-28,cf027211d091,1
2026-04-28,ec0808a120ca,1
2026-04-29,72481892be9f,1
2026-05-04,c5850b168b1b,1
2026-05-05,c70fc546cae1,1
2026-05-05,43f2bfa84b23,1
2026-05-06,d881a73f0891,1
2026-05-12,f11283a6845d,1
2026-05-12,92c04276b972,1
2026-05-12,c4b3d829b70c,1
2026-05-15,4c7490179e9b,1
2026-05-19,5af71ce15ba4,1
2026-05-22,58e3ec0e8efa,1
2026-05-25,bb33b846c2c5,1
2026-05-25,5a525086d92f,1
2026-05-26,06433e895ee5,1
2026-05-26,512018e4b670,1
2026-05-26,0a5b92f117c1,1
2026-05-27,5a37c2627cfe,1
2026-05-28,dd16a0f184e1,1
2026-05-28,1c6098ca81dd,1
2026-05-28,ebd77a80a358,1
2026-05-29,6c3f6488d293,1
2026-06-02,866fdeb1a0de,1
2026-06-02,3b7c53152a59,1
2026-06-03,38ca49bafc59,1
2026-06-05,626dfbcaff20,1
2026-06-09,ca80d27637a1,1
2026-06-09,a8bb402a432a,1
2026-06-09,cc43888d2b0f,1
2026-06-10,1a83a3c7f37a,1
2026-06-11,0af1b20e629c,1
2026-06-16,8e550e7fc89a,1
2026-06-20,dad67fee72e3,1
2026-06-22,c102a05bc7bd,1
2026-06-22,a59fcec78cc4,1
2026-06-22,6b9263923d4f,1
2026-06-22,6c99e1a0bd00,1
2026-06-22,e846935965c0,1
2026-06-22,4544c32a7977,1
2026-06-22,c779e342fd14,1
2026-06-24,481568c9e082,1
2026-06-24,e4bb3d69fa67,1
2026-06-24,eba15300ac71,1
2026-06-25,c87ec7e92f39,1
2026-06-27,4e549487225a,1
2026-06-29,5d68d7d36dbf,1
2026-06-29,42070e3f07d1,1
2026-06-30,a02ba6b93372,1
2026-06-30,4f524af45e30,1
2026-07-01,e0759bd92787,1
2026-07-04,5e4e11b7a1b0,1
2026-07-05,30d8ffd038d6,1
2026-07-06,07a493b2ddeb,1
2026-07-08,566014fe1472,1
2026-07-08,1e01c7d59f5c,1
2026-07-08,fcf527dbf6de,1
2026-07-08,e2c9eb5825cb,1
2026-07-08,c336a1971655,1
2026-07-09,e06423c70b3e,1
2026-07-09,2757dc3ce28d,1
2026-07-10,662f81114f99,1
2026-07-10,2984a7622736,1
2026-07-10,b2635e9a6a7f,1
2026-07-10,75c9dbc84410,1
2026-07-11,a14634aae815,1
2026-07-14,ef3c1dfce67c,1
2026-07-14,6c911cdfc79b,1
2026-07-14,d70599256661,1
2026-07-14,7d7d7dd617bf,1
2026-07-15,533f8aeb1f13,1
2026-07-15,bb994c5bd396,1
2026-07-15,18c313934434,1
2026-07-15,cf8a9ac2cbfb,1
2026-07-15,dfed16440fa7,1
2026-07-15,730e17119e5d,1
2026-07-17,67e2bbaedc66,1
2026-07-21,6a96577d2770,1
2026-07-21,f3266bd148e4,1
2026-07-22,995ce800305d,1
2026-07-23,7d9370b38112,1
2026-07-23,f8df33a0bed7,1
2026-07-24,58003bf0152d,1
2026-07-24,cfa7562d8642,1
2026-07-24,0b98d3009cee,1
2026-07-24,f19c866c9fd5,1
2026-07-25,5db00e51f03d,1
2026-07-25,178c78255064,1
2026-07-25,5e65b3f3ebf6,1
2026-07-25,96cae25a3eb7,1
2026-07-26,8d99fc65f5d8,1
2026-07-27,48e2f5351af7,1
2026-07-27,258089dc336d,1
2026-07-27,221fa9dcfc72,1
2026-07-27,a5dadd4e8d83,1
2026-07-27,3599f0b9b4e9,1
2026-07-27,5f86a3974516,1
2026-07-28,1195052a2705,1
2026-07-28,2f1d63920637,1
2026-07-28,702f81b87973,1
2026-07-28,adc62f73647f,1
2026-07-28,b05d491de4b3,1
2026-07-28,5616952a922d,1
2026-07-28,b259227734f4,1
