day,n
2026-03-25,63
2026-03-26,68
2026-03-27,16
2026-03-28,0
2026-03-29,0
2026-03-30,0
2026-03-31,0
2026-04-01,0
2026-04-02,0
2026-04-03,0
2026-04-04,0
2026-04-05,0
2026-04-06,0
2026-04-07,4
2026-04-08,17
2026-04-09,28
2026-04-10,24
2026-04-11,1
2026-04-12,12
2026-04-13,7
2026-04-14,12
2026-04-15,21
2026-04-16,27
2026-04-17,7
2026-04-18,7
2026-04-19,3
2026-04-20,33
2026-04-21,9
2026-04-22,43
2026-04-23,17
2026-04-24,33
2026-04-25,5
2026-04-26,0
2026-04-27,17
2026-04-28,32
2026-04-29,45
2026-04-30,15
2026-05-01,4
2026-05-02,0
2026-05-03,10
2026-05-04,13
2026-05-05,126
2026-05-06,95
2026-05-07,107
2026-05-08,39
2026-05-09,8
2026-05-10,1
2026-05-11,24
2026-05-12,38
2026-05-13,185
2026-05-14,83
2026-05-15,21
2026-05-16,1
2026-05-17,0
2026-05-18,0
2026-05-19,13
2026-05-20,32
2026-05-21,33
2026-05-22,13
2026-05-23,2
2026-05-24,25
2026-05-25,79
2026-05-26,22
2026-05-27,11
2026-05-28,183
2026-05-29,171
2026-05-30,75
2026-05-31,14
2026-06-01,17
2026-06-02,57
2026-06-03,107
2026-06-04,14
2026-06-05,19
2026-06-06,15
2026-06-07,0
2026-06-08,4
2026-06-09,12
2026-06-10,34
2026-06-11,37
2026-06-12,94
2026-06-13,131
2026-06-14,12
2026-06-15,18
2026-06-16,28
2026-06-17,27
2026-06-18,31
2026-06-19,16
2026-06-20,20
2026-06-21,0
2026-06-22,143
2026-06-23,22
2026-06-24,31
2026-06-25,20
2026-06-26,15
2026-06-27,19
2026-06-28,9
2026-06-29,22
2026-06-30,16
2026-07-01,42
2026-07-02,8
2026-07-03,22
2026-07-04,11
2026-07-05,0
2026-07-06,16
2026-07-07,8
2026-07-08,140
2026-07-09,142
2026-07-10,108
2026-07-11,29
2026-07-12,7
2026-07-13,5
2026-07-14,251
2026-07-15,279
2026-07-16,44
2026-07-17,15
2026-07-18,9
2026-07-19,9
2026-07-20,23
2026-07-21,39
2026-07-22,13
2026-07-23,44
2026-07-24,238
2026-07-25,15
2026-07-26,1
2026-07-27,134
2026-07-28,27
