user_id,language,instrument_version
0014ad7a21e3,Spanish,v1
001ea31cd267,Spanish,v1
006dab9688be,Spanish,v1
00a16c4cc1a9,Spanish,v1
00b7b18ae81a,Spanish,v1
00e2a21037ac,Spanish,v1
00e5e5188fa3,Spanish,v1
012862ab9070,Spanish,v1
01a55f6e2bfc,Spanish,v1
01b6e41756d9,Spanish,v1
01c9824c67eb,Spanish,v1
01e874a94ef6,Spanish,v1
01f1990699e4,Spanish,v1
0216c17c32b9,Spanish,v1
025f8fa9b2ff,Spanish,v1
026d46d84f36,Spanish,v1
02764a615e66,Spanish,v1
02a2fb52f2a4,Spanish,v1
02a47b073bb0,Spanish,v1
02a905d8ae15,Spanish,v1
02e50709eb06,Spanish,v1
0337f971aa05,Spanish,v1
036275add5eb,Spanish,v1
0367a28c51cd,Spanish,v1
0383b80046b9,Spanish,v1
039db1e8437e,Spanish,v1
04561f6119e9,Spanish,v1
046a939f1579,Spanish,v1
049ef16eb70d,Spanish,v1
0556605b2d5c,Spanish,v1
057777824af7,Spanish,v1
05858340bffd,Spanish,v1
0592352552c0,Spanish,v1
061eed24d599,Spanish,v1
06433e895ee5,Spanish,v1
066c67042429,Spanish,v1
069b1ec8e19a,Spanish,v1
06a2b18e373f,Spanish,v1
06b027632b84,Spanish,v1
0720077ff117,Spanish,v1
0728fbb71e81,Spanish,v1
07328a0c07a6,Spanish,v1
075203619289,Spanish,v1
075f884db357,Spanish,v1
0765abd5a93d,Spanish,v1
07a493b2ddeb,Spanish,v1
07dc6748f76d,Spanish,v1
07fdee5981cb,Spanish,v1
0809661b0bc4,Spanish,v1
086e0bde9d76,Spanish,v1
08db054d54ab,Spanish,v1
0956cfe71306,Spanish,v1
09c021949aab,Spanish,v1
09c51cd233c6,Spanish,v1
0a09225c81bb,Spanish,v1
0a19abe64c8f,Spanish,v1
0a272952bdec,Spanish,v1
0a2869cfe664,Spanish,v1
0a5b92f117c1,Spanish,v1
0a9de4272ae0,Spanish,v1
0acb321354fe,Spanish,v1
0af1b20e629c,Spanish,v1
0b00b8d61113,Spanish,v1
0b28baceb4e4,Spanish,v1
0b98d3009cee,English,v1
0b98d3009cee,Spanish,v1
0bb70b354083,Spanish,v1
0bd2b552813a,Spanish,v1
0bd6a1517cd4,Spanish,v1
0be817c3db2e,Spanish,v1
0bfd5269e6c5,Spanish,v1
0c06a3ae4410,Spanish,v1
0c2e8dcba2eb,Spanish,v1
0c775d73f6b8,Spanish,v1
0c9a19b4e12e,Spanish,v1
0cd045787ad8,Spanish,v1
0d1a2ab1cda3,Spanish,v1
0d3864ce7985,Spanish,v1
0d4c00f44bf5,Spanish,v1
0d79522d75ab,Spanish,v1
0d9f65e2be63,Spanish,v1
0dedc06a8597,Spanish,v1
0e39f120f47d,Spanish,v1
0e4de81613cf,Spanish,v1
0e62967fd27d,Spanish,v1
0e7d5903f563,Spanish,v1
0e9667c5d4ea,Spanish,v1
0eab3fd26823,Spanish,v1
0eceb4e2c434,Spanish,v1
0f074ab46d1e,Spanish,v1
0f4d0aadbeb7,Spanish,v1
0fb335dc5958,Spanish,v1
10362a778226,Spanish,v1
10403265a7b9,Spanish,v1
106f48ba07b7,Spanish,v1
10bbd378898e,Spanish,v1
1120ff7989f4,Spanish,v1
119bc2224bd9,Spanish,v1
11d359d29a07,Spanish,v1
11e3b5c0ff75,Spanish,v1
11fb0eb9d033,Spanish,v1
1209a0c44415,Spanish,v1
1245b4e27da3,Spanish,v1
12a4d7d0b517,Spanish,v1
130232130f4e,Spanish,v1
133cfb98c56c,Spanish,v1
139c5bffa62f,Spanish,v1
13a0b790d57c,Spanish,v1
13c78ef9081e,Spanish,v1
13d370beb64b,Spanish,v1
14930e78ce9a,Spanish,v1
14a39dcc12e9,Spanish,v1
1550486ac76e,Spanish,v1
156d12a7898d,Spanish,v1
157aec2253fd,Spanish,v1
15dc0f6bbd54,Spanish,v1
16a465fda40c,Spanish,v1
16dd8b39b4ea,Spanish,v1
171ae6ceacf2,Spanish,v1
1758895a05cd,Spanish,v1
176ac8a2f9fb,Spanish,v1
17ae63bbba2a,Spanish,v1
17c22ca81d52,Spanish,v1
17c99caae844,Spanish,v1
17db1913fc63,Spanish,v1
181cd15e7fad,Spanish,v1
1848f211e243,Spanish,v1
185a9a73040a,Spanish,v1
1869a21f0508,Spanish,v1
18c313934434,Spanish,v1
194c0b66d618,Spanish,v1
195a4d09c595,Spanish,v1
19d8b6f6f965,Spanish,v1
19fb6b4a45c3,Spanish,v1
1a1ebc5090d9,Spanish,v1
1a83a3c7f37a,Spanish,v1
1a9cb8c4c8d7,Spanish,v1
1ac60e26b75c,Spanish,v1
1ad08d444027,Spanish,v1
1b5222e497bf,Spanish,v1
1b62f7b2e3ab,Spanish,v1
1b792d02fb7a,Spanish,v1
1b9a5105a9db,Spanish,v1
1bf1b0378d93,Spanish,v1
1c4cccd51f1e,Spanish,v1
1c6098ca81dd,Spanish,v1
1c970ecb2426,Spanish,v1
1cb79f121916,Spanish,v1
1cd14d2af652,Spanish,v1
1d59d368fc56,Spanish,v1
1d6d8f86b6ae,Spanish,v1
1d77aaf2280a,Spanish,v1
1d9d9f68d199,Spanish,v1
1de87f03b7cb,Spanish,v1
1e01c7d59f5c,Spanish,v1
1fa40aefa1ca,Spanish,v1
20338a2364a6,Spanish,v1
2040ec3fddb2,Spanish,v1
204861de9f07,Spanish,v1
205f6c912237,Spanish,v1
20652713bbe8,Spanish,v1
2191b93bf7b5,Spanish,v1
21996eb7014b,Spanish,v1
21d253a16688,Spanish,v1
21fc9e9b5d1c,Spanish,v1
221fa9dcfc72,Spanish,v1
2245d475c707,Spanish,v1
224b0c65cba8,Spanish,v1
22565df338df,Spanish,v1
2280eec9c1e1,Spanish,v1
22aede07eb2b,Spanish,v1
22b948dd4918,Spanish,v1
22f281a2afe0,Spanish,v1
233ec371fc88,Spanish,v1
237cf28f02a2,Spanish,v1
23e088703289,Spanish,v1
23ef4981c127,Spanish,v1
24210d0ef3a3,Spanish,v1
242d9ac9e268,Spanish,v1
243830d0b711,Spanish,v1
2483f48531ff,Spanish,v1
24abe8cb3a7d,Spanish,v1
24e2b3678d0d,Spanish,v1
253457f30450,Spanish,v1
2554be1b599e,Spanish,v1
2578eba6f1bc,Spanish,v1
2586a6b45571,Spanish,v1
25b81d68f2ad,Spanish,v1
25bd86f176ac,Spanish,v1
25c717fcfcf0,Spanish,v1
25d1576e420f,Spanish,v1
25e0bb818fe7,Spanish,v1
25f72e684000,Spanish,v1
2624c4c019ec,Spanish,v1
26749af13e1e,Spanish,v1
267d167f5c8d,Spanish,v1
26abf7ed58c5,Spanish,v1
26c37c7c3dcf,Spanish,v1
26e6ed3de35d,Spanish,v1
26f794aecdb1,Spanish,v1
270749e6b663,Spanish,v1
270e0e39a718,Spanish,v1
270feb3e1437,Spanish,v1
2737851eca6d,Spanish,v1
2757dc3ce28d,Spanish,v1
276a55f67a77,Spanish,v1
27d6dbaeda9b,Spanish,v1
28123ed57f59,Spanish,v1
281d2a2606cb,Spanish,v1
285ad64669e0,Spanish,v1
289eceb5443b,Spanish,v1
2920d7482649,Spanish,v1
2984a7622736,Spanish,v1
29d93a2f169e,Spanish,v1
29f8b399f230,Spanish,v1
29fec7083da2,Spanish,v1
2a099e053dc3,Spanish,v1
2a7c52a956d9,Spanish,v1
2ac2ed862408,Spanish,v1
2ad1d2577df4,Spanish,v1
2b0c382722d0,Spanish,v1
2b262344b693,Spanish,v1
2b3c5d49d7e6,Spanish,v1
2b4cbbc49e4e,Spanish,v1
2b4f1562fa44,Spanish,v1
2b53dd383709,Spanish,v1
2ba620c8e1c2,Spanish,v1
2bb214172488,Spanish,v1
2bcaf3d1f7f2,Spanish,v1
2bcfaa3df52b,Spanish,v1
2bda216ee06e,Spanish,v1
2be96f37218b,Spanish,v1
2c894b94435f,Spanish,v1
2d0025fbee46,Spanish,v1
2d05fe6b49ed,Spanish,v1
2d0b3adde136,Spanish,v1
2d2fc4526840,Spanish,v1
2d411cc2c22a,Spanish,v1
2dc38572ac12,Spanish,v1
2decef1bcf1b,Spanish,v1
2e7fb3da27a8,Spanish,v1
2e9e4eccd47e,Spanish,v1
2eebe3247bca,Spanish,v1
2ef4b05fa3e4,Spanish,v1
2f6b5faa9396,Spanish,v1
2f99c95f0057,Spanish,v1
2fdebb60b258,Spanish,v1
2fee72bc46f1,Spanish,v1
3087b37015be,Spanish,v1
309d5f4bdad6,Spanish,v1
30d8ffd038d6,Spanish,v1
313570b55d25,Spanish,v1
315b46fd8fac,Spanish,v1
3169e6a20c8b,Spanish,v1
31fa3027303a,Spanish,v1
324389fa1463,Spanish,v1
326a35419541,Spanish,v1
329758511943,Spanish,v1
32be206e53e4,Spanish,v1
32fdecd17449,Spanish,v1
33ccadbfd77c,Spanish,v1
33d15dadcc97,Spanish,v1
33d504e8d4d9,Spanish,v1
33f4d475bf36,Spanish,v1
3405af2b0ae0,Spanish,v1
342ad1d06b28,Spanish,v1
342f5cb9f227,Spanish,v1
3473ece97a1d,Spanish,v1
34ac1091aedb,Spanish,v1
3536f17b4707,Spanish,v1
355e39b91f6d,Spanish,v1
35e3c97de485,Spanish,v1
360b473dd1ec,Spanish,v1
3616d0442ecb,Spanish,v1
3619dce82ba5,Spanish,v1
36574b853fbc,Spanish,v1
36901242e8a4,Spanish,v1
37dbdecc155d,Spanish,v1
37f1ae5951bc,Spanish,v1
382c0027e143,Spanish,v1
38b67f491e68,Spanish,v1
38be3f3419e5,Spanish,v1
38ca49bafc59,Spanish,v1
38fd005f0ed3,Spanish,v1
390f8b9d5dd0,Spanish,v1
3935544d11dc,Spanish,v1
397a36b4f577,Spanish,v1
3a39519569da,Spanish,v1
3aa53a743056,Spanish,v1
3b182d800abd,Spanish,v1
3b6613f603ac,Spanish,v1
3b7c53152a59,Spanish,v1
3b8d0cd08fe2,Spanish,v1
3c3a91dc30f1,Spanish,v1
3c69a8dc1d56,Spanish,v1
3c6d838c02cb,Spanish,v1
3d3b0981d2f7,Spanish,v1
3d7cb134f996,Spanish,v1
3db4f09bf26e,Spanish,v1
3dbebe73d557,Spanish,v1
3dc2b7a2cf9f,Spanish,v1
3e50d7b566a3,Spanish,v1
3e6779b22da8,Spanish,v1
3e95e47dd7ec,Spanish,v1
3ef43e2b6b24,Spanish,v1
3f05c0bfc5e0,Spanish,v1
3f19ea2f9725,Spanish,v1
3f262e866158,Spanish,v1
3f5b01660ea3,Spanish,v1
3fc23677ed59,Spanish,v1
401aadf82e30,Spanish,v1
406b3e9a1228,Spanish,v1
40796bc37a12,Spanish,v1
40909d385fd7,Spanish,v1
40a1c30ed796,Spanish,v1
40ac2feac7f3,Spanish,v1
40cbebbd504b,Spanish,v1
40d6861d8bae,Spanish,v1
40ee6d43d65c,Spanish,v1
40f4d7ee7e94,Spanish,v1
413219f6b2f5,Spanish,v1
41447e385370,Spanish,v1
41662a74fa3e,Spanish,v1
4198045631c4,Spanish,v1
41b6ee9f59df,Spanish,v1
41bd701f2990,Spanish,v1
42070e3f07d1,Spanish,v1
42a64dd883d9,Spanish,v1
431801bc2248,Spanish,v1
434494785677,Spanish,v1
43f2bfa84b23,Spanish,v1
446161d80c77,Spanish,v1
4462fcbb3406,Spanish,v1
44bde3a367c7,Spanish,v1
44c34c6efe6f,Spanish,v1
45126221f02e,Spanish,v1
453801c9089a,Spanish,v1
4544c32a7977,Spanish,v1
456815a6abe9,Spanish,v1
456aa48c624b,Spanish,v1
456b1a830844,Spanish,v1
459d7e890352,Spanish,v1
45a90cc344dd,Spanish,v1
45c773b1a9de,Spanish,v1
46030f16eeeb,Spanish,v1
460d24f18102,Spanish,v1
4620e676486d,Spanish,v1
469b37d5ff1e,Spanish,v1
46da40226356,Spanish,v1
46e01298bcfd,Spanish,v1
46f5acd38250,Spanish,v1
4731ffa6f062,Spanish,v1
47898d03e9ec,Spanish,v1
4799299fa12d,Spanish,v1
47cb5b1a8a59,Spanish,v1
47e074a1b347,Spanish,v1
481568c9e082,Spanish,v1
48158d6acbbe,Spanish,v1
483319801d63,Spanish,v1
4843bbfae31d,Spanish,v1
48499511f77b,Spanish,v1
4865387f4d2b,Spanish,v1
486f594ec494,Spanish,v1
487f19ff25af,Spanish,v1
48b0f96ef2dc,Spanish,v1
4973666d1861,Spanish,v1
49fa6cf2fedc,Spanish,v1
4a686437f274,Spanish,v1
4a84bb2b0b3a,Spanish,v1
4a9224ec0d8e,Spanish,v1
4af69dad3bf1,Spanish,v1
4b8af1d9e6e6,Spanish,v1
4b99fb3f7c87,Spanish,v1
4bb8ce99c5fd,Spanish,v1
4c27be02ace9,Spanish,v1
4c2c2ccab7ef,Spanish,v1
4c4fa2ece9fc,Spanish,v1
4c5d5996085f,Spanish,v1
4c7490179e9b,Spanish,v1
4d0d805f41f7,Spanish,v1
4d1089abd65a,Spanish,v1
4d1880278e03,Spanish,v1
4d24b1824f22,Spanish,v1
4d5aec64e21d,Spanish,v1
4d9fdd15a627,Spanish,v1
4dbeb691b609,Spanish,v1
4dc5923f9d21,Spanish,v1
4e0ffb308d21,Spanish,v1
4e12c755f3f2,Spanish,v1
4e1805f69c2f,Spanish,v1
4e549487225a,Spanish,v1
4e8e74ec90d1,Spanish,v1
4ebb7f683407,Spanish,v1
4ece7132136c,Spanish,v1
4ee5c5e82c8e,Spanish,v1
4eed8489d04f,Spanish,v1
4f1cbf244adb,Spanish,v1
4f524af45e30,Spanish,v1
4f5efd606221,Spanish,v1
4f6457eb190e,Spanish,v1
4f8c281ecd81,Spanish,v1
5044f351c01f,Spanish,v1
50609b181614,Spanish,v1
507f2bfaddcc,Spanish,v1
50fdccfb1891,Spanish,v1
512018e4b670,Spanish,v1
5120edad4c99,Spanish,v1
519c42d73b02,Spanish,v1
51e28189c9d0,Spanish,v1
5268b84a6948,Spanish,v1
52c3b55e29a6,Spanish,v1
533f8aeb1f13,Spanish,v1
535a43ed5f6c,Spanish,v1
536770ec7d01,Spanish,v1
538295dd1cc1,Spanish,v1
5390f9e444bc,Spanish,v1
542d5bf23f3e,Spanish,v1
548d34245649,Spanish,v1
54987b876f2a,Spanish,v1
54f981c3f69d,Spanish,v1
552aa120255f,Spanish,v1
555b65ff0b32,Spanish,v1
558b7308b51f,Spanish,v1
55a546c0886d,Spanish,v1
565848d424b6,Spanish,v1
566014fe1472,Spanish,v1
566065ba27e3,Spanish,v1
56a94c18bdd6,Spanish,v1
56d210ca8ced,Spanish,v1
56e476735a0f,Spanish,v1
56ff2ae9af25,Spanish,v1
573843e5bd1e,Spanish,v1
573966264c78,Spanish,v1
573e6c215f14,Spanish,v1
57550ec17795,Spanish,v1
57bcca8ebb97,Spanish,v1
57d1fbeee6f3,Spanish,v1
57d5e7a9a479,Spanish,v1
5804605991cf,Spanish,v1
5858420214d9,Spanish,v1
586bdb9819b7,Spanish,v1
58aa5ef80922,Spanish,v1
58bd15dd3b17,Spanish,v1
58e3ec0e8efa,Spanish,v1
58f58e00440b,Spanish,v1
591ef6450265,Spanish,v1
592682b186a6,Spanish,v1
5952f7857809,Spanish,v1
5969c82a3eb7,Spanish,v1
59829190fdf2,Spanish,v1
598560d91722,Spanish,v1
5a37c2627cfe,Spanish,v1
5a525086d92f,Spanish,v1
5a7498cf5cbc,Spanish,v1
5a7576901649,Spanish,v1
5a96e7702cb0,Spanish,v1
5af71ce15ba4,Spanish,v1
5b35eba5a9c4,Spanish,v1
5bee27c5f88a,Spanish,v1
5bfad0d03abe,Spanish,v1
5c0d66283a45,Spanish,v1
5c9a4a964857,Spanish,v1
5c9ef20917c1,Spanish,v1
5cb012353434,Spanish,v1
5cd4dbfb17c4,Spanish,v1
5cef985e56f4,Spanish,v1
5d68d7d36dbf,Spanish,v1
5d6dec41a134,Spanish,v1
5d9998ca383d,Spanish,v1
5e21d7487e2e,Spanish,v1
5e4e11b7a1b0,Spanish,v1
5e65b3f3ebf6,Spanish,v1
5e8b19f7609f,Spanish,v1
5ea0c636563a,Spanish,v1
5eb579d50f61,Spanish,v1
5f11954d95d6,Spanish,v1
5f3b1a98a0c9,Spanish,v1
5f526d3090fc,Spanish,v1
5f53f39e9f4e,Spanish,v1
5f587b32486e,Spanish,v1
5f7ccd4c3ba5,Spanish,v1
5f8aae4275b4,Spanish,v1
5fceb0b65f8e,Spanish,v1
5fe4874309e2,Spanish,v1
6009b77e7f5b,Spanish,v1
600c9c7af56c,Spanish,v1
6046a01863f9,Spanish,v1
605cd2a13361,Spanish,v1
608a0ccab9c1,Spanish,v1
6091610a4330,Spanish,v1
613314d063bd,Spanish,v1
61529bc12cc7,Spanish,v1
618a37c419d0,Spanish,v1
618f68ebe821,Spanish,v1
622409064ef4,Spanish,v1
626dfbcaff20,Spanish,v1
627a8412493d,Spanish,v1
628e143864d2,Spanish,v1
6312454c1ad8,Spanish,v1
635d61ff66d8,Spanish,v1
637783960fda,Spanish,v1
63b482be7696,Spanish,v1
63ba58c33223,Spanish,v1
6439f990b011,Spanish,v1
6491eceed718,Spanish,v1
649a37936305,Spanish,v1
65a44749bd95,Spanish,v1
65d0ed23a3a4,Spanish,v1
65d262ea31f5,Spanish,v1
662f81114f99,Spanish,v1
6650942ea6ea,Spanish,v1
666e7971b1a5,Spanish,v1
667ce8497a5f,Spanish,v1
6695107cea34,Spanish,v1
66c4ad0769aa,Spanish,v1
67137155144d,Spanish,v1
6716d6bbff62,Spanish,v1
6729a0cd9307,Spanish,v1
67383a06b253,Spanish,v1
6749a24e3079,Spanish,v1
674c5db7c145,Spanish,v1
679187568683,Spanish,v1
67b76b55b585,Spanish,v1
67bc1b1311b4,Spanish,v1
67e2bbaedc66,Spanish,v1
680eb65432dc,Spanish,v1
685101263c25,Spanish,v1
6863d38c2d07,Spanish,v1
6881c4372f8a,Spanish,v1
68fd964afd09,Spanish,v1
69021f582f06,Spanish,v1
6916bbbe9f24,Spanish,v1
691f9dbcafab,Spanish,v1
691fe5ddb951,Spanish,v1
6921ec0847ed,Spanish,v1
6935b7fc6aef,Spanish,v1
695a2528e0f0,Spanish,v1
69fe1235d290,Spanish,v1
6a4edfd40e68,Spanish,v1
6a69fced0269,Spanish,v1
6a96577d2770,Spanish,v1
6b55c36f3989,Spanish,v1
6b65c7c3b3ef,Spanish,v1
6b9263923d4f,Spanish,v1
6c24ed94d0ba,Spanish,v1
6c3f6488d293,Spanish,v1
6c4e1033a6f4,Spanish,v1
6c911cdfc79b,Spanish,v1
6c99e1a0bd00,Spanish,v1
6c9cb7899305,Spanish,v1
6c9e53f7f4ef,Spanish,v1
6cbe5937faf9,Spanish,v1
6cc68e6752b9,Spanish,v1
6cd6ee7f10bd,Spanish,v1
6cf9e8114e66,Spanish,v1
6d2bcdd6f526,Spanish,v1
6d7f82ed82f8,Spanish,v1
6e228243d03f,Spanish,v1
6e32a879a2b6,Spanish,v1
6e8817a099fc,Spanish,v1
6ef03228368d,Spanish,v1
6fe86a915960,Spanish,v1
7037462b3440,Spanish,v1
70c15978d565,Spanish,v1
70ce2863d110,Spanish,v1
70e576a65f54,Spanish,v1
70f88c68bbf5,Spanish,v1
712a05510899,Spanish,v1
719105037cd3,Spanish,v1
71937764deb6,Spanish,v1
7205b06dde9e,Spanish,v1
720fc1e8e8b0,Spanish,v1
7217147bd0ff,Spanish,v1
72481892be9f,Spanish,v1
7298a75fed0e,Spanish,v1
730e17119e5d,Spanish,v1
73b8bad21088,Spanish,v1
74608a18e8e4,Spanish,v1
7465cb41b2c1,Spanish,v1
74be8d7a0437,Spanish,v1
7520eba1ff7b,Spanish,v1
753a1bd5c882,Spanish,v1
7561a5acc372,Spanish,v1
756b9018a551,Spanish,v1
75c9dbc84410,Spanish,v1
76087f2004aa,Spanish,v1
762d794c4fbc,Spanish,v1
7646c844148c,Spanish,v1
76a41fe32942,Spanish,v1
76c65e1b6c3a,Spanish,v1
771f85a17fcb,Spanish,v1
77915eb2aee4,Spanish,v1
77aaa1392818,Spanish,v1
7809d4fe159d,Spanish,v1
782bc1dc9626,Spanish,v1
78b3dbf30200,Spanish,v1
78b3feb46881,Spanish,v1
78f475e11377,Spanish,v1
790be084108d,Spanish,v1
793e692bb495,Spanish,v1
7941b981e189,Spanish,v1
7952b8c1a3a5,Spanish,v1
797bfbba2242,Spanish,v1
79c401a5c308,Spanish,v1
7a0081c16d9f,Spanish,v1
7a1cfeff21d5,Spanish,v1
7a5f44d8d69d,Spanish,v1
7a65d39df1c5,Spanish,v1
7a6ddaad47bb,Spanish,v1
7a7dab29bc17,Spanish,v1
7b1eecba6057,Spanish,v1
7b41c71f72b3,Spanish,v1
7b6725641439,Spanish,v1
7bd19fcf3cfa,Spanish,v1
7ca5b1d9e37f,Spanish,v1
7cbabccbbd74,Spanish,v1
7cbc83c55799,Spanish,v1
7cd7675ea731,Spanish,v1
7cd81c1cedbc,Spanish,v1
7ce830d64919,Spanish,v1
7d04167f1e95,Spanish,v1
7d102248f6ed,Spanish,v1
7d42365ec542,Spanish,v1
7d58df5a9148,Spanish,v1
7d7d7dd617bf,Spanish,v1
7d88570c0518,Spanish,v1
7d8ef9d618c4,Spanish,v1
7d9370b38112,Spanish,v1
7d9e9ebb75e8,Spanish,v1
7db0f19f99c4,Spanish,v1
7dcca471d88b,Spanish,v1
7decc9eebcb2,Spanish,v1
7e4fea5057a2,Spanish,v1
7e62b0c9182e,Spanish,v1
7e6d7186811b,Spanish,v1
7eb0525767e1,Spanish,v1
7ee3b09b8ecf,Spanish,v1
7f2a79d2876a,Spanish,v1
7f5783a9735d,Spanish,v1
7f5a40c9c463,Spanish,v1
7f6183ceb4db,Spanish,v1
7f7d72c5ec10,Spanish,v1
7f927bb8fcab,Spanish,v1
7ff12400b9f6,Spanish,v1
80099afc12f8,Spanish,v1
80448aa9421f,Spanish,v1
8066e0f720f1,Spanish,v1
809306d0866c,Spanish,v1
80ad201aa8cf,Spanish,v1
80c8c630d305,Spanish,v1
80e2987ded61,Spanish,v1
810b3b6725a6,Spanish,v1
814c326dbf2d,Spanish,v1
8151bb57be3e,Spanish,v1
817b33c4e195,Spanish,v1
822956e2ebde,Spanish,v1
824fac26ef86,Spanish,v1
82557e0275c4,Spanish,v1
8298f5a136dd,Spanish,v1
82b630c8ef69,Spanish,v1
82bbe02beb1c,Spanish,v1
82f51280bea1,Spanish,v1
839a27087ef6,Spanish,v1
839f912ebc05,Spanish,v1
83bce99b745a,Spanish,v1
84341a8e0b7e,Spanish,v1
84939de291ed,Spanish,v1
8515b9337673,Spanish,v1
851cf3b82b01,Spanish,v1
85712e24ea1a,Spanish,v1
85d2f69e7025,Spanish,v1
8606c93e8215,Spanish,v1
8615c2d14f34,Spanish,v1
864848d53820,Spanish,v1
86589ef84d58,Spanish,v1
866fdeb1a0de,Spanish,v1
868583471b48,Spanish,v1
86a83f0827ac,Spanish,v1
874ab9c8c13c,Spanish,v1
87592a2a6465,Spanish,v1
875ddd21c83a,Spanish,v1
877f45c963ca,Spanish,v1
87f5ad4d1e03,Spanish,v1
883becdeb2ac,Spanish,v1
88798bf22b1d,Spanish,v1
887c031b831d,Spanish,v1
889b4a2620af,Spanish,v1
88d62e8e059f,Spanish,v1
88e3815baa87,Spanish,v1
89738eae7ba7,Spanish,v1
898bdb72ffa7,Spanish,v1
8a74e17e6243,Spanish,v1
8adfd0f355e9,Spanish,v1
8b1e864a8753,Spanish,v1
8b58df4b6959,Spanish,v1
8b5e8d22c93a,Spanish,v1
8b7b2f1ccb13,Spanish,v1
8c55a7380118,Spanish,v1
8cadaabfc46b,Spanish,v1
8cbaa78b7f53,Spanish,v1
8cc3e6296d4b,Spanish,v1
8d209885c75b,Spanish,v1
8defdff024fe,Spanish,v1
8e550e7fc89a,Spanish,v1
8e58449c3754,Spanish,v1
8e5b3257d1da,Spanish,v1
8e6184172115,Spanish,v1
8f17e48d5f7e,Spanish,v1
8f22a38fba39,Spanish,v1
8f8014dd3ca2,Spanish,v1
8fb35ab03ccb,Spanish,v1
8fba22e0d099,Spanish,v1
8fd38bd038b5,Spanish,v1
8fda8f0e5106,Spanish,v1
902fa97f667e,Spanish,v1
9034f08998f0,Spanish,v1
9073c17379d1,Spanish,v1
90a9c5ed7580,Spanish,v1
90b569f486eb,Spanish,v1
90eb8eb3336a,Spanish,v1
90f9b9d9f534,Spanish,v1
91098e83c5d9,Spanish,v1
91aba0850082,Spanish,v1
91e3a0609285,Spanish,v1
91eb0e40a414,Spanish,v1
91f1d0aea4de,Spanish,v1
9205d99e1575,Spanish,v1
920726b4a7d0,Spanish,v1
9213dfcc43bb,Spanish,v1
923ea915bfb1,Spanish,v1
924d9c35fc08,Spanish,v1
9282aea69349,Spanish,v1
9293ff00b6ee,Spanish,v1
92b37813436b,Spanish,v1
92c906ae713f,Spanish,v1
92d7b0a9f8fc,Spanish,v1
930b60a9ec31,Spanish,v1
932b8454df7d,Spanish,v1
9345677b0964,Spanish,v1
93793a5c59bd,Spanish,v1
93b56b2abdba,Spanish,v1
93ec90685c9f,Spanish,v1
9495fff13123,Spanish,v1
94b7a86b0c3f,Spanish,v1
95475686c6e8,Spanish,v1
96045bc947b3,Spanish,v1
963a564234a7,Spanish,v1
969fcebd33ec,Spanish,v1
96bf8e4f69fa,Spanish,v1
96cae25a3eb7,Spanish,v1
970c5e6500df,Spanish,v1
9716f9eb2deb,Spanish,v1
97727500e60a,Spanish,v1
9802841c02ed,Spanish,v1
991321e4e058,Spanish,v1
995ce800305d,Spanish,v1
996db8423a02,Spanish,v1
99af89ba8f3b,Spanish,v1
99d748af0cc0,Spanish,v1
9a3341e384e1,Spanish,v1
9a84005c901c,Spanish,v1
9a9909a709cd,Spanish,v1
9b0075cc6b91,Spanish,v1
9b2ccbb84f4f,Spanish,v1
9b97805bcedb,Spanish,v1
9bd58a2b1cf7,Spanish,v1
9c3257084b94,Spanish,v1
9c3fdfa26e1c,Spanish,v1
9c4d5250b5f7,Spanish,v1
9c5018bb02d2,Spanish,v1
9c6992dafeae,Spanish,v1
9c79fc78d797,Spanish,v1
9c7a3cc59688,Spanish,v1
9c7d2b9f7321,Spanish,v1
9c9245ec7777,Spanish,v1
9cd63af1ae81,Spanish,v1
9ceba850c5ea,Spanish,v1
9d01e11966f7,Spanish,v1
9d06a9320c10,Spanish,v1
9d13da642c1d,Spanish,v1
9d1a7452fdbf,Spanish,v1
9d46ea5d0c26,Spanish,v1
9d5222baadcf,Spanish,v1
9d7b24a63bc5,Spanish,v1
9d8a3f92a7aa,Spanish,v1
9de723d55df3,Spanish,v1
9deb9afea846,Spanish,v1
9e43124c2957,Spanish,v1
9e4727f44f04,Spanish,v1
9e9bfc052bc8,Spanish,v1
9ec54a2a09b9,Spanish,v1
9f55b7f98d0c,Spanish,v1
9fc2d4ba36e4,Spanish,v1
a02ba6b93372,Spanish,v1
a09ce3b9b833,Spanish,v1
a1115850bcb8,Spanish,v1
a12387bc1be3,Spanish,v1
a141cef8bfb9,Spanish,v1
a14634aae815,Spanish,v1
a174371a71b0,Spanish,v1
a1956d73d403,Spanish,v1
a1a62d5f08bb,Spanish,v1
a1d0263d7fc6,Spanish,v1
a26eecc89b56,Spanish,v1
a2818f285f14,Spanish,v1
a290cd939a2a,Spanish,v1
a2c0b868550c,Spanish,v1
a2dc998af660,Spanish,v1
a2e7a4a72fef,Spanish,v1
a2e8cb3c1302,Spanish,v1
a3230ca2cb01,Spanish,v1
a362578e8741,Spanish,v1
a3974ac773a5,Spanish,v1
a3ac0cb9e730,Spanish,v1
a3bac8f5fb85,Spanish,v1
a426c732d67b,Spanish,v1
a47a460d4806,Spanish,v1
a4a8889cb093,Spanish,v1
a4eaf81f7214,Spanish,v1
a4fc719bf1be,Spanish,v1
a532a4c4e4d8,Spanish,v1
a57647c83ab8,Spanish,v1
a57bd1493638,Spanish,v1
a59fcec78cc4,Spanish,v1
a5a1de8d5d8f,Spanish,v1
a5b1e565a5b6,Spanish,v1
a5c1cc164391,Spanish,v1
a5d221da4a61,Spanish,v1
a5f1f43e9efd,Spanish,v1
a6249c3b6b96,Spanish,v1
a636e0ce8fc1,Spanish,v1
a6569a9c9d2e,Spanish,v1
a6642232899b,Spanish,v1
a690b42ae9b2,Spanish,v1
a6a51804742e,Spanish,v1
a741d3529eec,Spanish,v1
a77977d188c4,Spanish,v1
a88b0cc13301,Spanish,v1
a8b6c91e103d,Spanish,v1
a8bb402a432a,Spanish,v1
a8fd097f45d7,Spanish,v1
a9082d58a6cb,Spanish,v1
a91744e541a0,Spanish,v1
a91a9f9618e7,Spanish,v1
a99da951150b,Spanish,v1
a9cd5c5c51c2,Spanish,v1
a9cf96884101,Spanish,v1
aa3c30618eac,Spanish,v1
aa3ef1ca5118,Spanish,v1
aa4c1039726b,Spanish,v1
aa5cfb011785,Spanish,v1
aae2ac12b8a1,Spanish,v1
aafc94db1e25,Spanish,v1
ab58aac073e8,Spanish,v1
ab8260e04552,Spanish,v1
abc4a73d789d,Spanish,v1
abfde777018e,Spanish,v1
ac246d82f8be,Spanish,v1
ac39351233b0,Spanish,v1
ac776a91e1b9,Spanish,v1
aca214bbd428,Spanish,v1
acb3b8186493,Spanish,v1
acbc06e17a31,Spanish,v1
acf5c6560459,Spanish,v1
ad0d0436a635,Spanish,v1
ad2009457cac,Spanish,v1
ad8af9706def,Spanish,v1
ad94b6ca4670,Spanish,v1
adc62f73647f,Spanish,v1
adcc6e0b89df,Spanish,v1
ae274c7b9001,Spanish,v1
ae3786c10d54,Spanish,v1
aeaaa7badeb4,Spanish,v1
aee16c067335,Spanish,v1
af0e5c149be0,Spanish,v1
af2bff13e52d,Spanish,v1
af3bc59a1828,Spanish,v1
af73974dfb5f,Spanish,v1
afa37845925d,Spanish,v1
afd7d41bb0db,Spanish,v1
afe7c6a18d07,Spanish,v1
b094ff31751a,Spanish,v1
b0b6de8acc5e,Spanish,v1
b0e5890f08d5,Spanish,v1
b129f19d0af2,Spanish,v1
b141a6d1398e,Spanish,v1
b19d1b8bc21d,Spanish,v1
b1c6ff87f7cd,Spanish,v1
b2022f4b0cd7,Spanish,v1
b214fc588e5a,Spanish,v1
b2273e7bc4a0,Spanish,v1
b25d4c10e8d8,Spanish,v1
b2635e9a6a7f,Spanish,v1
b27e9e47b8fb,Spanish,v1
b2a2775276c6,Spanish,v1
b2a81bc4bdcf,Spanish,v1
b2b053c989b4,Spanish,v1
b2e0b64be27c,Spanish,v1
b2f3c3ce9f2a,Spanish,v1
b307cd1e0085,Spanish,v1
b31b4c04a6a6,Spanish,v1
b3c0e6b6e9a1,Spanish,v1
b3c878da29b3,Spanish,v1
b411ca13f4a1,Spanish,v1
b424878ca440,Spanish,v1
b4ee5ceb484c,Spanish,v1
b51f479e47e6,Spanish,v1
b54b6c4603bf,Spanish,v1
b57b7afe9499,Spanish,v1
b5f02b72f3e0,Spanish,v1
b618739dda80,Spanish,v1
b619d81574ce,Spanish,v1
b6447f6aca25,Spanish,v1
b664096fd396,Spanish,v1
b6711f708f82,Spanish,v1
b6aec3dd7f39,Spanish,v1
b71b48b68419,Spanish,v1
b742052b3783,Spanish,v1
b779de6d1c61,Spanish,v1
b77be2af25f5,Spanish,v1
b7d2163f0f3d,Spanish,v1
b7ed444bfe49,Spanish,v1
b810be78aa76,Spanish,v1
b888ab5fa73e,Spanish,v1
b8f4fe31551a,Spanish,v1
b8f629c969bb,Spanish,v1
b94a953eb128,Spanish,v1
b9560b285146,Spanish,v1
b9644585b28c,Spanish,v1
b97b1f3ab1ee,Spanish,v1
b9f74543e0a3,Spanish,v1
ba633b7960a9,Spanish,v1
ba65623de66c,Spanish,v1
baaa2fdf68b4,Spanish,v1
babfde6d3412,Spanish,v1
bae2bd10c40f,Spanish,v1
baeaf1552f27,Spanish,v1
bb33b846c2c5,Spanish,v1
bb43b2c76c87,Spanish,v1
bb994c5bd396,Spanish,v1
bc1dee482f04,Spanish,v1
bc23c504be66,Spanish,v1
bcb32a25466f,Spanish,v1
bd3834c92d2b,Spanish,v1
bd72935f5518,Spanish,v1
bdc0d2b7501c,Spanish,v1
bdc7e2e1dce1,Spanish,v1
bdce04ceb108,Spanish,v1
be1030057619,Spanish,v1
be2290c9b620,Spanish,v1
be2473df979a,Spanish,v1
bea69498fbd0,Spanish,v1
bebf0fad32f7,Spanish,v1
bef4069fd2da,Spanish,v1
bef69be61162,Spanish,v1
befd38dd27f0,Spanish,v1
bf11ef5edebb,Spanish,v1
bf22bd88e84f,Spanish,v1
bf5b084d5edd,Spanish,v1
c07a41679f4b,Spanish,v1
c0c65ce10f8a,Spanish,v1
c0ebc8b6e977,Spanish,v1
c102a05bc7bd,Spanish,v1
c104e6dc7c09,Spanish,v1
c157e0120f71,Spanish,v1
c17649e72675,Spanish,v1
c1c4a8254e3e,Spanish,v1
c1d4b4c60b81,Spanish,v1
c24b23e10ab0,Spanish,v1
c2f0b78bdd17,Spanish,v1
c30ddc5d3f63,Spanish,v1
c31a9704f3b8,Spanish,v1
c32ff785b9e9,Spanish,v1
c336a1971655,Spanish,v1
c3562e2d9349,Spanish,v1
c373d2c7fef7,Spanish,v1
c37c0528b4bd,Spanish,v1
c4008a395ed9,Spanish,v1
c4014967c5a8,Spanish,v1
c494e85241dd,Spanish,v1
c4aec67a23b2,Spanish,v1
c4b3d829b70c,Spanish,v1
c4b98a94949a,Spanish,v1
c4d5bca077ba,Spanish,v1
c51d4492a83b,Spanish,v1
c55a4293df3e,Spanish,v1
c57891ad82ed,Spanish,v1
c5850b168b1b,Spanish,v1
c5a3d211e7ae,Spanish,v1
c5ab76d9c28f,Spanish,v1
c5dfb4aa881b,Spanish,v1
c5e71c53cc98,Spanish,v1
c6b6dd92e42a,Spanish,v1
c6eedaa8be95,Spanish,v1
c70fc546cae1,Spanish,v1
c779e342fd14,Spanish,v1
c794cc690e6b,Spanish,v1
c7ac43e9ee49,Spanish,v1
c802a23c8e42,Spanish,v1
c821037c2495,Spanish,v1
c873b5d50419,Spanish,v1
c87ec7e92f39,Spanish,v1
c91427640882,Spanish,v1
c91439ec4b27,Spanish,v1
c96c06858c0e,Spanish,v1
c9ea75e2113a,Spanish,v1
c9ebcba1ba34,Spanish,v1
c9f50d22d8bb,Spanish,v1
c9fd45da3964,Spanish,v1
ca4753c64539,Spanish,v1
ca554e8748d9,Spanish,v1
ca80d27637a1,Spanish,v1
caaa97d9df38,Spanish,v1
caf3b8eaa366,Spanish,v1
cafa8a84785e,Spanish,v1
cb06ed18a45f,Spanish,v1
cb0f573492bd,Spanish,v1
cb4ac043c9a2,Spanish,v1
cb52036d2ba0,Spanish,v1
cb5279bccac6,Spanish,v1
cb75e0242283,Spanish,v1
cbda5ff38227,Spanish,v1
cc1f59f41f51,Spanish,v1
cc350246cf6e,Spanish,v1
cc43888d2b0f,Spanish,v1
cc44be011fc8,Spanish,v1
cc831ab48d9d,Spanish,v1
ccc7d41b56b4,Spanish,v1
cd237f294dba,Spanish,v1
cd29ce6cd432,Spanish,v1
cd5c01dd37cb,Spanish,v1
cd6b50518b1b,Spanish,v1
cd8f0a22aab9,Spanish,v1
cdf6830413ff,Spanish,v1
ce61e3561d3b,Spanish,v1
ce9e71da80de,Spanish,v1
cea92821b22a,Spanish,v1
cf027211d091,Spanish,v1
cf1e2d9e5c95,Spanish,v1
cf572fa998a1,Spanish,v1
cf7ef4f07578,Spanish,v1
cf8a9ac2cbfb,Spanish,v1
cfc17091b6cf,Spanish,v1
cfe952f9994f,Spanish,v1
d03b0a77cb71,Spanish,v1
d06dc2279e56,Spanish,v1
d082e0a9ebc0,Spanish,v1
d0bceaecaaae,Spanish,v1
d0d71c3f7dc1,Spanish,v1
d15954e0f85c,Spanish,v1
d160747fc117,Spanish,v1
d1708ab4ac5b,Spanish,v1
d17355b0878f,Spanish,v1
d1907c132530,Spanish,v1
d1939489a003,Spanish,v1
d198e5adc768,Spanish,v1
d1a4e92e9378,Spanish,v1
d1c4e8d8c4d7,Spanish,v1
d1ca95b614c6,Spanish,v1
d1cdd2427eda,Spanish,v1
d1f867f3ce0d,Spanish,v1
d236968734b7,Spanish,v1
d244ebba0a52,Spanish,v1
d2b935343ccf,Spanish,v1
d324748a5ef2,Spanish,v1
d3318d268aa5,Spanish,v1
d345c9071887,Spanish,v1
d34943bfdf8b,Spanish,v1
d3864482b1cc,Spanish,v1
d395c2b6bb31,Spanish,v1
d3b7d49f9133,Spanish,v1
d3ddd0715e63,Spanish,v1
d40966e0b7a4,Spanish,v1
d40c929ddf9e,Spanish,v1
d4b0a5904697,Spanish,v1
d4f5ff676133,Spanish,v1
d502ce7c5ddb,Spanish,v1
d665167a9732,Spanish,v1
d69c12fc58e3,Spanish,v1
d6dc83117e62,Spanish,v1
d6f1371a11b5,Spanish,v1
d70599256661,Spanish,v1
d73e8ff5d70d,Spanish,v1
d751422bce52,Spanish,v1
d78b203a7cef,Spanish,v1
d7dd07913041,Spanish,v1
d81df2cad7fc,Spanish,v1
d881a73f0891,Spanish,v1
d886bb9194e9,Spanish,v1
d8b710015e75,Spanish,v1
d8cb2af5b5b7,Spanish,v1
d90b2bb09217,Spanish,v1
d948afba6543,Spanish,v1
d9f4bec66e38,Spanish,v1
da142d4a5117,Spanish,v1
da7d3bcb70fb,Spanish,v1
da9b3d0b79c7,Spanish,v1
dad67fee72e3,Spanish,v1
daef5948e6af,Spanish,v1
db2f6c12f2ac,Spanish,v1
db64856f9ace,Spanish,v1
db6e189427d5,Spanish,v1
dba0aa969b39,Spanish,v1
dbe2e350f093,Spanish,v1
dbe581eaf411,Spanish,v1
dc18e6c9c281,Spanish,v1
dc24421b28d3,Spanish,v1
dc32814ac7fb,Spanish,v1
dca09edeb442,Spanish,v1
dcc5db21a0ed,Spanish,v1
dcc6416eec45,Spanish,v1
dd16a0f184e1,Spanish,v1
de1a989d6968,Spanish,v1
de1ded63645a,Spanish,v1
de4012f900cf,Spanish,v1
de6086eb2be3,Spanish,v1
def3e194afc8,Spanish,v1
def53b6a796b,Spanish,v1
df07b2341410,Spanish,v1
df79cf3d1d84,Spanish,v1
df97388b8b59,Spanish,v1
df9baf4ae9b4,Spanish,v1
dfed16440fa7,Spanish,v1
e0631c168fc6,Spanish,v1
e06423c70b3e,Spanish,v1
e07197abcf03,Spanish,v1
e0759bd92787,Spanish,v1
e0938d4ee792,Spanish,v1
e09ac786b0cb,Spanish,v1
e14d780d7d43,Spanish,v1
e1a3c59b06d0,Spanish,v1
e1ada0b3526e,Spanish,v1
e1d352c8b6dc,Spanish,v1
e1e54a1ff1f5,Spanish,v1
e1e56ec111f7,Spanish,v1
e1f13dfde3bc,Spanish,v1
e23546b81515,Spanish,v1
e253e90e463e,Spanish,v1
e25d61d034aa,Spanish,v1
e2bde1255941,Spanish,v1
e2c9eb5825cb,Spanish,v1
e31831e73458,Spanish,v1
e322ca23cf78,Spanish,v1
e3ae191d4fd0,Spanish,v1
e4665a7137f2,Spanish,v1
e4bb3d69fa67,Spanish,v1
e5264ccf9bcc,Spanish,v1
e53901a426b6,Spanish,v1
e54fd550f83a,Spanish,v1
e5cd8f93170c,Spanish,v1
e5edc9cb3a93,Spanish,v1
e6181d811dab,Spanish,v1
e63ad6b19e6a,Spanish,v1
e641f51b066c,Spanish,v1
e685b0c1941c,Spanish,v1
e6b62393881a,Spanish,v1
e6f409ef9b75,Spanish,v1
e719d43df055,Spanish,v1
e74ceddc78c6,Spanish,v1
e774b802cdb6,Spanish,v1
e7a36fffd249,Spanish,v1
e7e6471d8d08,Spanish,v1
e7f80bee45fd,Spanish,v1
e80a36af12e5,Spanish,v1
e82096d4e3bc,Spanish,v1
e846935965c0,Spanish,v1
e86a9cdef117,Spanish,v1
e8adce6f57db,Spanish,v1
e8cd996ab9b0,Spanish,v1
e8d16804b787,Spanish,v1
e8f04698e92b,Spanish,v1
e900ff1f2554,Spanish,v1
e908b895cfdc,Spanish,v1
e97c2a96e445,Spanish,v1
e981043c5f84,Spanish,v1
e9900c755cc8,Spanish,v1
e9a672df4997,Spanish,v1
e9c7c306fde3,Spanish,v1
e9cf95343393,Spanish,v1
ea19a9b97add,Spanish,v1
ea632a43ed21,Spanish,v1
ea8450b3cca0,Spanish,v1
eabcd4d08636,Spanish,v1
eaf2c60a5a84,Spanish,v1
eb1740169607,Spanish,v1
eb396272d9a4,Spanish,v1
eb4807a8774d,Spanish,v1
eba15300ac71,Spanish,v1
ebb0abd50de4,Spanish,v1
ebd77a80a358,Spanish,v1
ebf63a1e9924,Spanish,v1
ec0808a120ca,Spanish,v1
ec1a34a77cca,Spanish,v1
ec5575cda85d,Spanish,v1
ec6510d8b6f2,Spanish,v1
ec9a0465994d,Spanish,v1
ecbabc3cee0c,Spanish,v1
ecc635d4b0e2,Spanish,v1
ecfe90bb1876,Spanish,v1
ed4f4f6f3045,Spanish,v1
ed5f7c488f83,Spanish,v1
ed727ba8f627,Spanish,v1
ed9ff7f912e4,Spanish,v1
ede539a89ef4,Spanish,v1
edec792c9b50,Spanish,v1
edfb20856421,Spanish,v1
ee812abbae17,Spanish,v1
ee9d47c348b7,Spanish,v1
eecee4198c0f,Spanish,v1
ef060dfe6b88,Spanish,v1
ef12e97985dd,Spanish,v1
ef3574401e61,Spanish,v1
ef3c1dfce67c,Spanish,v1
ef6587cba0cf,Spanish,v1
ef6a542e39a4,Spanish,v1
ef9f4e4bdb30,Spanish,v1
efa2a0117317,Spanish,v1
efbbf80fd44b,Spanish,v1
f03a13d8517f,Spanish,v1
f088ab89ff01,Spanish,v1
f09b02668c99,Spanish,v1
f09b18a53d8c,Spanish,v1
f0dbcdf1f67e,Spanish,v1
f11283a6845d,Spanish,v1
f14f1e38bd33,Spanish,v1
f17def181492,Spanish,v1
f19346cfa019,Spanish,v1
f196f2a726ed,Spanish,v1
f1aa82c69e44,Spanish,v1
f1d6da691d80,Spanish,v1
f20ce5585f2b,Spanish,v1
f21321abd593,Spanish,v1
f2540154103f,Spanish,v1
f2ba4d6f6eff,Spanish,v1
f2d9ee2f480b,Spanish,v1
f2d9fb7d4b26,Spanish,v1
f30ad0e1698d,Spanish,v1
f3266bd148e4,Spanish,v1
f34166954f03,Spanish,v1
f35294957acf,Spanish,v1
f368e7755fa9,Spanish,v1
f3715af00e54,Spanish,v1
f3a1ba2f693b,Spanish,v1
f4686af3b986,Spanish,v1
f480b4f24ed8,Spanish,v1
f483ae131fa8,Spanish,v1
f4b1d91c8719,Spanish,v1
f4ea24417e86,Spanish,v1
f4f453dc0b6d,Spanish,v1
f515ff1cdba3,Spanish,v1
f548a8c08e2b,Spanish,v1
f551cd0b668e,Spanish,v1
f5863c04b88e,Spanish,v1
f5a245a65843,Spanish,v1
f5c65447592e,Spanish,v1
f5e4e689d582,Spanish,v1
f61075c58c43,Spanish,v1
f612c9db65bf,Spanish,v1
f6167c66c4ef,Spanish,v1
f6195c2e45a8,Spanish,v1
f64c99d75b45,Spanish,v1
f64d330feb5a,Spanish,v1
f655c3640a9c,Spanish,v1
f696796581e3,Spanish,v1
f69be2a55113,Spanish,v1
f6f7def545ce,Spanish,v1
f6ffa029142b,Spanish,v1
f77d7d730827,Spanish,v1
f7a00d1f924f,Spanish,v1
f8326548cfaf,Spanish,v1
f846ecc165f0,Spanish,v1
f8568f28e13d,Spanish,v1
f8915ce811fa,Spanish,v1
f8a90db52737,Spanish,v1
f8df33a0bed7,Spanish,v1
f8fb272d309f,Spanish,v1
f90a785a914c,Spanish,v1
f9303dd76a7c,Spanish,v1
f98279ef0fbb,Spanish,v1
f9a08781f2e1,Spanish,v1
f9c6990c9ee3,Spanish,v1
f9c69cf01445,Spanish,v1
f9cf071cedbb,Spanish,v1
f9d6c94199a5,Spanish,v1
f9e0a0a060ed,Spanish,v1
f9e1e99d614e,Spanish,v1
fa203c8b7aaa,Spanish,v1
fa38dc8de452,Spanish,v1
fa43dffe7a35,Spanish,v1
fa61f37c486f,Spanish,v1
faaca385eab7,Spanish,v1
faf4cb082ebb,Spanish,v1
fb0e257304b9,Spanish,v1
fb0e60c91527,Spanish,v1
fb7dfffdbe45,Spanish,v1
fbacd5d9fac6,Spanish,v1
fc16229dd20d,Spanish,v1
fc5afa9539ce,Spanish,v1
fcf527dbf6de,Spanish,v1
fd114b1912b6,Spanish,v1
fd1c4099fa6b,Spanish,v1
fd66527a6032,Spanish,v1
fd6dddfbb46f,Spanish,v1
fd7db0dddc6e,Spanish,v1
fe3fb489daaa,Spanish,v1
fe86584fe632,Spanish,v1
fe9ae764a26c,Spanish,v1
fee9696650e5,Spanish,v1
ff4170cf835e,Spanish,v1
ff48f45207bd,Spanish,v1
ff7c2262aae0,Spanish,v1
ff9e11e9bb69,Spanish,v1
ffad7d7874ca,Spanish,v1
ffd4f038679e,Spanish,v1
ffdf9816cf1f,Spanish,v1
0083ec87957f,Spanish,v2
01ef5a3bd732,Spanish,v2
025cac964aaa,Spanish,v2
04cb2517ef64,Spanish,v2
084592c4a4fd,Spanish,v2
08850488608f,Spanish,v2
08914801c587,Spanish,v2
0982baceacfa,Spanish,v2
0a225e949939,Spanish,v2
0bdeeab02ee1,Spanish,v2
0c3fc97bd83c,Spanish,v2
0c78f2aad5e5,Spanish,v2
0d396bbbe637,Spanish,v2
0de98070fca2,Spanish,v2
0fc6850ce612,Spanish,v2
111ad7eb4be6,Spanish,v2
1195052a2705,Spanish,v2
11df55ab8edf,Spanish,v2
11ec968bc419,Spanish,v2
1244bca63bbc,Spanish,v2
13c2983256df,Spanish,v2
1478ba543589,Spanish,v2
14ddc19dbb75,Spanish,v2
178c78255064,Spanish,v2
19d1bcdf4a39,Spanish,v2
1c4da3d603d8,Spanish,v2
1c5abb23d689,Spanish,v2
1e773803af74,Spanish,v2
231d977ef5dd,Spanish,v2
25588123ba9f,Spanish,v2
2577c2e4cf9f,Spanish,v2
258089dc336d,Spanish,v2
288002336e77,Spanish,v2
28c40585786a,Spanish,v2
28cfc1df937a,Spanish,v2
2c38877ae17e,Spanish,v2
2f1d63920637,Spanish,v2
31b8761c2878,Spanish,v2
342348fe0966,Spanish,v2
34c6d4f5c12a,Spanish,v2
3507ac8c5023,Spanish,v2
3599f0b9b4e9,Spanish,v2
35e622501381,Spanish,v2
3699dffeee89,Spanish,v2
382454408be6,Spanish,v2
38d97281c545,Spanish,v2
3939c9b21a6d,Spanish,v2
3a57ba4e56f1,Spanish,v2
3e8a49119be2,Spanish,v2
406a00fa0c7d,Spanish,v2
40f8794ebb5b,Spanish,v2
425a85d298f2,Spanish,v2
4376945e63f5,Spanish,v2
43b3c1b09eef,Spanish,v2
445f8c30e657,Spanish,v2
452c08220fe8,Spanish,v2
45e7ecc8527a,Spanish,v2
472a699ace80,Spanish,v2
483cf6a54bf1,Spanish,v2
48ab8159f144,Spanish,v2
48b29e9b74b3,Spanish,v2
491ad6e259e6,Spanish,v2
49d32c03804c,Spanish,v2
4aeebdaf4511,Spanish,v2
4b71814a9e45,Spanish,v2
4cc91e57a91d,Spanish,v2
4d1e482c7da6,Spanish,v2
4f10e7ccb693,Spanish,v2
4f83816de195,Spanish,v2
4fd0ea8a5508,Spanish,v2
531a6927701a,Spanish,v2
5342526ca7e7,Spanish,v2
5356bf503569,Spanish,v2
53bf7d07b4fd,Spanish,v2
53c1984d329d,Spanish,v2
54a45c3fe833,Spanish,v2
556dae00d01f,Spanish,v2
5616952a922d,Spanish,v2
565cc8ae2e12,Spanish,v2
56c146535660,Spanish,v2
57564566869e,Spanish,v2
58003bf0152d,Spanish,v2
586c8274d40e,Spanish,v2
592ec0ca02ec,Spanish,v2
5b84761ac5e2,Spanish,v2
5c53de3124be,Spanish,v2
5f00e43eff17,Spanish,v2
5f86a3974516,Spanish,v2
605b9bd2c5b5,Spanish,v2
608f79704cbf,Spanish,v2
611baf67346f,Spanish,v2
627ca3a43260,Spanish,v2
64ad655a920c,Spanish,v2
64e5fa345723,Spanish,v2
65344d4569b3,Spanish,v2
6567fd8b98e1,Spanish,v2
65efccbd2ae4,Spanish,v2
66aee72311ce,Spanish,v2
6779fc6ca75c,Spanish,v2
67b4ab111644,Spanish,v2
6a18d4161c22,Spanish,v2
6a8a6553d37c,Spanish,v2
6ae499a69fef,Spanish,v2
6ae6862863cc,Spanish,v2
6d3883ec2cac,Spanish,v2
6eedeba579e8,Spanish,v2
702f81b87973,Spanish,v2
712e43e87c9d,Spanish,v2
722cc432eeac,Spanish,v2
72df70d7f7f2,Spanish,v2
72fd8e1853ee,Spanish,v2
73105f496c9d,Spanish,v2
735f4ace2178,Spanish,v2
74a39c4f60d3,Spanish,v2
77dfea4b3ab8,Spanish,v2
7869e67ffa0e,Spanish,v2
78d1eb495436,Spanish,v2
79ac5516fd24,Spanish,v2
7ab96e544cfe,Spanish,v2
7b247e90e35b,Spanish,v2
7cf32354723f,Spanish,v2
7d274d55a9fc,Spanish,v2
7ddd567fca0b,Spanish,v2
82e37a8b57e0,Spanish,v2
8483c94fc824,Spanish,v2
84f907fe90b6,Spanish,v2
8759feb68258,Spanish,v2
886c4de0e15e,Spanish,v2
88bf03d80863,Spanish,v2
8b06a10e13e1,Spanish,v2
8ba79bdd901a,Spanish,v2
8c0dd341c5ed,Spanish,v2
8cf5c750e3a9,Spanish,v2
8d99fc65f5d8,Spanish,v2
8db3a161dfe0,Spanish,v2
8dfd0b293cb4,Spanish,v2
8eb4ec93218c,Spanish,v2
8f94e95702e9,Spanish,v2
91ff28da6cfe,Spanish,v2
92d93d16ccf9,Spanish,v2
92ff5182ff53,Spanish,v2
946815b7a988,Spanish,v2
953e3cf164e2,Spanish,v2
95df82024399,Spanish,v2
987992302be3,Spanish,v2
99527ac5570a,Spanish,v2
9b8814417d9b,Spanish,v2
9bb0bde5b746,Spanish,v2
9bc3f350074c,Spanish,v2
9ca5279f044f,Spanish,v2
9d99509f5976,Spanish,v2
9ef3cc352336,Spanish,v2
9f2d3768beb5,Spanish,v2
9f690905e4e2,Spanish,v2
9fc9dc6b6c7d,Spanish,v2
9fcefbf202de,Spanish,v2
a21a9f65fe4f,Spanish,v2
a37a284274ee,Spanish,v2
a4038b45998a,Spanish,v2
a44cd0fb62fb,Spanish,v2
a5b8a3cf6303,Spanish,v2
a5dadd4e8d83,Spanish,v2
a5def76f53e2,Spanish,v2
a70e3fb62bc0,Spanish,v2
a805dfa3d789,Spanish,v2
adfaefbb4401,Spanish,v2
ae909a599460,Spanish,v2
aecb2e9b7409,Spanish,v2
b05d491de4b3,Spanish,v2
b12b524a7968,Spanish,v2
b259227734f4,Spanish,v2
b5eb6b5a548a,Spanish,v2
b61533160f33,Spanish,v2
b77211058cd3,English,v2
b9ff365f1be6,Spanish,v2
baa48a021da1,Spanish,v2
bb9ab96cf213,Spanish,v2
bdf1985b72f0,Spanish,v2
c026dd1c05cd,Spanish,v2
c137032f95d9,Spanish,v2
c3162b9d1443,Spanish,v2
c360da905665,Spanish,v2
c4257bd16a3d,Spanish,v2
c44634a0d0af,Spanish,v2
c6ddc37c2366,Spanish,v2
c7ce2d12156e,Spanish,v2
c9be207f9ad1,Spanish,v2
c9ea22770d07,Spanish,v2
c9eb3cfa60f9,Spanish,v2
ccc810f98941,Spanish,v2
cddce7294b5b,Spanish,v2
cf03288f22b4,Spanish,v2
cfa7562d8642,English,v2
cfa7562d8642,Spanish,v2
d254704c670d,Spanish,v2
d25bcb376566,Spanish,v2
d2892eaa1607,Spanish,v2
d290da81e8e7,Spanish,v2
d4bf3a47f65a,Spanish,v2
d58fd4a48a69,Spanish,v2
d72beab625fc,Spanish,v2
d9a9782ccb46,Spanish,v2
d9bfd492b47c,Spanish,v2
db789f9ca2ec,Spanish,v2
db7bf73021d3,Spanish,v2
dc6642edcd75,Spanish,v2
dd91d1e52f04,Spanish,v2
dddc6142ec46,Spanish,v2
dfb6813d4952,Spanish,v2
e0698cb52450,Spanish,v2
e26ac75b73cf,Spanish,v2
e2f825d75a6a,Spanish,v2
e321fc2db3fa,Spanish,v2
e51aa2d7b4dc,Spanish,v2
e61e18e8a539,Spanish,v2
e86e2bb226cd,Spanish,v2
e9007fba3801,Spanish,v2
e9351eb195d7,Spanish,v2
ea679c40c481,Spanish,v2
ea6ec746a9f3,Spanish,v2
eb43d61f1fa6,Spanish,v2
ec68f78b1ef2,Spanish,v2
ec87239959ff,Spanish,v2
ed77d995c4dd,Spanish,v2
ee97c8efb32c,Spanish,v2
f182c9674a6f,Spanish,v2
f19c866c9fd5,English,v2
f1b26038f401,Spanish,v2
f3141ba1bdbf,Spanish,v2
f6955c0ddf09,Spanish,v2
f75b72879f1a,Spanish,v2
f92f97820aa4,Spanish,v2
f9dabca94541,Spanish,v2
fbd40694fd86,Spanish,v2
fc2b2710562a,Spanish,v2
fd7d78747649,Spanish,v2
ff8aba8d2fcd,Spanish,v2
