week,cluster_id,user_id,n
2026-03-23,0,7205b06dde9e,1
2026-03-23,1,1c4cccd51f1e,1
2026-03-23,1,40cbebbd504b,3
2026-03-23,1,573843e5bd1e,3
2026-03-23,1,782bc1dc9626,2
2026-03-23,1,bcb32a25466f,1
2026-03-23,1,d198e5adc768,1
2026-03-23,1,ebf63a1e9924,4
2026-03-23,1,f90a785a914c,1
2026-03-23,2,25f72e684000,1
2026-03-23,2,2b0c382722d0,3
2026-03-23,2,2be96f37218b,1
2026-03-23,2,4a9224ec0d8e,8
2026-03-23,2,4c27be02ace9,2
2026-03-23,2,5804605991cf,2
2026-03-23,2,6863d38c2d07,5
2026-03-23,2,851cf3b82b01,4
2026-03-23,2,8c55a7380118,9
2026-03-23,2,a5a1de8d5d8f,12
2026-03-23,2,e80a36af12e5,2
2026-03-23,3,02764a615e66,1
2026-03-23,3,46030f16eeeb,6
2026-03-23,3,9c79fc78d797,2
2026-03-23,3,bc23c504be66,1
2026-03-23,3,d34943bfdf8b,2
2026-03-23,3,df79cf3d1d84,1
2026-03-23,4,8515b9337673,2
2026-03-23,5,0fb335dc5958,5
2026-03-23,5,6650942ea6ea,6
2026-03-23,5,67137155144d,16
2026-03-23,5,8e5b3257d1da,8
2026-03-23,5,8f22a38fba39,1
2026-03-23,5,8f8014dd3ca2,3
2026-03-23,5,a26eecc89b56,9
2026-03-23,5,a6642232899b,4
2026-03-23,5,cf1e2d9e5c95,14
2026-04-06,0,456b1a830844,3
2026-04-06,2,970c5e6500df,3
2026-04-06,2,acf5c6560459,1
2026-04-06,2,b742052b3783,4
2026-04-06,3,ae3786c10d54,2
2026-04-06,3,c30ddc5d3f63,4
2026-04-06,4,205f6c912237,1
2026-04-06,5,0556605b2d5c,6
2026-04-06,5,07fdee5981cb,2
2026-04-06,5,41662a74fa3e,10
2026-04-06,5,4b8af1d9e6e6,4
2026-04-06,5,4dbeb691b609,6
2026-04-06,5,50fdccfb1891,12
2026-04-06,5,691fe5ddb951,1
2026-04-06,5,719105037cd3,17
2026-04-06,5,aa5cfb011785,6
2026-04-06,5,f2d9ee2f480b,5
2026-04-13,0,32fdecd17449,4
2026-04-13,0,6695107cea34,2
2026-04-13,0,ad0d0436a635,1
2026-04-13,1,0a2869cfe664,2
2026-04-13,1,26c37c7c3dcf,5
2026-04-13,1,a741d3529eec,1
2026-04-13,1,b4ee5ceb484c,2
2026-04-13,2,046a939f1579,7
2026-04-13,2,24e2b3678d0d,3
2026-04-13,2,4dc5923f9d21,3
2026-04-13,2,9fc2d4ba36e4,7
2026-04-13,2,a2e7a4a72fef,1
2026-04-13,2,bd72935f5518,1
2026-04-13,2,c70fc546cae1,2
2026-04-13,2,d1ca95b614c6,2
2026-04-13,3,9ec54a2a09b9,6
2026-04-13,4,11e3b5c0ff75,1
2026-04-13,4,33d504e8d4d9,1
2026-04-13,4,591ef6450265,1
2026-04-13,4,7f5783a9735d,1
2026-04-13,4,c0ebc8b6e977,1
2026-04-13,4,e1e54a1ff1f5,2
2026-04-13,5,0556605b2d5c,1
2026-04-13,5,16dd8b39b4ea,3
2026-04-13,5,21d253a16688,4
2026-04-13,5,41662a74fa3e,5
2026-04-13,5,4c5d5996085f,6
2026-04-13,5,b71b48b68419,4
2026-04-13,5,f8df33a0bed7,3
2026-04-13,5,f9c69cf01445,2
2026-04-20,0,11d359d29a07,3
2026-04-20,0,ec1a34a77cca,3
2026-04-20,1,1848f211e243,2
2026-04-20,1,c779e342fd14,2
2026-04-20,1,e9900c755cc8,5
2026-04-20,2,057777824af7,1
2026-04-20,2,1e01c7d59f5c,2
2026-04-20,2,24e2b3678d0d,2
2026-04-20,2,3405af2b0ae0,4
2026-04-20,2,6a69fced0269,10
2026-04-20,2,9495fff13123,3
2026-04-20,2,e5edc9cb3a93,9
2026-04-20,3,1209a0c44415,2
2026-04-20,3,932b8454df7d,4
2026-04-20,3,b411ca13f4a1,2
2026-04-20,4,0809661b0bc4,2
2026-04-20,4,5cb012353434,3
2026-04-20,4,72481892be9f,3
2026-04-20,4,730e17119e5d,1
2026-04-20,4,77aaa1392818,3
2026-04-20,4,8a74e17e6243,2
2026-04-20,5,204861de9f07,1
2026-04-20,5,406b3e9a1228,5
2026-04-20,5,43f2bfa84b23,10
2026-04-20,5,4d0d805f41f7,13
2026-04-20,5,771f85a17fcb,3
2026-04-20,5,88d62e8e059f,5
2026-04-20,5,a5b1e565a5b6,3
2026-04-20,5,ae274c7b9001,1
2026-04-20,5,bc1dee482f04,4
2026-04-20,5,cf027211d091,2
2026-04-20,5,d3b7d49f9133,3
2026-04-20,5,d7dd07913041,2
2026-04-20,5,e6f409ef9b75,2
2026-04-20,5,e719d43df055,2
2026-04-20,5,ec0808a120ca,13
2026-04-20,5,f8df33a0bed7,3
2026-04-27,1,5858420214d9,1
2026-04-27,1,5ea0c636563a,1
2026-04-27,1,a3ac0cb9e730,1
2026-04-27,1,ab8260e04552,3
2026-04-27,1,c5850b168b1b,1
2026-04-27,1,f61075c58c43,1
2026-04-27,2,32be206e53e4,8
2026-04-27,2,6921ec0847ed,3
2026-04-27,2,6935b7fc6aef,1
2026-04-27,2,ebd77a80a358,2
2026-04-27,2,fd66527a6032,9
2026-04-27,3,40909d385fd7,1
2026-04-27,3,598560d91722,4
2026-04-27,3,aee16c067335,5
2026-04-27,4,753a1bd5c882,3
2026-04-27,4,7db0f19f99c4,1
2026-04-27,4,af2bff13e52d,2
2026-04-27,5,0af1b20e629c,6
2026-04-27,5,0b98d3009cee,25
2026-04-27,5,106f48ba07b7,3
2026-04-27,5,360b473dd1ec,3
2026-04-27,5,6b65c7c3b3ef,6
2026-04-27,5,7ff12400b9f6,5
2026-04-27,5,c07a41679f4b,2
2026-04-27,5,cafa8a84785e,4
2026-04-27,5,d881a73f0891,8
2026-04-27,5,e1e56ec111f7,10
2026-04-27,5,e7a36fffd249,2
2026-04-27,5,ee9d47c348b7,2
2026-05-04,0,4d1089abd65a,2
2026-05-04,0,70c15978d565,2
2026-05-04,0,f655c3640a9c,1
2026-05-04,0,fb0e60c91527,1
2026-05-04,1,0c2e8dcba2eb,5
2026-05-04,1,13a0b790d57c,1
2026-05-04,1,176ac8a2f9fb,1
2026-05-04,1,309d5f4bdad6,1
2026-05-04,1,38ca49bafc59,18
2026-05-04,1,3b182d800abd,4
2026-05-04,1,5f3b1a98a0c9,2
2026-05-04,1,874ab9c8c13c,1
2026-05-04,1,87f5ad4d1e03,2
2026-05-04,1,8cc3e6296d4b,2
2026-05-04,1,9073c17379d1,4
2026-05-04,1,b141a6d1398e,1
2026-05-04,1,d395c2b6bb31,1
2026-05-04,1,ed4f4f6f3045,2
2026-05-04,1,f6ffa029142b,1
2026-05-04,2,0d1a2ab1cda3,7
2026-05-04,2,1c6098ca81dd,19
2026-05-04,2,2984a7622736,6
2026-05-04,2,342ad1d06b28,2
2026-05-04,2,3fc23677ed59,2
2026-05-04,2,434494785677,2
2026-05-04,2,565848d424b6,3
2026-05-04,2,566014fe1472,2
2026-05-04,2,5f8aae4275b4,10
2026-05-04,2,6091610a4330,1
2026-05-04,2,7a1cfeff21d5,3
2026-05-04,2,7d9e9ebb75e8,2
2026-05-04,2,7e6d7186811b,3
2026-05-04,2,bae2bd10c40f,5
2026-05-04,2,befd38dd27f0,4
2026-05-04,2,c4b3d829b70c,9
2026-05-04,2,c70fc546cae1,9
2026-05-04,2,d90b2bb09217,4
2026-05-04,2,eb4807a8774d,2
2026-05-04,2,f4ea24417e86,4
2026-05-04,2,f98279ef0fbb,4
2026-05-04,3,0014ad7a21e3,5
2026-05-04,3,0acb321354fe,2
2026-05-04,3,17db1913fc63,2
2026-05-04,3,1fa40aefa1ca,10
2026-05-04,3,267d167f5c8d,1
2026-05-04,3,33d15dadcc97,9
2026-05-04,3,58e3ec0e8efa,42
2026-05-04,3,9d8a3f92a7aa,5
2026-05-04,3,abc4a73d789d,1
2026-05-04,3,d2b935343ccf,1
2026-05-04,3,f483ae131fa8,3
2026-05-04,4,061eed24d599,2
2026-05-04,4,2eebe3247bca,2
2026-05-04,4,3d3b0981d2f7,1
2026-05-04,4,4799299fa12d,1
2026-05-04,4,90b569f486eb,2
2026-05-04,4,91098e83c5d9,2
2026-05-04,4,9802841c02ed,1
2026-05-04,4,e900ff1f2554,2
2026-05-04,4,f4f453dc0b6d,1
2026-05-04,5,01a55f6e2bfc,1
2026-05-04,5,0216c17c32b9,1
2026-05-04,5,1a83a3c7f37a,2
2026-05-04,5,25c717fcfcf0,2
2026-05-04,5,276a55f67a77,9
2026-05-04,5,3935544d11dc,6
2026-05-04,5,4c7490179e9b,12
2026-05-04,5,4eed8489d04f,6
2026-05-04,5,5044f351c01f,9
2026-05-04,5,6009b77e7f5b,2
2026-05-04,5,6046a01863f9,3
2026-05-04,5,680eb65432dc,3
2026-05-04,5,6c9cb7899305,2
2026-05-04,5,7b41c71f72b3,4
2026-05-04,5,7f6183ceb4db,2
2026-05-04,5,88e3815baa87,3
2026-05-04,5,8cadaabfc46b,6
2026-05-04,5,9d06a9320c10,4
2026-05-04,5,9f55b7f98d0c,10
2026-05-04,5,aafc94db1e25,4
2026-05-04,5,d881a73f0891,1
2026-05-04,5,dbe581eaf411,2
2026-05-04,5,e1d352c8b6dc,7
2026-05-04,5,ecc635d4b0e2,2
2026-05-04,5,f11283a6845d,31
2026-05-11,0,0e4de81613cf,1
2026-05-11,0,4865387f4d2b,1
2026-05-11,0,6cf9e8114e66,1
2026-05-11,0,8adfd0f355e9,2
2026-05-11,0,93ec90685c9f,12
2026-05-11,0,963a564234a7,4
2026-05-11,0,9c6992dafeae,2
2026-05-11,0,a1115850bcb8,1
2026-05-11,0,afd7d41bb0db,1
2026-05-11,0,b094ff31751a,4
2026-05-11,0,e1f13dfde3bc,6
2026-05-11,0,ff48f45207bd,3
2026-05-11,1,0728fbb71e81,1
2026-05-11,1,10bbd378898e,2
2026-05-11,1,157aec2253fd,2
2026-05-11,1,382c0027e143,1
2026-05-11,1,58f58e00440b,1
2026-05-11,1,5c9ef20917c1,1
2026-05-11,1,7298a75fed0e,1
2026-05-11,1,a2818f285f14,1
2026-05-11,1,b6447f6aca25,1
2026-05-11,1,e9c7c306fde3,1
2026-05-11,2,02a905d8ae15,3
2026-05-11,2,2245d475c707,3
2026-05-11,2,2ef4b05fa3e4,1
2026-05-11,2,315b46fd8fac,1
2026-05-11,2,3b8d0cd08fe2,6
2026-05-11,2,46f5acd38250,3
2026-05-11,2,5a37c2627cfe,3
2026-05-11,2,6729a0cd9307,4
2026-05-11,2,6b9263923d4f,3
2026-05-11,2,6e228243d03f,5
2026-05-11,2,6e8817a099fc,5
2026-05-11,2,7646c844148c,2
2026-05-11,2,839f912ebc05,8
2026-05-11,2,9b97805bcedb,2
2026-05-11,2,b214fc588e5a,4
2026-05-11,2,bb33b846c2c5,3
2026-05-11,2,c24b23e10ab0,3
2026-05-11,2,c57891ad82ed,9
2026-05-11,2,cc44be011fc8,2
2026-05-11,2,e846935965c0,5
2026-05-11,2,f088ab89ff01,12
2026-05-11,2,f8915ce811fa,1
2026-05-11,3,06433e895ee5,12
2026-05-11,3,16a465fda40c,1
2026-05-11,3,38b67f491e68,3
2026-05-11,3,4544c32a7977,1
2026-05-11,3,5a525086d92f,2
2026-05-11,3,5af71ce15ba4,7
2026-05-11,3,7952b8c1a3a5,4
2026-05-11,3,7cd7675ea731,2
2026-05-11,3,7d7d7dd617bf,5
2026-05-11,3,877f45c963ca,3
2026-05-11,3,9c7a3cc59688,4
2026-05-11,3,a2dc998af660,1
2026-05-11,3,b0e5890f08d5,2
2026-05-11,3,c1c4a8254e3e,1
2026-05-11,3,c1d4b4c60b81,2
2026-05-11,3,d4b0a5904697,6
2026-05-11,3,db2f6c12f2ac,3
2026-05-11,3,e685b0c1941c,5
2026-05-11,4,2ad1d2577df4,1
2026-05-11,4,ca554e8748d9,1
2026-05-11,5,01e874a94ef6,4
2026-05-11,5,0a5b92f117c1,4
2026-05-11,5,0d79522d75ab,8
2026-05-11,5,1b5222e497bf,14
2026-05-11,5,1de87f03b7cb,6
2026-05-11,5,221fa9dcfc72,4
2026-05-11,5,29d93a2f169e,2
2026-05-11,5,2bda216ee06e,4
2026-05-11,5,42070e3f07d1,2
2026-05-11,5,512018e4b670,3
2026-05-11,5,533f8aeb1f13,3
2026-05-11,5,5969c82a3eb7,3
2026-05-11,5,5f7ccd4c3ba5,2
2026-05-11,5,67bc1b1311b4,7
2026-05-11,5,6881c4372f8a,3
2026-05-11,5,69fe1235d290,4
2026-05-11,5,6c99e1a0bd00,8
2026-05-11,5,7ca5b1d9e37f,4
2026-05-11,5,7eb0525767e1,5
2026-05-11,5,898bdb72ffa7,6
2026-05-11,5,924d9c35fc08,9
2026-05-11,5,9293ff00b6ee,2
2026-05-11,5,ad2009457cac,10
2026-05-11,5,b2b053c989b4,6
2026-05-11,5,bebf0fad32f7,6
2026-05-11,5,c102a05bc7bd,3
2026-05-11,5,de1ded63645a,2
2026-05-11,5,de4012f900cf,2
2026-05-11,5,f6195c2e45a8,6
2026-05-11,5,f8df33a0bed7,1
2026-05-11,5,f9cf071cedbb,5
2026-05-18,0,f5863c04b88e,2
2026-05-18,1,2c894b94435f,3
2026-05-18,1,459d7e890352,6
2026-05-18,1,5eb579d50f61,1
2026-05-18,1,a5c1cc164391,1
2026-05-18,2,6c3f6488d293,5
2026-05-18,2,71937764deb6,1
2026-05-18,2,80448aa9421f,5
2026-05-18,2,f5a245a65843,2
2026-05-18,3,bef69be61162,3
2026-05-18,3,e1ada0b3526e,5
2026-05-18,4,10403265a7b9,1
2026-05-18,4,fe9ae764a26c,1
2026-05-18,5,0b98d3009cee,7
2026-05-18,5,2b4cbbc49e4e,2
2026-05-18,5,4e549487225a,17
2026-05-18,5,533f8aeb1f13,4
2026-05-18,5,5fe4874309e2,5
2026-05-18,5,75c9dbc84410,6
2026-05-18,5,a59fcec78cc4,2
2026-05-18,5,b7d2163f0f3d,12
2026-05-18,5,dd16a0f184e1,16
2026-05-18,5,e908b895cfdc,3
2026-05-18,5,ecbabc3cee0c,1
2026-05-18,5,f21321abd593,4
2026-05-25,0,049ef16eb70d,2
2026-05-25,0,40ac2feac7f3,4
2026-05-25,0,5e8b19f7609f,3
2026-05-25,0,809306d0866c,1
2026-05-25,0,ad94b6ca4670,2
2026-05-25,0,c9ea75e2113a,2
2026-05-25,1,04561f6119e9,2
2026-05-25,1,194c0b66d618,1
2026-05-25,1,1ad08d444027,1
2026-05-25,1,1cb79f121916,2
2026-05-25,1,2920d7482649,4
2026-05-25,1,2ba620c8e1c2,1
2026-05-25,1,51e28189c9d0,2
2026-05-25,1,555b65ff0b32,1
2026-05-25,1,58aa5ef80922,2
2026-05-25,1,5f11954d95d6,2
2026-05-25,1,70f88c68bbf5,3
2026-05-25,1,99d748af0cc0,1
2026-05-25,1,a426c732d67b,2
2026-05-25,1,aae2ac12b8a1,1
2026-05-25,1,b8f4fe31551a,2
2026-05-25,1,bdc0d2b7501c,4
2026-05-25,1,c32ff785b9e9,1
2026-05-25,1,d345c9071887,3
2026-05-25,1,d6f1371a11b5,3
2026-05-25,1,dc32814ac7fb,1
2026-05-25,1,df07b2341410,4
2026-05-25,1,ef060dfe6b88,1
2026-05-25,1,ef6587cba0cf,2
2026-05-25,1,f03a13d8517f,1
2026-05-25,1,f17def181492,5
2026-05-25,2,00e5e5188fa3,6
2026-05-25,2,0337f971aa05,4
2026-05-25,2,0cd045787ad8,2
2026-05-25,2,0f4d0aadbeb7,2
2026-05-25,2,13c78ef9081e,3
2026-05-25,2,25d1576e420f,2
2026-05-25,2,2dc38572ac12,2
2026-05-25,2,326a35419541,6
2026-05-25,2,3b7c53152a59,3
2026-05-25,2,40d6861d8bae,3
2026-05-25,2,4973666d1861,1
2026-05-25,2,605cd2a13361,1
2026-05-25,2,63ba58c33223,2
2026-05-25,2,6cbe5937faf9,9
2026-05-25,2,7217147bd0ff,1
2026-05-25,2,7cbabccbbd74,1
2026-05-25,2,866fdeb1a0de,1
2026-05-25,2,91aba0850082,3
2026-05-25,2,92d7b0a9f8fc,5
2026-05-25,2,9d5222baadcf,4
2026-05-25,2,9d7b24a63bc5,5
2026-05-25,2,a6a51804742e,10
2026-05-25,2,adc62f73647f,1
2026-05-25,2,b1c6ff87f7cd,2
2026-05-25,2,b5f02b72f3e0,6
2026-05-25,2,b6aec3dd7f39,3
2026-05-25,2,b810be78aa76,6
2026-05-25,2,b94a953eb128,2
2026-05-25,2,bb33b846c2c5,3
2026-05-25,2,bb994c5bd396,11
2026-05-25,2,bd3834c92d2b,4
2026-05-25,2,c336a1971655,7
2026-05-25,2,c6eedaa8be95,4
2026-05-25,2,cc43888d2b0f,10
2026-05-25,2,cc831ab48d9d,11
2026-05-25,2,cfe952f9994f,4
2026-05-25,2,d160747fc117,8
2026-05-25,2,d40c929ddf9e,4
2026-05-25,2,de6086eb2be3,3
2026-05-25,2,def53b6a796b,2
2026-05-25,2,e2c9eb5825cb,5
2026-05-25,2,e86a9cdef117,2
2026-05-25,2,eb396272d9a4,2
2026-05-25,2,ebd77a80a358,1
2026-05-25,2,f9a08781f2e1,2
2026-05-25,2,fcf527dbf6de,3
2026-05-25,2,fe3fb489daaa,2
2026-05-25,3,006dab9688be,2
2026-05-25,3,0bd2b552813a,4
2026-05-25,3,0d3864ce7985,5
2026-05-25,3,0d4c00f44bf5,2
2026-05-25,3,1869a21f0508,4
2026-05-25,3,19d8b6f6f965,2
2026-05-25,3,24210d0ef3a3,2
2026-05-25,3,2b53dd383709,1
2026-05-25,3,37f1ae5951bc,7
2026-05-25,3,3ef43e2b6b24,3
2026-05-25,3,40796bc37a12,1
2026-05-25,3,453801c9089a,11
2026-05-25,3,4d24b1824f22,2
2026-05-25,3,5a525086d92f,1
2026-05-25,3,626dfbcaff20,7
2026-05-25,3,7809d4fe159d,2
2026-05-25,3,7941b981e189,1
2026-05-25,3,9a9909a709cd,3
2026-05-25,3,a14634aae815,1
2026-05-25,3,b3c0e6b6e9a1,2
2026-05-25,3,bf11ef5edebb,3
2026-05-25,3,cd29ce6cd432,2
2026-05-25,3,cf7ef4f07578,2
2026-05-25,3,d70599256661,15
2026-05-25,3,e3ae191d4fd0,3
2026-05-25,3,ea19a9b97add,7
2026-05-25,3,ec5575cda85d,2
2026-05-25,3,ef9f4e4bdb30,5
2026-05-25,3,f9e1e99d614e,1
2026-05-25,4,139c5bffa62f,1
2026-05-25,4,24abe8cb3a7d,2
2026-05-25,4,2bcaf3d1f7f2,1
2026-05-25,4,96bf8e4f69fa,1
2026-05-25,4,a6249c3b6b96,3
2026-05-25,4,a9082d58a6cb,1
2026-05-25,4,b2e0b64be27c,1
2026-05-25,4,e6181d811dab,2
2026-05-25,4,ef3574401e61,2
2026-05-25,4,fbacd5d9fac6,1
2026-05-25,5,0a9de4272ae0,12
2026-05-25,5,0eceb4e2c434,4
2026-05-25,5,185a9a73040a,2
2026-05-25,5,1b62f7b2e3ab,3
2026-05-25,5,1d9d9f68d199,2
2026-05-25,5,2757dc3ce28d,5
2026-05-25,5,3e95e47dd7ec,5
2026-05-25,5,40f4d7ee7e94,5
2026-05-25,5,47898d03e9ec,4
2026-05-25,5,4e549487225a,2
2026-05-25,5,4ebb7f683407,1
2026-05-25,5,566065ba27e3,1
2026-05-25,5,5b35eba5a9c4,8
2026-05-25,5,5f587b32486e,2
2026-05-25,5,6439f990b011,6
2026-05-25,5,68fd964afd09,6
2026-05-25,5,6a96577d2770,4
2026-05-25,5,7037462b3440,10
2026-05-25,5,817b33c4e195,1
2026-05-25,5,8d209885c75b,10
2026-05-25,5,90eb8eb3336a,5
2026-05-25,5,bef4069fd2da,5
2026-05-25,5,d17355b0878f,6
2026-05-25,5,d78b203a7cef,4
2026-05-25,5,dfed16440fa7,11
2026-05-25,5,e06423c70b3e,7
2026-05-25,5,e0759bd92787,3
2026-05-25,5,e54fd550f83a,4
2026-05-25,5,e63ad6b19e6a,6
2026-05-25,5,e82096d4e3bc,4
2026-05-25,5,edec792c9b50,1
2026-05-25,5,eecee4198c0f,5
2026-05-25,5,f09b18a53d8c,7
2026-05-25,5,f64d330feb5a,4
2026-05-25,5,f696796581e3,1
2026-05-25,5,f69be2a55113,6
2026-05-25,5,fb7dfffdbe45,4
2026-06-01,0,1d6d8f86b6ae,1
2026-06-01,0,56a94c18bdd6,3
2026-06-01,0,667ce8497a5f,2
2026-06-01,0,e322ca23cf78,1
2026-06-01,1,2554be1b599e,2
2026-06-01,1,666e7971b1a5,1
2026-06-01,1,7f7d72c5ec10,5
2026-06-01,1,91eb0e40a414,2
2026-06-01,1,c87ec7e92f39,8
2026-06-01,1,c9ebcba1ba34,1
2026-06-01,1,cc1f59f41f51,5
2026-06-01,1,dc24421b28d3,4
2026-06-01,1,fa61f37c486f,3
2026-06-01,2,0c775d73f6b8,2
2026-06-01,2,133cfb98c56c,4
2026-06-01,2,1d77aaf2280a,6
2026-06-01,2,21fc9e9b5d1c,4
2026-06-01,2,26749af13e1e,2
2026-06-01,2,535a43ed5f6c,3
2026-06-01,2,5cef985e56f4,8
2026-06-01,2,65d262ea31f5,1
2026-06-01,2,7561a5acc372,5
2026-06-01,2,7f5a40c9c463,3
2026-06-01,2,80099afc12f8,2
2026-06-01,2,866fdeb1a0de,1
2026-06-01,2,868583471b48,3
2026-06-01,2,89738eae7ba7,4
2026-06-01,2,94b7a86b0c3f,8
2026-06-01,2,a3230ca2cb01,2
2026-06-01,2,a88b0cc13301,4
2026-06-01,2,ca80d27637a1,4
2026-06-01,2,efbbf80fd44b,1
2026-06-01,3,38be3f3419e5,3
2026-06-01,3,3db4f09bf26e,2
2026-06-01,3,4d5aec64e21d,3
2026-06-01,3,9345677b0964,6
2026-06-01,3,b2a81bc4bdcf,3
2026-06-01,3,e5cd8f93170c,2
2026-06-01,3,fd1c4099fa6b,2
2026-06-01,4,1245b4e27da3,2
2026-06-01,4,519c42d73b02,1
2026-06-01,4,695a2528e0f0,1
2026-06-01,4,b307cd1e0085,1
2026-06-01,4,c873b5d50419,3
2026-06-01,5,0b98d3009cee,11
2026-06-01,5,12a4d7d0b517,12
2026-06-01,5,14930e78ce9a,2
2026-06-01,5,2f99c95f0057,21
2026-06-01,5,324389fa1463,4
2026-06-01,5,55a546c0886d,6
2026-06-01,5,67e2bbaedc66,1
2026-06-01,5,6d2bcdd6f526,3
2026-06-01,5,7ce830d64919,1
2026-06-01,5,a47a460d4806,3
2026-06-01,5,a8bb402a432a,22
2026-06-01,5,afe7c6a18d07,4
2026-06-01,5,cb4ac043c9a2,1
2026-06-01,5,d502ce7c5ddb,2
2026-06-01,5,f515ff1cdba3,2
2026-06-08,0,00e2a21037ac,1
2026-06-08,0,253457f30450,1
2026-06-08,0,25e0bb818fe7,1
2026-06-08,0,2d0b3adde136,1
2026-06-08,0,3d7cb134f996,1
2026-06-08,0,3e6779b22da8,2
2026-06-08,0,538295dd1cc1,3
2026-06-08,0,7decc9eebcb2,2
2026-06-08,0,82bbe02beb1c,2
2026-06-08,0,86589ef84d58,2
2026-06-08,0,bea69498fbd0,4
2026-06-08,0,c802a23c8e42,6
2026-06-08,0,d1708ab4ac5b,4
2026-06-08,0,d1939489a003,2
2026-06-08,0,d1c4e8d8c4d7,2
2026-06-08,0,db64856f9ace,1
2026-06-08,0,e8cd996ab9b0,2
2026-06-08,0,ebb0abd50de4,2
2026-06-08,0,f2540154103f,1
2026-06-08,0,f77d7d730827,3
2026-06-08,1,0bd6a1517cd4,1
2026-06-08,1,1b9a5105a9db,3
2026-06-08,1,1bf1b0378d93,1
2026-06-08,1,2191b93bf7b5,1
2026-06-08,1,22b948dd4918,2
2026-06-08,1,2483f48531ff,1
2026-06-08,1,2e9e4eccd47e,1
2026-06-08,1,48499511f77b,3
2026-06-08,1,49fa6cf2fedc,1
2026-06-08,1,a09ce3b9b833,1
2026-06-08,1,a4a8889cb093,1
2026-06-08,1,af3bc59a1828,4
2026-06-08,1,c0c65ce10f8a,1
2026-06-08,1,c7ac43e9ee49,1
2026-06-08,1,dcc5db21a0ed,1
2026-06-08,1,e9a672df4997,3
2026-06-08,2,0367a28c51cd,2
2026-06-08,2,07328a0c07a6,1
2026-06-08,2,171ae6ceacf2,5
2026-06-08,2,2d411cc2c22a,2
2026-06-08,2,329758511943,8
2026-06-08,2,342f5cb9f227,2
2026-06-08,2,355e39b91f6d,1
2026-06-08,2,36574b853fbc,3
2026-06-08,2,431801bc2248,1
2026-06-08,2,45126221f02e,2
2026-06-08,2,76087f2004aa,1
2026-06-08,2,78b3dbf30200,3
2026-06-08,2,7cd81c1cedbc,4
2026-06-08,2,8cbaa78b7f53,2
2026-06-08,2,9a84005c901c,4
2026-06-08,2,a9cd5c5c51c2,1
2026-06-08,2,aca214bbd428,2
2026-06-08,2,b3c878da29b3,16
2026-06-08,2,ca80d27637a1,2
2026-06-08,2,ce9e71da80de,2
2026-06-08,2,df97388b8b59,2
2026-06-08,2,f8a90db52737,7
2026-06-08,2,ff9e11e9bb69,3
2026-06-08,3,01b6e41756d9,6
2026-06-08,3,2fdebb60b258,10
2026-06-08,3,573966264c78,4
2026-06-08,3,5952f7857809,3
2026-06-08,3,5bfad0d03abe,2
2026-06-08,3,600c9c7af56c,3
2026-06-08,3,8e550e7fc89a,5
2026-06-08,3,91f1d0aea4de,2
2026-06-08,3,97727500e60a,5
2026-06-08,3,9b0075cc6b91,2
2026-06-08,3,a99da951150b,2
2026-06-08,3,aa4c1039726b,3
2026-06-08,3,b9f74543e0a3,2
2026-06-08,3,d40966e0b7a4,1
2026-06-08,3,e23546b81515,2
2026-06-08,3,e25d61d034aa,6
2026-06-08,3,ed5f7c488f83,2
2026-06-08,3,f3a1ba2f693b,1
2026-06-08,4,17ae63bbba2a,1
2026-06-08,4,224b0c65cba8,1
2026-06-08,4,41b6ee9f59df,1
2026-06-08,4,57bcca8ebb97,1
2026-06-08,4,90a9c5ed7580,2
2026-06-08,4,aa3c30618eac,1
2026-06-08,4,be1030057619,1
2026-06-08,4,cb75e0242283,1
2026-06-08,5,01c9824c67eb,1
2026-06-08,5,0af1b20e629c,8
2026-06-08,5,1a83a3c7f37a,4
2026-06-08,5,237cf28f02a2,3
2026-06-08,5,3169e6a20c8b,3
2026-06-08,5,3619dce82ba5,2
2026-06-08,5,4f8c281ecd81,2
2026-06-08,5,6a96577d2770,3
2026-06-08,5,7bd19fcf3cfa,8
2026-06-08,5,8b5e8d22c93a,6
2026-06-08,5,902fa97f667e,4
2026-06-08,5,920726b4a7d0,4
2026-06-08,5,a5d221da4a61,2
2026-06-08,5,a6569a9c9d2e,2
2026-06-08,5,ac776a91e1b9,2
2026-06-08,5,acb3b8186493,3
2026-06-08,5,b6711f708f82,4
2026-06-08,5,bdc7e2e1dce1,2
2026-06-08,5,c5ab76d9c28f,2
2026-06-08,5,c821037c2495,1
2026-06-08,5,d3864482b1cc,2
2026-06-08,5,d8b710015e75,1
2026-06-08,5,dad67fee72e3,3
2026-06-08,5,e7e6471d8d08,2
2026-06-08,5,f196f2a726ed,3
2026-06-08,5,f480b4f24ed8,9
2026-06-08,5,f9d6c94199a5,5
2026-06-08,5,ff4170cf835e,2
2026-06-08,5,ffd4f038679e,3
2026-06-15,0,130232130f4e,1
2026-06-15,0,a362578e8741,6
2026-06-15,0,b25d4c10e8d8,1
2026-06-15,1,086e0bde9d76,1
2026-06-15,1,0e39f120f47d,3
2026-06-15,1,3c69a8dc1d56,2
2026-06-15,1,762d794c4fbc,1
2026-06-15,1,f19346cfa019,3
2026-06-15,1,f4686af3b986,3
2026-06-15,2,4af69dad3bf1,3
2026-06-15,2,5120edad4c99,1
2026-06-15,2,8f17e48d5f7e,4
2026-06-15,2,9e4727f44f04,3
2026-06-15,2,b8f629c969bb,6
2026-06-15,2,cfc17091b6cf,4
2026-06-15,2,d0bceaecaaae,3
2026-06-15,2,d886bb9194e9,4
2026-06-15,2,e253e90e463e,2
2026-06-15,2,ede539a89ef4,2
2026-06-15,3,285ad64669e0,2
2026-06-15,3,3aa53a743056,1
2026-06-15,3,4d9fdd15a627,3
2026-06-15,3,56d210ca8ced,4
2026-06-15,3,5a7498cf5cbc,1
2026-06-15,3,5a96e7702cb0,2
2026-06-15,3,712a05510899,4
2026-06-15,3,a1a62d5f08bb,4
2026-06-15,3,c51d4492a83b,2
2026-06-15,3,e4bb3d69fa67,5
2026-06-15,3,e8d16804b787,2
2026-06-15,3,eba15300ac71,5
2026-06-15,4,036275add5eb,1
2026-06-15,4,0be817c3db2e,1
2026-06-15,4,3e50d7b566a3,3
2026-06-15,4,481568c9e082,2
2026-06-15,4,bf22bd88e84f,1
2026-06-15,4,cd237f294dba,1
2026-06-15,4,e7f80bee45fd,1
2026-06-15,4,f14f1e38bd33,1
2026-06-15,5,15dc0f6bbd54,1
2026-06-15,5,17c99caae844,4
2026-06-15,5,23e088703289,1
2026-06-15,5,487f19ff25af,2
2026-06-15,5,5d68d7d36dbf,5
2026-06-15,5,5f53f39e9f4e,3
2026-06-15,5,628e143864d2,2
2026-06-15,5,66c4ad0769aa,4
2026-06-15,5,6a4edfd40e68,3
2026-06-15,5,93b56b2abdba,2
2026-06-15,5,a8fd097f45d7,3
2026-06-15,5,d665167a9732,3
2026-06-15,5,d81df2cad7fc,2
2026-06-15,5,dad67fee72e3,1
2026-06-15,5,daef5948e6af,5
2026-06-22,0,09c51cd233c6,2
2026-06-22,0,969fcebd33ec,1
2026-06-22,0,9c7d2b9f7321,1
2026-06-22,0,a57647c83ab8,1
2026-06-22,1,00b7b18ae81a,1
2026-06-22,1,2040ec3fddb2,2
2026-06-22,1,33ccadbfd77c,1
2026-06-22,1,4c2c2ccab7ef,2
2026-06-22,1,e0631c168fc6,3
2026-06-22,1,fa43dffe7a35,1
2026-06-22,2,025f8fa9b2ff,3
2026-06-22,2,075f884db357,7
2026-06-22,2,22aede07eb2b,4
2026-06-22,2,313570b55d25,11
2026-06-22,2,46da40226356,3
2026-06-22,2,54987b876f2a,2
2026-06-22,2,5e4e11b7a1b0,24
2026-06-22,2,883becdeb2ac,2
2026-06-22,2,8b1e864a8753,3
2026-06-22,2,a12387bc1be3,3
2026-06-22,2,c4008a395ed9,4
2026-06-22,2,c5a3d211e7ae,3
2026-06-22,2,c91427640882,4
2026-06-22,2,cb52036d2ba0,3
2026-06-22,2,d751422bce52,6
2026-06-22,2,da142d4a5117,1
2026-06-22,2,f09b02668c99,1
2026-06-22,2,f0dbcdf1f67e,2
2026-06-22,2,fc5afa9539ce,6
2026-06-22,3,19fb6b4a45c3,1
2026-06-22,3,2b4f1562fa44,3
2026-06-22,3,4544c32a7977,1
2026-06-22,3,469b37d5ff1e,4
2026-06-22,3,4a686437f274,1
2026-06-22,3,54f981c3f69d,6
2026-06-22,3,56e476735a0f,3
2026-06-22,3,70e576a65f54,1
2026-06-22,3,76c65e1b6c3a,2
2026-06-22,3,7a6ddaad47bb,2
2026-06-22,3,822956e2ebde,2
2026-06-22,3,88798bf22b1d,2
2026-06-22,3,9de723d55df3,3
2026-06-22,3,a02ba6b93372,4
2026-06-22,3,aa3ef1ca5118,4
2026-06-22,3,b2273e7bc4a0,1
2026-06-22,3,e0938d4ee792,1
2026-06-22,3,e4bb3d69fa67,6
2026-06-22,3,eba15300ac71,1
2026-06-22,4,0e62967fd27d,2
2026-06-22,4,44c34c6efe6f,2
2026-06-22,4,52c3b55e29a6,2
2026-06-22,4,5fceb0b65f8e,2
2026-06-22,4,6d7f82ed82f8,2
2026-06-22,4,d0d71c3f7dc1,1
2026-06-22,4,d1907c132530,1
2026-06-22,4,ea632a43ed21,2
2026-06-22,5,026d46d84f36,2
2026-06-22,5,3087b37015be,7
2026-06-22,5,3b6613f603ac,6
2026-06-22,5,460d24f18102,2
2026-06-22,5,4e549487225a,1
2026-06-22,5,4f524af45e30,13
2026-06-22,5,691f9dbcafab,2
2026-06-22,5,6c99e1a0bd00,17
2026-06-22,5,7a7dab29bc17,2
2026-06-22,5,875ddd21c83a,6
2026-06-22,5,991321e4e058,1
2026-06-22,5,a59fcec78cc4,1
2026-06-22,5,a8b6c91e103d,17
2026-06-22,5,af0e5c149be0,3
2026-06-22,5,ba65623de66c,3
2026-06-22,5,c102a05bc7bd,3
2026-06-22,5,cd5c01dd37cb,3
2026-06-29,1,0e9667c5d4ea,1
2026-06-29,1,21996eb7014b,1
2026-06-29,1,2bcfaa3df52b,3
2026-06-29,1,76a41fe32942,1
2026-06-29,1,930b60a9ec31,2
2026-06-29,1,d1cdd2427eda,4
2026-06-29,2,35e3c97de485,3
2026-06-29,2,5e4e11b7a1b0,6
2026-06-29,2,7b6725641439,5
2026-06-29,2,abfde777018e,4
2026-06-29,2,d4f5ff676133,2
2026-06-29,3,20338a2364a6,2
2026-06-29,3,7d42365ec542,5
2026-06-29,3,cd8f0a22aab9,10
2026-06-29,3,cdf6830413ff,2
2026-06-29,3,efa2a0117317,5
2026-06-29,3,f7a00d1f924f,1
2026-06-29,4,8e58449c3754,6
2026-06-29,5,07a493b2ddeb,12
2026-06-29,5,30d8ffd038d6,3
2026-06-29,5,3dbebe73d557,6
2026-06-29,5,42070e3f07d1,3
2026-06-29,5,42a64dd883d9,3
2026-06-29,5,456815a6abe9,6
2026-06-29,5,662f81114f99,12
2026-06-29,5,acbc06e17a31,5
2026-06-29,5,adcc6e0b89df,5
2026-06-29,5,be2290c9b620,1
2026-06-29,5,e0759bd92787,2
2026-07-06,0,0bfd5269e6c5,4
2026-07-06,0,674c5db7c145,2
2026-07-06,0,edfb20856421,3
2026-07-06,1,0b00b8d61113,1
2026-07-06,1,156d12a7898d,1
2026-07-06,1,18c313934434,1
2026-07-06,1,40ee6d43d65c,2
2026-07-06,1,4c4fa2ece9fc,1
2026-07-06,1,4d1880278e03,2
2026-07-06,1,558b7308b51f,3
2026-07-06,1,57d1fbeee6f3,6
2026-07-06,1,6cc68e6752b9,1
2026-07-06,1,85712e24ea1a,1
2026-07-06,1,a57bd1493638,1
2026-07-06,1,b619d81574ce,2
2026-07-06,1,b888ab5fa73e,2
2026-07-06,1,c31a9704f3b8,2
2026-07-06,1,c373d2c7fef7,1
2026-07-06,1,d9f4bec66e38,3
2026-07-06,1,e4665a7137f2,2
2026-07-06,1,fa203c8b7aaa,2
2026-07-06,1,fe86584fe632,1
2026-07-06,2,05858340bffd,4
2026-07-06,2,0592352552c0,7
2026-07-06,2,0c9a19b4e12e,3
2026-07-06,2,0f074ab46d1e,4
2026-07-06,2,119bc2224bd9,3
2026-07-06,2,1ac60e26b75c,5
2026-07-06,2,1e01c7d59f5c,3
2026-07-06,2,243830d0b711,1
2026-07-06,2,2586a6b45571,5
2026-07-06,2,27d6dbaeda9b,2
2026-07-06,2,2bb214172488,2
2026-07-06,2,397a36b4f577,2
2026-07-06,2,4e0ffb308d21,4
2026-07-06,2,4f5efd606221,4
2026-07-06,2,5390f9e444bc,2
2026-07-06,2,566014fe1472,10
2026-07-06,2,56ff2ae9af25,3
2026-07-06,2,63b482be7696,2
2026-07-06,2,6716d6bbff62,7
2026-07-06,2,6c911cdfc79b,17
2026-07-06,2,6ef03228368d,16
2026-07-06,2,7d88570c0518,4
2026-07-06,2,80c8c630d305,3
2026-07-06,2,8298f5a136dd,2
2026-07-06,2,8fd38bd038b5,1
2026-07-06,2,9a3341e384e1,3
2026-07-06,2,a2c0b868550c,2
2026-07-06,2,ac246d82f8be,5
2026-07-06,2,b51f479e47e6,5
2026-07-06,2,b9644585b28c,2
2026-07-06,2,c4014967c5a8,6
2026-07-06,2,c4aec67a23b2,4
2026-07-06,2,ca4753c64539,11
2026-07-06,2,ce61e3561d3b,1
2026-07-06,2,cf8a9ac2cbfb,3
2026-07-06,2,d03b0a77cb71,5
2026-07-06,2,de1a989d6968,2
2026-07-06,2,e07197abcf03,3
2026-07-06,2,e2c9eb5825cb,2
2026-07-06,2,f2d9fb7d4b26,2
2026-07-06,2,f612c9db65bf,2
2026-07-06,3,00a16c4cc1a9,1
2026-07-06,3,08db054d54ab,3
2026-07-06,3,22f281a2afe0,3
2026-07-06,3,233ec371fc88,1
2026-07-06,3,2737851eca6d,4
2026-07-06,3,2b262344b693,3
2026-07-06,3,446161d80c77,2
2026-07-06,3,456aa48c624b,1
2026-07-06,3,4843bbfae31d,2
2026-07-06,3,5268b84a6948,3
2026-07-06,3,57d5e7a9a479,3
2026-07-06,3,627a8412493d,1
2026-07-06,3,69021f582f06,6
2026-07-06,3,7d58df5a9148,1
2026-07-06,3,8fb35ab03ccb,2
2026-07-06,3,8fda8f0e5106,7
2026-07-06,3,9e43124c2957,1
2026-07-06,3,a14634aae815,4
2026-07-06,3,a4eaf81f7214,3
2026-07-06,3,a4fc719bf1be,5
2026-07-06,3,b19d1b8bc21d,2
2026-07-06,3,d948afba6543,1
2026-07-06,3,dca09edeb442,2
2026-07-06,3,e981043c5f84,4
2026-07-06,3,ea8450b3cca0,4
2026-07-06,3,ef3c1dfce67c,2
2026-07-06,3,fd6dddfbb46f,1
2026-07-06,4,001ea31cd267,3
2026-07-06,4,45c773b1a9de,2
2026-07-06,4,46e01298bcfd,2
2026-07-06,4,65a44749bd95,1
2026-07-06,4,99af89ba8f3b,2
2026-07-06,4,a532a4c4e4d8,1
2026-07-06,4,b9560b285146,2
2026-07-06,5,069b1ec8e19a,2
2026-07-06,5,075203619289,2
2026-07-06,5,0a272952bdec,2
2026-07-06,5,0eab3fd26823,3
2026-07-06,5,10362a778226,7
2026-07-06,5,1a1ebc5090d9,3
2026-07-06,5,29fec7083da2,6
2026-07-06,5,3f5b01660ea3,4
2026-07-06,5,57550ec17795,5
2026-07-06,5,5c0d66283a45,23
2026-07-06,5,7dcca471d88b,13
2026-07-06,5,839a27087ef6,3
2026-07-06,5,95475686c6e8,5
2026-07-06,5,96cae25a3eb7,13
2026-07-06,5,a91a9f9618e7,2
2026-07-06,5,ac39351233b0,2
2026-07-06,5,b2635e9a6a7f,5
2026-07-06,5,ba633b7960a9,5
2026-07-06,5,bdce04ceb108,3
2026-07-06,5,be2473df979a,5
2026-07-06,5,c2f0b78bdd17,1
2026-07-06,5,d324748a5ef2,8
2026-07-06,5,dc18e6c9c281,1
2026-07-06,5,dcc6416eec45,1
2026-07-06,5,e06423c70b3e,1
2026-07-06,5,e14d780d7d43,8
2026-07-06,5,e641f51b066c,4
2026-07-06,5,f1d6da691d80,3
2026-07-06,5,f5c65447592e,5
2026-07-06,5,fee9696650e5,3
2026-07-13,0,3f19ea2f9725,3
2026-07-13,0,4e12c755f3f2,4
2026-07-13,0,59829190fdf2,2
2026-07-13,0,756b9018a551,2
2026-07-13,0,7ee3b09b8ecf,1
2026-07-13,0,84341a8e0b7e,3
2026-07-13,0,9716f9eb2deb,3
2026-07-13,0,a1956d73d403,3
2026-07-13,0,a5f1f43e9efd,4
2026-07-13,0,a9cf96884101,1
2026-07-13,0,e774b802cdb6,2
2026-07-13,0,ed9ff7f912e4,4
2026-07-13,1,066c67042429,1
2026-07-13,1,0956cfe71306,3
2026-07-13,1,18c313934434,1
2026-07-13,1,34ac1091aedb,5
2026-07-13,1,3c3a91dc30f1,1
2026-07-13,1,401aadf82e30,5
2026-07-13,1,48b0f96ef2dc,1
2026-07-13,1,4a84bb2b0b3a,1
2026-07-13,1,608a0ccab9c1,1
2026-07-13,1,67383a06b253,1
2026-07-13,1,73b8bad21088,3
2026-07-13,1,793e692bb495,1
2026-07-13,1,7e4fea5057a2,4
2026-07-13,1,814c326dbf2d,1
2026-07-13,1,93793a5c59bd,1
2026-07-13,1,9c3fdfa26e1c,1
2026-07-13,1,9c9245ec7777,3
2026-07-13,1,a690b42ae9b2,1
2026-07-13,1,b2f3c3ce9f2a,1
2026-07-13,1,b57b7afe9499,1
2026-07-13,1,b77be2af25f5,1
2026-07-13,1,c5dfb4aa881b,1
2026-07-13,1,c794cc690e6b,2
2026-07-13,1,cf572fa998a1,1
2026-07-13,1,d15954e0f85c,1
2026-07-13,1,d1a4e92e9378,2
2026-07-13,1,d69c12fc58e3,2
2026-07-13,1,e5264ccf9bcc,3
2026-07-13,1,ec6510d8b6f2,3
2026-07-13,1,ed727ba8f627,2
2026-07-13,1,ef6a542e39a4,1
2026-07-13,1,f6167c66c4ef,2
2026-07-13,2,01f1990699e4,2
2026-07-13,2,1758895a05cd,3
2026-07-13,2,181cd15e7fad,4
2026-07-13,2,195a4d09c595,3
2026-07-13,2,1a9cb8c4c8d7,3
2026-07-13,2,1cd14d2af652,3
2026-07-13,2,20652713bbe8,2
2026-07-13,2,25b81d68f2ad,2
2026-07-13,2,26e6ed3de35d,7
2026-07-13,2,26f794aecdb1,2
2026-07-13,2,270feb3e1437,5
2026-07-13,2,281d2a2606cb,6
2026-07-13,2,289eceb5443b,3
2026-07-13,2,29f8b399f230,5
2026-07-13,2,2d2fc4526840,2
2026-07-13,2,31fa3027303a,2
2026-07-13,2,3616d0442ecb,7
2026-07-13,2,3c6d838c02cb,3
2026-07-13,2,4e1805f69c2f,3
2026-07-13,2,592682b186a6,4
2026-07-13,2,5bee27c5f88a,2
2026-07-13,2,618a37c419d0,6
2026-07-13,2,6749a24e3079,1
2026-07-13,2,6c24ed94d0ba,5
2026-07-13,2,6c9e53f7f4ef,2
2026-07-13,2,77915eb2aee4,1
2026-07-13,2,7d9370b38112,3
2026-07-13,2,824fac26ef86,9
2026-07-13,2,82f51280bea1,1
2026-07-13,2,8defdff024fe,9
2026-07-13,2,995ce800305d,5
2026-07-13,2,996db8423a02,9
2026-07-13,2,a174371a71b0,3
2026-07-13,2,a3bac8f5fb85,2
2026-07-13,2,b2022f4b0cd7,2
2026-07-13,2,b27e9e47b8fb,5
2026-07-13,2,b31b4c04a6a6,2
2026-07-13,2,b424878ca440,3
2026-07-13,2,bb994c5bd396,2
2026-07-13,2,c55a4293df3e,1
2026-07-13,2,c96c06858c0e,7
2026-07-13,2,c9f50d22d8bb,1
2026-07-13,2,d236968734b7,2
2026-07-13,2,e1a3c59b06d0,4
2026-07-13,2,eabcd4d08636,8
2026-07-13,2,f30ad0e1698d,4
2026-07-13,2,f34166954f03,2
2026-07-13,2,f368e7755fa9,4
2026-07-13,2,f548a8c08e2b,1
2026-07-13,2,f8326548cfaf,5
2026-07-13,2,f9c6990c9ee3,5
2026-07-13,3,039db1e8437e,1
2026-07-13,3,14a39dcc12e9,1
2026-07-13,3,23ef4981c127,2
2026-07-13,3,2a099e053dc3,6
2026-07-13,3,3473ece97a1d,1
2026-07-13,3,413219f6b2f5,5
2026-07-13,3,41447e385370,5
2026-07-13,3,4198045631c4,6
2026-07-13,3,507f2bfaddcc,2
2026-07-13,3,542d5bf23f3e,6
2026-07-13,3,552aa120255f,8
2026-07-13,3,586bdb9819b7,7
2026-07-13,3,5f526d3090fc,6
2026-07-13,3,74608a18e8e4,3
2026-07-13,3,74be8d7a0437,1
2026-07-13,3,7520eba1ff7b,1
2026-07-13,3,797bfbba2242,3
2026-07-13,3,7a5f44d8d69d,2
2026-07-13,3,7d04167f1e95,1
2026-07-13,3,82b630c8ef69,3
2026-07-13,3,84939de291ed,7
2026-07-13,3,8606c93e8215,1
2026-07-13,3,87592a2a6465,1
2026-07-13,3,887c031b831d,1
2026-07-13,3,8fba22e0d099,2
2026-07-13,3,9205d99e1575,3
2026-07-13,3,92b37813436b,1
2026-07-13,3,9d1a7452fdbf,5
2026-07-13,3,9d46ea5d0c26,1
2026-07-13,3,9e9bfc052bc8,5
2026-07-13,3,ad8af9706def,8
2026-07-13,3,aeaaa7badeb4,1
2026-07-13,3,b2a2775276c6,3
2026-07-13,3,b779de6d1c61,6
2026-07-13,3,c157e0120f71,11
2026-07-13,3,e8adce6f57db,11
2026-07-13,3,eaf2c60a5a84,3
2026-07-13,3,ef3c1dfce67c,7
2026-07-13,3,f20ce5585f2b,2
2026-07-13,3,f3266bd148e4,8
2026-07-13,3,f8568f28e13d,2
2026-07-13,3,f9e0a0a060ed,4
2026-07-13,3,fd114b1912b6,7
2026-07-13,4,38fd005f0ed3,2
2026-07-13,4,6fe86a915960,3
2026-07-13,4,70ce2863d110,1
2026-07-13,4,9034f08998f0,1
2026-07-13,4,9ceba850c5ea,1
2026-07-13,4,ab58aac073e8,1
2026-07-13,4,baaa2fdf68b4,1
2026-07-13,4,c104e6dc7c09,3
2026-07-13,4,caf3b8eaa366,1
2026-07-13,4,cb0f573492bd,1
2026-07-13,4,d06dc2279e56,1
2026-07-13,4,e09ac786b0cb,1
2026-07-13,5,0a09225c81bb,3
2026-07-13,5,0dedc06a8597,3
2026-07-13,5,22565df338df,4
2026-07-13,5,270749e6b663,3
2026-07-13,5,28123ed57f59,4
2026-07-13,5,2fee72bc46f1,1
2026-07-13,5,390f8b9d5dd0,9
2026-07-13,5,47e074a1b347,14
2026-07-13,5,48158d6acbbe,5
2026-07-13,5,4e8e74ec90d1,4
2026-07-13,5,4ece7132136c,2
2026-07-13,5,4ee5c5e82c8e,3
2026-07-13,5,573e6c215f14,5
2026-07-13,5,7f2a79d2876a,3
2026-07-13,5,8066e0f720f1,5
2026-07-13,5,810b3b6725a6,6
2026-07-13,5,85d2f69e7025,4
2026-07-13,5,8615c2d14f34,2
2026-07-13,5,8b58df4b6959,4
2026-07-13,5,9b2ccbb84f4f,3
2026-07-13,5,a290cd939a2a,3
2026-07-13,5,b129f19d0af2,3
2026-07-13,5,b618739dda80,1
2026-07-13,5,cbda5ff38227,3
2026-07-13,5,cd6b50518b1b,5
2026-07-13,5,cea92821b22a,4
2026-07-13,5,d1f867f3ce0d,9
2026-07-13,5,d8cb2af5b5b7,6
2026-07-13,5,e2bde1255941,1
2026-07-13,5,e6b62393881a,2
2026-07-13,5,ee812abbae17,12
2026-07-13,5,ef12e97985dd,7
2026-07-13,5,f3715af00e54,5
2026-07-20,0,0b28baceb4e4,1
2026-07-20,0,5a7576901649,3
2026-07-20,0,f2ba4d6f6eff,2
2026-07-20,1,1120ff7989f4,2
2026-07-20,1,425a85d298f2,1
2026-07-20,1,536770ec7d01,1
2026-07-20,1,96045bc947b3,1
2026-07-20,1,9d01e11966f7,2
2026-07-20,1,bb43b2c76c87,6
2026-07-20,2,0d396bbbe637,5
2026-07-20,2,11fb0eb9d033,3
2026-07-20,2,178c78255064,7
2026-07-20,2,5d9998ca383d,1
2026-07-20,2,64e5fa345723,1
2026-07-20,2,720fc1e8e8b0,6
2026-07-20,2,7d9370b38112,2
2026-07-20,2,8d99fc65f5d8,1
2026-07-20,2,df9baf4ae9b4,3
2026-07-20,2,f846ecc165f0,1
2026-07-20,2,ffad7d7874ca,4
2026-07-20,3,3536f17b4707,1
2026-07-20,3,3f262e866158,2
2026-07-20,3,4b99fb3f7c87,4
2026-07-20,3,72fd8e1853ee,4
2026-07-20,3,78f475e11377,4
2026-07-20,3,7e62b0c9182e,6
2026-07-20,3,afa37845925d,6
2026-07-20,3,c4b98a94949a,4
2026-07-20,3,c9fd45da3964,3
2026-07-20,3,d73e8ff5d70d,1
2026-07-20,3,e4bb3d69fa67,1
2026-07-20,4,36901242e8a4,1
2026-07-20,4,4f10e7ccb693,1
2026-07-20,4,9c3257084b94,1
2026-07-20,5,0b98d3009cee,47
2026-07-20,5,3dc2b7a2cf9f,4
2026-07-20,5,58003bf0152d,18
2026-07-20,5,5e21d7487e2e,4
2026-07-20,5,5e65b3f3ebf6,9
2026-07-20,5,637783960fda,2
2026-07-20,5,6d3883ec2cac,5
2026-07-20,5,96cae25a3eb7,1
2026-07-20,5,a4038b45998a,2
2026-07-20,5,a5def76f53e2,3
2026-07-20,5,a77977d188c4,16
2026-07-20,5,b97b1f3ab1ee,5
2026-07-20,5,c3562e2d9349,1
2026-07-20,5,c6b6dd92e42a,10
2026-07-20,5,cfa7562d8642,145
2026-07-20,5,f19c866c9fd5,4
2026-07-20,5,f8df33a0bed7,3
2026-07-27,0,04cb2517ef64,3
2026-07-27,0,34c6d4f5c12a,4
2026-07-27,0,4cc91e57a91d,2
2026-07-27,0,556dae00d01f,6
2026-07-27,0,66aee72311ce,3
2026-07-27,0,8483c94fc824,2
2026-07-27,0,886c4de0e15e,2
2026-07-27,0,8ba79bdd901a,1
2026-07-27,0,9f2d3768beb5,1
2026-07-27,0,a805dfa3d789,3
2026-07-27,0,b094ff31751a,4
2026-07-27,0,bb9ab96cf213,5
2026-07-27,0,c3162b9d1443,2
2026-07-27,0,cf03288f22b4,3
2026-07-27,0,d254704c670d,1
2026-07-27,0,dddc6142ec46,1
2026-07-27,0,f3141ba1bdbf,1
2026-07-27,1,111ad7eb4be6,3
2026-07-27,1,13c2983256df,1
2026-07-27,1,258089dc336d,4
2026-07-27,1,28cfc1df937a,4
2026-07-27,1,2c38877ae17e,2
2026-07-27,1,31b8761c2878,1
2026-07-27,1,43b3c1b09eef,1
2026-07-27,1,48ab8159f144,2
2026-07-27,1,48b29e9b74b3,1
2026-07-27,1,491ad6e259e6,3
2026-07-27,1,4fd0ea8a5508,1
2026-07-27,1,6ae499a69fef,3
2026-07-27,1,79ac5516fd24,6
2026-07-27,1,91ff28da6cfe,1
2026-07-27,1,92d93d16ccf9,1
2026-07-27,1,92ff5182ff53,4
2026-07-27,1,9bc3f350074c,2
2026-07-27,1,9d99509f5976,2
2026-07-27,1,ae909a599460,3
2026-07-27,1,cddce7294b5b,2
2026-07-27,1,d4bf3a47f65a,4
2026-07-27,1,d58fd4a48a69,3
2026-07-27,1,e9007fba3801,1
2026-07-27,2,01ef5a3bd732,4
2026-07-27,2,084592c4a4fd,5
2026-07-27,2,0982baceacfa,8
2026-07-27,2,19d1bcdf4a39,2
2026-07-27,2,1c5abb23d689,2
2026-07-27,2,2f1d63920637,1
2026-07-27,2,3939c9b21a6d,1
2026-07-27,2,40f8794ebb5b,7
2026-07-27,2,46f5acd38250,5
2026-07-27,2,5342526ca7e7,8
2026-07-27,2,54987b876f2a,4
2026-07-27,2,5c53de3124be,7
2026-07-27,2,5f00e43eff17,13
2026-07-27,2,64ad655a920c,1
2026-07-27,2,77dfea4b3ab8,1
2026-07-27,2,7d274d55a9fc,2
2026-07-27,2,8759feb68258,6
2026-07-27,2,8dfd0b293cb4,2
2026-07-27,2,8f94e95702e9,3
2026-07-27,2,9bb0bde5b746,1
2026-07-27,2,9fc9dc6b6c7d,11
2026-07-27,2,a21a9f65fe4f,1
2026-07-27,2,a37a284274ee,2
2026-07-27,2,adc62f73647f,1
2026-07-27,2,adfaefbb4401,3
2026-07-27,2,b259227734f4,3
2026-07-27,2,c6ddc37c2366,18
2026-07-27,2,c9eb3cfa60f9,3
2026-07-27,2,dd91d1e52f04,11
2026-07-27,2,e846935965c0,2
2026-07-27,2,ea6ec746a9f3,1
2026-07-27,3,025cac964aaa,1
2026-07-27,3,0a225e949939,1
2026-07-27,3,0bdeeab02ee1,2
2026-07-27,3,0c3fc97bd83c,1
2026-07-27,3,1195052a2705,9
2026-07-27,3,3599f0b9b4e9,6
2026-07-27,3,3699dffeee89,2
2026-07-27,3,382454408be6,6
2026-07-27,3,38d97281c545,2
2026-07-27,3,49d32c03804c,4
2026-07-27,3,4aeebdaf4511,2
2026-07-27,3,5616952a922d,1
2026-07-27,3,5f86a3974516,4
2026-07-27,3,627ca3a43260,1
2026-07-27,3,6779fc6ca75c,1
2026-07-27,3,6eedeba579e8,1
2026-07-27,3,702f81b87973,5
2026-07-27,3,7ab96e544cfe,2
2026-07-27,3,7b247e90e35b,4
2026-07-27,3,88bf03d80863,3
2026-07-27,3,946815b7a988,3
2026-07-27,3,a44cd0fb62fb,1
2026-07-27,3,a5b8a3cf6303,1
2026-07-27,3,a5dadd4e8d83,8
2026-07-27,3,b05d491de4b3,1
2026-07-27,3,b5eb6b5a548a,5
2026-07-27,3,c44634a0d0af,5
2026-07-27,3,c7ce2d12156e,4
2026-07-27,3,ccc810f98941,4
2026-07-27,3,d72beab625fc,5
2026-07-27,3,db7bf73021d3,7
2026-07-27,3,e0698cb52450,1
2026-07-27,3,e321fc2db3fa,2
2026-07-27,3,ee97c8efb32c,2
2026-07-27,3,fc2b2710562a,1
2026-07-27,4,1244bca63bbc,2
2026-07-27,4,1478ba543589,3
2026-07-27,4,14ddc19dbb75,1
2026-07-27,4,26abf7ed58c5,2
2026-07-27,4,452c08220fe8,3
2026-07-27,4,6ae6862863cc,5
2026-07-27,4,78d1eb495436,2
2026-07-27,4,8cf5c750e3a9,1
2026-07-27,4,99527ac5570a,3
2026-07-27,4,9ef3cc352336,1
2026-07-27,4,c9be207f9ad1,1
2026-07-27,4,c9ea22770d07,1
2026-07-27,4,d2892eaa1607,1
2026-07-27,4,ec87239959ff,2
2026-07-27,4,f6955c0ddf09,2
2026-07-27,5,0083ec87957f,1
2026-07-27,5,08850488608f,2
2026-07-27,5,0de98070fca2,5
2026-07-27,5,221fa9dcfc72,6
2026-07-27,5,288002336e77,3
2026-07-27,5,3507ac8c5023,2
2026-07-27,5,3a57ba4e56f1,3
2026-07-27,5,445f8c30e657,9
2026-07-27,5,483cf6a54bf1,8
2026-07-27,5,53c1984d329d,6
2026-07-27,5,54a45c3fe833,5
2026-07-27,5,56c146535660,12
2026-07-27,5,586c8274d40e,4
2026-07-27,5,712e43e87c9d,2
2026-07-27,5,735f4ace2178,1
2026-07-27,5,7869e67ffa0e,4
2026-07-27,5,7dcca471d88b,2
2026-07-27,5,7ddd567fca0b,4
2026-07-27,5,82e37a8b57e0,2
2026-07-27,5,92c906ae713f,2
2026-07-27,5,96cae25a3eb7,7
2026-07-27,5,987992302be3,7
2026-07-27,5,9ca5279f044f,5
2026-07-27,5,a70e3fb62bc0,5
2026-07-27,5,c6b6dd92e42a,2
2026-07-27,5,cfa7562d8642,3
2026-07-27,5,d25bcb376566,2
2026-07-27,5,dc6642edcd75,4
2026-07-27,5,dfed16440fa7,2
2026-07-27,5,e2f825d75a6a,2
2026-07-27,5,e51aa2d7b4dc,2
2026-07-27,5,f11283a6845d,6
2026-07-27,5,f75b72879f1a,6
2026-07-27,5,fbd40694fd86,12
2026-08-03,0,bdf1985b72f0,4
2026-08-03,0,f1b26038f401,1
2026-08-03,0,f9dabca94541,2
2026-08-03,1,5356bf503569,8
2026-08-03,1,53bf7d07b4fd,2
2026-08-03,1,5b84761ac5e2,2
2026-08-03,1,722cc432eeac,2
2026-08-03,1,72df70d7f7f2,1
2026-08-03,2,1c4da3d603d8,4
2026-08-03,2,531a6927701a,2
2026-08-03,2,9b8814417d9b,2
2026-08-03,2,9f690905e4e2,2
2026-08-03,2,aecb2e9b7409,3
2026-08-03,2,e26ac75b73cf,2
2026-08-03,2,ff8aba8d2fcd,3
2026-08-03,3,231d977ef5dd,2
2026-08-03,3,2577c2e4cf9f,2
2026-08-03,3,67b4ab111644,1
2026-08-03,3,9d8a3f92a7aa,2
2026-08-03,3,f92f97820aa4,4
2026-08-03,4,11df55ab8edf,2
2026-08-03,4,28c40585786a,3
2026-08-03,4,4b71814a9e45,2
2026-08-03,4,ec68f78b1ef2,2
2026-08-03,5,08914801c587,3
2026-08-03,5,0fc6850ce612,4
2026-08-03,5,25588123ba9f,2
2026-08-03,5,4f83816de195,31
2026-08-03,5,608f79704cbf,7
2026-08-03,5,73105f496c9d,2
2026-08-03,5,b12b524a7968,2
2026-08-03,5,b61533160f33,3
2026-08-03,5,b77211058cd3,6
2026-08-03,5,b9ff365f1be6,9
2026-08-10,0,6a18d4161c22,2
2026-08-10,0,baa48a021da1,2
2026-08-10,0,e9351eb195d7,2
2026-08-10,1,7cf32354723f,1
2026-08-10,2,1e773803af74,2
2026-08-10,2,611baf67346f,1
2026-08-10,2,65344d4569b3,5
2026-08-10,2,9fcefbf202de,3
2026-08-10,2,d9a9782ccb46,6
2026-08-10,3,dfb6813d4952,1
2026-08-10,4,3e8a49119be2,1
2026-08-10,5,0c78f2aad5e5,5
2026-08-10,5,84f907fe90b6,6
2026-08-10,5,8db3a161dfe0,3
2026-08-10,5,c4257bd16a3d,11
