message_id,kind,entity
0b501ab77dbaa099,procedure,PPT
acf1c79073fd8d63,procedure,Trabajo/Empleo
18a3b8ab91353a1d,procedure,PPT
bb24b051e60afeb9,procedure,Trabajo/Empleo
66353b4d18b7880f,procedure,Emprendimiento
7344865054d2af9e,procedure,Salud/EPS
2b74405fdf60f348,procedure,Salud/EPS
514890d6e352465f,procedure,PPT
fe39172d50cd4882,procedure,Regularización
f0517679c66dbc2f,procedure,Salvoconducto
f0517679c66dbc2f,procedure,PPT
5333cfdcd3b38a37,procedure,Pasaporte
e3f4d2c3933c277c,procedure,Trabajo/Empleo
e3f4d2c3933c277c,procedure,Pasaporte
3fb640b907decf29,procedure,Salud/EPS
cbf9a4b982921bf5,procedure,Trabajo/Empleo
cbf9a4b982921bf5,procedure,Cédula
1ce1dc14c57047be,procedure,PPT
cf42d4a39ca06711,procedure,Cédula
7fa1e3cbc6cf8ccc,procedure,Cédula
7fa1e3cbc6cf8ccc,procedure,Pasaporte
3c34aa4b34a93553,procedure,PPT
d173b4fa7910efba,procedure,Salvoconducto
e3b887c9d613a36b,procedure,Salvoconducto
e3b887c9d613a36b,procedure,Cédula
39fea74ab0ed97de,procedure,Nacionalidad/Naturalización
237dfb4b24ee2341,procedure,PPT
66612202b703daf3,procedure,PPT
27d6a99b8d4d2dbe,procedure,Cédula
6c8b0db76bc65c05,procedure,Visa
8b331a657f14ac59,procedure,Salud/EPS
c28af4966456d4a0,procedure,PPT
4b4d1890d6cdf276,procedure,Trabajo/Empleo
18791c5ff358eefb,procedure,Trabajo/Empleo
072f399c9f9cc256,procedure,Emprendimiento
d0426a708ed9bc7a,procedure,PPT
d0426a708ed9bc7a,procedure,Cédula
2e203801bc90ef34,procedure,Pasaporte
ed2f8c640e846146,procedure,Pasaporte
995e8dfe9ce8cacd,procedure,Visa
102d43d14d4f2c7d,procedure,Regularización
102d43d14d4f2c7d,procedure,Pasaporte
cd3ead89b9951e18,procedure,Regularización
cd3ead89b9951e18,procedure,Pasaporte
93a05434472bf25d,procedure,Trabajo/Empleo
23207e6704d16837,institution,Migración Colombia
675692ddbbd16e67,procedure,PPT
1e1d5a1ebf03a7ab,procedure,PPT
6fb3e485f279d426,procedure,PPT
785990c4867cc966,procedure,Salud/EPS
5a1b2efb5512429f,procedure,Salud/EPS
110b02aed6d94301,procedure,PPT
1b33d5b2dc6e5d0a,procedure,PPT
1b33d5b2dc6e5d0a,procedure,Salud/EPS
711cdd5cc33cca98,procedure,Visa
5fd52e5c671c1bf6,procedure,Vivienda/Arriendo
43f6ad984abaa119,procedure,PPT
43f6ad984abaa119,procedure,Educación
43f6ad984abaa119,procedure,Salud/EPS
2977b17215482904,procedure,PPT
fd7f433d7bf27265,procedure,PPT
e7ddd0b1b660cbdb,procedure,Salvoconducto
429df8c96e5fc533,procedure,Salud/EPS
9934f788293dbc95,procedure,Trabajo/Empleo
9934f788293dbc95,procedure,Ayuda humanitaria
fc0f6ccbd89e6829,procedure,Salvoconducto
fc0f6ccbd89e6829,institution,Cancillería
5972fbf9b4d79fd2,procedure,Salud/EPS
e154be49537154ab,institution,Migración Colombia
34e689a9c1266fe1,procedure,Salvoconducto
34e689a9c1266fe1,procedure,Regularización
34e689a9c1266fe1,procedure,Cédula
ee9a5545774478bc,procedure,Visa
ee9a5545774478bc,procedure,Pasaporte
76656aafa689e265,procedure,Refugio/Asilo
d3eac613c316ea7d,procedure,PPT
5cdebc7f55c0094c,procedure,Regularización
adc28431a2882113,procedure,Trabajo/Empleo
cfff91392cb04654,procedure,Regularización
e8b1214fb459c5aa,procedure,PPT
ba6c1996fbd7d0ef,procedure,PPT
94e624a906c4a062,procedure,Visa
94e624a906c4a062,procedure,Nacionalidad/Naturalización
ec6a9157750c3a92,procedure,Nacionalidad/Naturalización
c01e956447c5a394,procedure,Visa
2c15d91f63b0af7a,procedure,Visa
2bb3462480400c4f,procedure,Emprendimiento
7b3512c2ba5aef5c,procedure,Ayuda económica
b707bc7eec366140,procedure,PPT
7e4300242a9ec426,procedure,SISBÉN
7e4300242a9ec426,procedure,Salud/EPS
4716efd4c29317b7,procedure,Salvoconducto
e26a9f22fa9d14e3,procedure,Salud/EPS
de0ef5fce16445dd,procedure,Emprendimiento
84ff4343ba9d7ac5,institution,Migración Colombia
a0e4534cdba17155,procedure,PPT
a1b4f1607ae4576e,procedure,Trabajo/Empleo
5cdad3ec68c38464,procedure,Ayuda humanitaria
112beee08965deb3,procedure,Trabajo/Empleo
112beee08965deb3,procedure,Emprendimiento
7f5648e0c6f67dd7,institution,ACNUR
1cf0ca43a2813adc,procedure,Regularización
4637e566d311f068,procedure,PPT
4e9b098358d6cd9c,procedure,PPT
950a6d89d7feec7c,procedure,Salud/EPS
7a6a07a50471c52f,institution,ICBF
147c962c2f4bfae7,procedure,Salud/EPS
57ec82172c4690e2,procedure,Educación
51ad925ca78fa5e4,procedure,Educación
672cf80464526ff2,procedure,PPT
d30da659ab765440,procedure,PPT
d30da659ab765440,procedure,Trabajo/Empleo
24684d0ca21d2c81,procedure,Salvoconducto
805d6a0d5d284dcf,procedure,Regularización
d65fa1afdd3306e4,procedure,PPT
db1382f3fd089ab7,procedure,PPT
2c0023e526f5f5ba,procedure,PPT
2c0023e526f5f5ba,procedure,Emprendimiento
c16ed6f16dd341bf,procedure,Nacionalidad/Naturalización
07a535be9fef332b,procedure,Cédula
494a4ec93ef76495,procedure,PPT
494a4ec93ef76495,institution,Migración Colombia
3b59fc4ee705a1b4,procedure,Salud/EPS
cab74e9ee081a5f3,procedure,Salvoconducto
cab74e9ee081a5f3,procedure,Regularización
14467dd9dafd1ac2,procedure,PPT
24dce5d1ea31f5f8,procedure,PPT
d4dbb86b84a580cd,procedure,Visa
f4ddbf10edee3dd2,procedure,Pasaporte
6302a7918a3660a3,procedure,PPT
d687778777958511,procedure,PPT
d687778777958511,procedure,Emprendimiento
05b80c15b3831aab,procedure,PPT
05b80c15b3831aab,procedure,Trabajo/Empleo
755466897fdd6e4c,procedure,Ayuda humanitaria
9cdd5e4516e87c0a,procedure,Ayuda humanitaria
892777db9fc9d96b,procedure,Ayuda humanitaria
fb5c378e2ef1e576,procedure,Emprendimiento
a3d5efebcfd4a258,procedure,Refugio/Asilo
34e0b9d634a48d6d,procedure,PPT
f1cb74e7b21ae163,procedure,Salud/EPS
a91ea6a4fe896d00,procedure,Salud/EPS
93be1514195e4d07,procedure,Visa
8698ed6cbbb7c71a,procedure,Trabajo/Empleo
61aacd534942a488,procedure,Trabajo/Empleo
61aacd534942a488,procedure,Salud/EPS
dc9dce7b87bbec8c,procedure,Ayuda económica
11dee435a0405e21,procedure,Trabajo/Empleo
11dee435a0405e21,procedure,Vivienda/Arriendo
8b450dd93632fd21,procedure,Visa
8b450dd93632fd21,procedure,Cédula
93f956e90dbf354c,procedure,Pasaporte
0ae9673317fa0271,procedure,Visa
0ae9673317fa0271,procedure,Cédula
4434e518480a7ad3,procedure,Registro civil/Apostilla
5066dd8f78b22309,procedure,Trabajo/Empleo
daf2357a55c4d932,institution,ACNUR
d2a84fd3913c273d,procedure,Trabajo/Empleo
d2a84fd3913c273d,procedure,Emprendimiento
80adcebfe07280cb,procedure,Salud/EPS
9459a9cadf14d750,procedure,SISBÉN
53276a9e2028f49a,procedure,SISBÉN
7e6a6279510ee3a8,procedure,Salud/EPS
efca86a7d8ea7eac,procedure,PPT
efca86a7d8ea7eac,procedure,SISBÉN
d55fef32e3194840,procedure,Salud/EPS
368a52a95de75788,procedure,Visa
7826b84be390a148,procedure,Visa
7826b84be390a148,procedure,Trabajo/Empleo
ae641be3aa92a7dc,procedure,Trabajo/Empleo
f590679602be463c,procedure,Trabajo/Empleo
e7db3ac28daae267,procedure,Salvoconducto
d9b70f6d71fd06bc,procedure,Salvoconducto
91a73c43b46c8bbd,procedure,PPT
24ad3ac475636c93,procedure,Educación
a9b0dd0b009a2585,procedure,PPT
4587acb833d30cea,procedure,Cédula
a991684c1e0cd993,procedure,Emprendimiento
b0b047adc2488d43,procedure,Salud/EPS
576dddbdc77fd0a7,procedure,Ayuda humanitaria
df1100b7659d99e1,procedure,Salud/EPS
b5c433271d8b968c,procedure,PPT
42b14622ad4a07db,procedure,PPT
b205001ce0f0e316,procedure,Refugio/Asilo
8b492eb0b735417c,procedure,Trabajo/Empleo
3c5be578cb56b471,procedure,Regularización
4880a6f3f2054025,procedure,Regularización
4880a6f3f2054025,institution,Migración Colombia
677ac7de7d80e5c4,procedure,PPT
677ac7de7d80e5c4,procedure,Nacionalidad/Naturalización
578f9e389f94234e,procedure,PPT
bf3ac4758abf7af9,procedure,PPT
07d218421256b86e,procedure,Salud/EPS
6c0c07debd28ec50,procedure,Salud/EPS
7dfccb8141b3a5ca,procedure,PPT
1109a4adfe139076,procedure,Visa
4720d420dbb94bda,procedure,Visa
a91d66b308c4a0e0,procedure,Visa
9b5348a5db7e1334,procedure,Trabajo/Empleo
e5f3d86196ba8bcf,procedure,PPT
40811bc02f2630c7,procedure,Refugio/Asilo
1c4d9bf4f0425ee8,procedure,Trabajo/Empleo
d332ffddf93e35b2,procedure,PPT
e0aafa72874495a6,procedure,PPT
e0aafa72874495a6,procedure,Trabajo/Empleo
9b5b33e56302fca1,procedure,Ayuda humanitaria
ce3f4f71e49a64ac,procedure,PPT
ce3f4f71e49a64ac,procedure,Registro civil/Apostilla
ce3f4f71e49a64ac,procedure,Cédula
ce3f4f71e49a64ac,procedure,Pasaporte
12334f9dc9516626,procedure,Regularización
354b48cde4099dde,procedure,Salvoconducto
354b48cde4099dde,procedure,PPT
354b48cde4099dde,procedure,Refugio/Asilo
96d7821bf454e823,procedure,Salvoconducto
fa73bdac82dfe3e3,procedure,Trabajo/Empleo
6a1269b13aaf7bd7,procedure,Salvoconducto
818bcbc1b0818b81,procedure,Trabajo/Empleo
818bcbc1b0818b81,procedure,Ayuda humanitaria
2100956f084d8f5b,procedure,Salvoconducto
41b42bb93cc2ba7b,procedure,Trabajo/Empleo
41b42bb93cc2ba7b,procedure,Ayuda económica
35fd3883997698b7,procedure,PPT
99683247f0c78158,procedure,Nacionalidad/Naturalización
99683247f0c78158,procedure,Regularización
d333feadbe345df7,procedure,Trabajo/Empleo
f8e9b7db441ea741,procedure,PPT
0488e45c3d546d7e,procedure,Salvoconducto
23e3286146cd2f17,procedure,Pasaporte
91f092bc35f4ccf6,procedure,Regularización
56c9ebc6031d2a80,procedure,Salvoconducto
56c9ebc6031d2a80,procedure,Regularización
7e7c7fda4c06ff3d,procedure,PPT
88f6cab175ead951,procedure,Regularización
88f6cab175ead951,procedure,Cédula
88f6cab175ead951,procedure,Pasaporte
1789f2b063ea97d8,procedure,Visa
1a77bf45de4495b4,procedure,Visa
1a77bf45de4495b4,institution,Cancillería
f4424a04f8d1d800,procedure,PPT
842f800a7bc48002,procedure,PPT
e2c4233a286d3ab0,procedure,Salud/EPS
ae875f6a3481186d,procedure,Salud/EPS
ed5a440599da74b7,procedure,Trabajo/Empleo
d24f18a4273215ec,procedure,Nacionalidad/Naturalización
333f71d693878dc9,procedure,Salvoconducto
333f71d693878dc9,procedure,Trabajo/Empleo
333f71d693878dc9,procedure,Cédula
c2fe506a8379e08b,procedure,Salvoconducto
c2fe506a8379e08b,procedure,Cédula
5e630011d3eb90e5,procedure,Salvoconducto
0ec8ef4e95241fdc,procedure,Salvoconducto
838ce45c2fa6f9ab,procedure,Salvoconducto
838ce45c2fa6f9ab,procedure,Regularización
838ce45c2fa6f9ab,procedure,Salud/EPS
86b376a72985599a,procedure,Salud/EPS
6f49fe07ff30252d,procedure,Salud/EPS
084a8eef495cea0d,procedure,Salud/EPS
438cffde68156ac6,procedure,Salud/EPS
8b0292d4376877c1,procedure,Salud/EPS
455ea5995966ab84,procedure,Ayuda humanitaria
17490e3974e3c7d0,procedure,Ayuda humanitaria
39914a1784d4a998,procedure,Salud/EPS
86bbdd24b6d9ed58,procedure,Salvoconducto
5e243123b6eec50e,procedure,Visa
5e243123b6eec50e,procedure,Regularización
b937f7bccb7f72a7,procedure,Salud/EPS
5d711844bb922d72,procedure,Cédula
3c9e631b7b190f9b,procedure,Regularización
3c9e631b7b190f9b,procedure,Salud/EPS
7fa666ae04b498df,procedure,Nacionalidad/Naturalización
f3686ec4bd411670,procedure,Trabajo/Empleo
f7c6f264da46c90d,institution,Registraduría
5de6db0bccf9ef09,procedure,Nacionalidad/Naturalización
a7c07f8f38ac8b5c,procedure,Registro civil/Apostilla
441517e38073dc63,procedure,Nacionalidad/Naturalización
6caa9aae6ec742c0,procedure,Nacionalidad/Naturalización
64b42773ba2311d1,procedure,Nacionalidad/Naturalización
d9f5af857f6f8583,procedure,Registro civil/Apostilla
d9f5af857f6f8583,institution,Registraduría
214bb49d679e0c7f,procedure,Trabajo/Empleo
19f45ee5a83eb8eb,procedure,PPT
f58d3770e4354871,procedure,Trabajo/Empleo
8eabb1989a2fabff,procedure,PPT
8eabb1989a2fabff,procedure,Trabajo/Empleo
7aadc53e4d42bfdd,procedure,Trabajo/Empleo
ceaf89c6aef4fee0,procedure,Trabajo/Empleo
ceaf89c6aef4fee0,procedure,Cédula
1c2820d6463944ad,procedure,Salud/EPS
f421f78fdb276cc1,procedure,Salud/EPS
ee14e766f6b4f034,procedure,Salud/EPS
3bec7b2a9fd15bf4,procedure,Visa
467512d50495b68d,procedure,Visa
3f2715dac2f5e4a7,procedure,Regularización
6023e414753914ea,institution,Migración Colombia
33460fb9a40bbe32,procedure,Salud/EPS
33460fb9a40bbe32,procedure,Cédula
7df23fb3d74cb722,procedure,PPT
324ebf1f1e805c58,procedure,PPT
7d1adad62b4c5a36,procedure,PPT
a566e677d756ee4e,procedure,PPT
a566e677d756ee4e,institution,Migración Colombia
59873adb9d0de068,procedure,Pasaporte
c74c8d2ee7a83f83,procedure,Trabajo/Empleo
be4ae0acf88c483d,procedure,PPT
f7e669484d27a8f4,procedure,Pasaporte
3559697b28e226b7,procedure,Regularización
88e49fc0b57f680d,procedure,Refugio/Asilo
81a11d43adbc0600,procedure,Refugio/Asilo
87be879996e8086c,procedure,Trabajo/Empleo
6a7d92d6c93c31b3,procedure,PPT
6a7d92d6c93c31b3,procedure,Trabajo/Empleo
57db864b8eca8377,procedure,Salvoconducto
63861e8ad37e719e,procedure,Visa
63861e8ad37e719e,procedure,Pasaporte
3d44c7bea31bd4c1,procedure,Ayuda económica
fe3b096d9172258c,procedure,Trabajo/Empleo
394ee26010ef69c5,procedure,Cédula
7d00df8fbaf29b0e,procedure,Cédula
c867b8cb4825723d,procedure,Regularización
c79293d8caf6921f,procedure,Regularización
f477066387e56c82,procedure,PPT
84b55facdc4d4262,procedure,Regularización
e9663ce1e9982ddf,procedure,Regularización
199b400fcf7fe4c8,procedure,Trabajo/Empleo
199b400fcf7fe4c8,procedure,Salud/EPS
c273694df7857416,procedure,PPT
3156bf4718deef52,procedure,PPT
a2fd232f325b5bba,procedure,Trabajo/Empleo
a2fd232f325b5bba,procedure,Salud/EPS
13fdbdd7b44b87ec,procedure,PPT
a3014d07c6f8637a,procedure,PPT
d1ec7547f6e86792,procedure,PEP
d1ec7547f6e86792,procedure,Registro civil/Apostilla
8d036872732fe929,procedure,Trabajo/Empleo
be69372917118a4d,procedure,PPT
76ab6194d9944057,procedure,PPT
76ab6194d9944057,procedure,Trabajo/Empleo
66d4fd1674eac687,procedure,Salvoconducto
bc5ea61598f4e2c4,procedure,Salvoconducto
1053978348196489,procedure,Salvoconducto
1053978348196489,procedure,Regularización
be51740874c753c2,procedure,PPT
be51740874c753c2,procedure,Cédula
33980ffb2b0d07fe,procedure,Regularización
2e1c44001057a5e0,procedure,Trabajo/Empleo
7d9350321c178bef,procedure,Visa
37ef353bb4d230f0,procedure,PPT
ff60f23687f99f0a,procedure,Cédula
f800d4c1d5bae926,procedure,Visa
f800d4c1d5bae926,procedure,PPT
f800d4c1d5bae926,procedure,Pasaporte
1d3701e8e9a0c68d,procedure,Pasaporte
8703b465d2831f50,procedure,Nacionalidad/Naturalización
747e55ca49a12f71,procedure,Registro civil/Apostilla
15656abd72b97d19,procedure,Visa
15656abd72b97d19,procedure,PPT
afca40a49e85a396,procedure,Nacionalidad/Naturalización
afca40a49e85a396,procedure,Registro civil/Apostilla
bbf795f8e6138942,procedure,Salud/EPS
41cb3dca103d377b,procedure,SISBÉN
41cb3dca103d377b,procedure,Salud/EPS
277adbf9e0ed7cbd,procedure,Trabajo/Empleo
0fb992d65c76ff46,procedure,Visa
6ce3916091b83c93,procedure,Emprendimiento
bf5667ff9a861469,procedure,PPT
bf5667ff9a861469,procedure,Nacionalidad/Naturalización
bf5667ff9a861469,procedure,PEP
bf5667ff9a861469,procedure,Pasaporte
f304df1c160e711b,procedure,PPT
f304df1c160e711b,institution,Migración Colombia
f304df1c160e711b,procedure,Cédula
f304df1c160e711b,procedure,Pasaporte
f8e22252374d9ea6,procedure,PPT
fe91eced180dda69,procedure,Salvoconducto
fe91eced180dda69,procedure,Pasaporte
9f7be792eb28c837,procedure,PPT
8fdfbdc58469babc,procedure,Cédula
aa1ca418d523a7d6,procedure,Visa
aa1ca418d523a7d6,procedure,Cédula
754d81fb766a3a01,procedure,Emprendimiento
754d81fb766a3a01,procedure,Salud/EPS
754d81fb766a3a01,procedure,Cédula
9dacd898be5773a0,institution,ACNUR
8f2aecc69fbfe474,procedure,PPT
8f2aecc69fbfe474,procedure,Cédula
7bcdca80dcf44dc2,procedure,Registro civil/Apostilla
2343534c54349875,procedure,PPT
2343534c54349875,procedure,Regularización
d14241078daa6a70,procedure,PPT
2369594c92b98ac7,procedure,Registro civil/Apostilla
76aa0ac16ae61382,procedure,Cédula
76aa0ac16ae61382,procedure,Pasaporte
1b0d4afcff5f28db,procedure,PPT
1b0d4afcff5f28db,procedure,Pasaporte
23c6aca02a40a2d3,procedure,Ayuda económica
ac17e952676fa20a,procedure,Nacionalidad/Naturalización
cc65a73d478b21e7,procedure,Visa
3a0291c7eb0a30bc,procedure,Visa
68432668a9c9b604,procedure,Visa
a91c1ad1eb587d57,procedure,PPT
bf6835c026c10272,procedure,Cédula
99e70a18309cce5c,procedure,PPT
e1ff4754904274eb,procedure,Visa
b6fa13c4d827e216,procedure,Visa
de49c82fb25cee90,procedure,Salud/EPS
57887b0d92bfa418,procedure,Trabajo/Empleo
c980bafc4fb3c9e3,procedure,Visa
c980bafc4fb3c9e3,procedure,Trabajo/Empleo
2f913e471c066331,procedure,Visa
7faafd650d33fc93,procedure,Visa
b85642d275349418,procedure,Trabajo/Empleo
83af393147361ca9,procedure,Trabajo/Empleo
d27a11655a244946,procedure,Trabajo/Empleo
b012712b9b805405,procedure,Trabajo/Empleo
d4abc74001f8b6c4,procedure,PPT
d4abc74001f8b6c4,procedure,Cédula
d4abc74001f8b6c4,procedure,Pasaporte
3fc1b2d1d3d729cc,procedure,Salud/EPS
a31ab4256e7b747c,procedure,PPT
c9fd47829d7e9b06,procedure,Salud/EPS
e72130b789919e79,procedure,Salud/EPS
960fc782fcf373c5,procedure,PPT
823935597b98f859,procedure,Ayuda humanitaria
747fe7f98156d009,procedure,Regularización
d8349a1dc647fdba,procedure,PPT
665cdd999f2a11e0,procedure,Salvoconducto
436e836f1e6decff,procedure,PPT
57016c3c01c269df,procedure,PPT
d3a119789f363871,procedure,Salud/EPS
54064455e27ca9d5,procedure,PEP
3e2b7f893b428765,procedure,PPT
e2726ab46965362c,procedure,Salvoconducto
e2726ab46965362c,procedure,Trabajo/Empleo
e004fccda92472a9,procedure,Cédula
5f7834e373e6aaf7,procedure,Salvoconducto
fcfebc0e50d726c7,procedure,Salvoconducto
fcfebc0e50d726c7,procedure,Salud/EPS
a19c3e5417fafe63,procedure,Emprendimiento
a19c3e5417fafe63,procedure,Ayuda económica
91976e3f13d8579f,procedure,Nacionalidad/Naturalización
e6a9d8106e052b7f,procedure,Salvoconducto
e6a9d8106e052b7f,procedure,PPT
3cb0f7d64f324067,procedure,Trabajo/Empleo
55980e2faee69ca8,procedure,Ayuda humanitaria
55980e2faee69ca8,procedure,Salud/EPS
54d4f5558a46bfbf,procedure,Registro civil/Apostilla
fd992fc826892cea,procedure,Cédula
ffee9fc2d0e12927,procedure,Trabajo/Empleo
23aa6178a521db95,procedure,Salud/EPS
71a8d0e66931d4a6,procedure,PPT
351e890f7e5d255c,procedure,Salud/EPS
070de17c17541fc1,procedure,Trabajo/Empleo
9b1be11b7294d302,procedure,Cédula
e612f477b99206a3,procedure,Trabajo/Empleo
5369525156dd05b9,procedure,Salud/EPS
57fb7c9e73db2db3,procedure,Pasaporte
310d8f4e9d533d83,procedure,Visa
310d8f4e9d533d83,institution,Migración Colombia
310d8f4e9d533d83,procedure,Cédula
e84fde0c97f1ffda,procedure,Visa
6fdb79d4d53b0bba,procedure,Visa
29f9137c92fdc2b8,procedure,Visa
29f9137c92fdc2b8,procedure,Pasaporte
1e0179d8e095460f,procedure,Trabajo/Empleo
2f3f4a16764569d7,procedure,Pasaporte
a84033d8402d7652,procedure,Regularización
99665c51e32dc390,procedure,Registro civil/Apostilla
540b57b455886a8a,procedure,SISBÉN
540b57b455886a8a,procedure,Salud/EPS
f9202a95c6a58315,procedure,Nacionalidad/Naturalización
f9202a95c6a58315,procedure,Cédula
5a318adc8ce16885,procedure,Trabajo/Empleo
b8a472c6f62073ff,procedure,Nacionalidad/Naturalización
739e3b2a99e318b6,procedure,PPT
bee4c72a038fecd8,procedure,PPT
1408526e8efa8ec4,procedure,Visa
1408526e8efa8ec4,procedure,Pasaporte
a6b1762fca93774a,procedure,Emprendimiento
40d1b3ff4e138679,procedure,Emprendimiento
069c18a10712ab16,procedure,Cédula
07b9569098027ca0,procedure,PPT
07b9569098027ca0,institution,Migración Colombia
75e90b187ab67023,institution,Migración Colombia
201583f16da6544c,procedure,PPT
201583f16da6544c,procedure,Salud/EPS
b1ec7642a2e6145d,procedure,PPT
b1ec7642a2e6145d,procedure,Educación
af2412b1620cd67e,procedure,SISBÉN
af2412b1620cd67e,procedure,Pasaporte
1b507936cbd55230,procedure,Salud/EPS
1b507936cbd55230,procedure,Pasaporte
1f41ba84add8ef37,procedure,Salvoconducto
23c1b0672a8eeca4,procedure,Nacionalidad/Naturalización
23c1b0672a8eeca4,procedure,Registro civil/Apostilla
f15d868370b57bd3,procedure,Registro civil/Apostilla
34369b258c3e55e4,procedure,PPT
79b113c1bb6f17bd,procedure,Trabajo/Empleo
ffd70fc9baf0a249,procedure,Emprendimiento
4768d05268c7f1f7,procedure,PPT
5ee6033396627e57,procedure,PPT
e6b13a7513079949,procedure,PPT
eddc463672cefc3f,procedure,PPT
ae92117634179a83,procedure,Visa
ae9456e0f26cb373,procedure,Nacionalidad/Naturalización
8f6bc7c736db1ac2,procedure,Visa
5bba00681c8c7c79,procedure,PPT
a144f064493465f1,procedure,Trabajo/Empleo
a144f064493465f1,procedure,Vivienda/Arriendo
7c75c70baf67e97b,procedure,PPT
d6754c7d5744ed18,procedure,Ayuda humanitaria
95de75f5e5d56b40,procedure,Registro civil/Apostilla
7bb41818d9e5c598,procedure,PPT
7bb41818d9e5c598,procedure,Trabajo/Empleo
8900bef27e6569e2,procedure,PPT
8900bef27e6569e2,procedure,Trabajo/Empleo
208e811425af4c70,procedure,PPT
1e96bf072a69508b,procedure,PPT
f315eb5f86803b8e,procedure,PPT
c90c8eceb4283681,procedure,Salud/EPS
f89c10bdc8ddbcae,procedure,Trabajo/Empleo
fdecf12c569ab8dd,procedure,Trabajo/Empleo
dff460b9171c2908,procedure,Ayuda económica
8ad9904e8b9dc29f,procedure,PPT
a7d19797cba2e1fc,procedure,PPT
ee93148db58765da,procedure,Salvoconducto
2f8584fbb0376dcc,procedure,Cédula
df4b8e61d9f75f19,procedure,Salvoconducto
1fae04381e407467,procedure,Salvoconducto
9ae19d9d063b8211,procedure,Salvoconducto
9ae19d9d063b8211,institution,Cancillería
c60ac4b8f2634cff,procedure,PPT
60a05ab2b3c11f15,procedure,PPT
1bac5a9e1cb41cdc,procedure,Refugio/Asilo
51ff2da96ce38303,procedure,Visa
271cd20032f4ca97,procedure,Visa
3eb72ab70c4c31a3,procedure,Ayuda económica
ff96bfee00bc2247,procedure,PPT
f6112f63b225cc62,procedure,Cédula
f6112f63b225cc62,procedure,Ayuda económica
94d402ae65b482e2,procedure,Cédula
b479c10b50fe9c2b,procedure,Visa
5758a60c2e95230c,procedure,Ayuda económica
93544c9dac5b8b27,procedure,Refugio/Asilo
c7e98a10d0701d14,procedure,Refugio/Asilo
dc352dc1b22a838e,procedure,Refugio/Asilo
bcaea457ecf36fd1,procedure,Refugio/Asilo
ba7bd46908b01e7a,procedure,SISBÉN
36e1b39a47165cbb,procedure,PPT
57678d2670efc133,procedure,PPT
57678d2670efc133,procedure,Salud/EPS
0309d90651682fda,procedure,Salud/EPS
ded8c9725d85f5f7,procedure,Salvoconducto
b9bb94e1f0fae716,procedure,Pasaporte
e7e074026d727a6b,procedure,Salvoconducto
490aa2971059a210,procedure,Visa
490aa2971059a210,procedure,Regularización
490aa2971059a210,procedure,Trabajo/Empleo
88e5368e3cc6bd56,procedure,Trabajo/Empleo
15eef2fab6e20fb2,procedure,PPT
15eef2fab6e20fb2,procedure,Salud/EPS
f5dc7f4592889188,procedure,Ayuda económica
825840ce4fd993cc,procedure,Ayuda económica
48212fed83eb3b00,procedure,Refugio/Asilo
c8837c4c4cde822b,procedure,Trabajo/Empleo
3f6a07282b72505e,procedure,PPT
87fa34ab205d8c94,procedure,Salud/EPS
2f072059cd2aafec,procedure,Salud/EPS
406c8d6a8420a897,procedure,Salud/EPS
8f741aaf58ef66da,procedure,PPT
c6a0528229c281cd,procedure,Emprendimiento
733ea2102b34446e,procedure,PPT
47f8d33ad3203c6a,procedure,Trabajo/Empleo
91007e76f9998406,procedure,Regularización
97d9cb4e40b90db8,procedure,Trabajo/Empleo
fe8a67bb725c37c3,procedure,Trabajo/Empleo
fe8a67bb725c37c3,procedure,Vivienda/Arriendo
b41f264a6074e9e8,procedure,Salud/EPS
e7dfe95380a93f14,procedure,Salvoconducto
a1ae6cf1907f9bb1,procedure,PPT
22bf6df055650b4b,procedure,PPT
e75a20a581a489cb,procedure,Emprendimiento
8df504c510e14804,procedure,Cédula
c018f3ecd1fbee80,procedure,Visa
3ab89818353ee9ef,procedure,Visa
3ab89818353ee9ef,procedure,Cédula
50d286241b701598,procedure,Visa
9905e2147c53a988,procedure,Pasaporte
05a14ae91f9add01,procedure,Salvoconducto
c29027a4d9e6ecc9,procedure,Salud/EPS
25b178ba51f060c4,procedure,Ayuda humanitaria
234a872912836bf2,procedure,Trabajo/Empleo
496d9aeb84317aea,procedure,Regularización
617d8365ed7450ea,procedure,PPT
6baccf19a4b18880,procedure,PPT
e94c0ea9ead61fc0,procedure,PPT
e2b6ed84dcc8cca1,procedure,PPT
83f82bac5342eab7,procedure,PPT
b77440aeede5d044,procedure,Ayuda económica
7379ece693bf1455,procedure,PPT
a662a74e4d07693b,procedure,PPT
ea54bbeb93a281d9,procedure,SISBÉN
f6e6429c7418cbf3,procedure,Vivienda/Arriendo
57126564c3c839f9,procedure,Ayuda humanitaria
95a9f8c5de17c4d2,procedure,Trabajo/Empleo
be1205dcdbbdc531,procedure,Trabajo/Empleo
3f9fd328f3cb6a1f,procedure,Trabajo/Empleo
1e2899fcb5a9f0f3,procedure,Salud/EPS
186c1164d3beb5c9,procedure,Trabajo/Empleo
e0fc7e5fc633edd5,procedure,Trabajo/Empleo
e0fc7e5fc633edd5,procedure,Salud/EPS
06136525a0857cdf,procedure,Trabajo/Empleo
c683179b78cf76fb,procedure,Refugio/Asilo
1ecb3747e51b6d4a,procedure,Refugio/Asilo
5f3c91a6f19fbe56,procedure,Refugio/Asilo
e3ad1067c28699ff,procedure,PPT
c8416f164334e73b,institution,ACNUR
f7716dd189268606,procedure,Salud/EPS
547415430f905380,procedure,Salud/EPS
179b32db5c607ec2,procedure,PPT
179b32db5c607ec2,procedure,Salud/EPS
b6b4d9c8ef705098,procedure,PPT
21701dbe411221e1,procedure,Vivienda/Arriendo
d175f404d003bc32,procedure,PPT
39bd29a2b6437b03,procedure,PPT
4c645124fcae238b,procedure,PPT
966da783592d4c96,procedure,Emprendimiento
fc2dadf3025b00dc,procedure,Educación
b5916675d002fa74,procedure,Trabajo/Empleo
c57d46ef7a973431,procedure,Trabajo/Empleo
0264b5ac6e296d24,procedure,Salvoconducto
0264b5ac6e296d24,procedure,Trabajo/Empleo
0264b5ac6e296d24,procedure,Regularización
0264b5ac6e296d24,procedure,Refugio/Asilo
323f2004360476c7,procedure,Salvoconducto
323f2004360476c7,procedure,Pasaporte
7bbf948d6473fd32,procedure,PPT
fd877c1510f71fd0,procedure,PPT
575fcdd17f62bbb6,procedure,PPT
d972db43bec89eaa,procedure,PPT
def840436fc79915,institution,Migración Colombia
def840436fc79915,procedure,Salud/EPS
2ad92808ff07d677,procedure,Emprendimiento
be0ab46b5fd4434c,procedure,Emprendimiento
be0ab46b5fd4434c,procedure,Ayuda económica
af7457770b3b314a,procedure,Trabajo/Empleo
be60a6f12ae310cc,procedure,Emprendimiento
be60a6f12ae310cc,procedure,Ayuda económica
4d767f06f381df26,procedure,SISBÉN
38009ad974a61eaa,procedure,PPT
31cccb35e76b4e66,procedure,Visa
e29444a563b7c5bc,procedure,Visa
4078409961a68ed0,procedure,Trabajo/Empleo
4078409961a68ed0,procedure,Ayuda humanitaria
78ee0323a04751b8,procedure,Trabajo/Empleo
faad9534390094dc,procedure,Educación
f56d830725cc517f,procedure,Regularización
1044446e7febb861,procedure,PPT
74bd93ca578cb115,procedure,SISBÉN
6d273d490ba6c235,procedure,Ayuda económica
4bb915fba0f64108,procedure,Visa
4bb915fba0f64108,procedure,Pasaporte
3ba3c66b14243d57,institution,ACNUR
ae52d5ec34ac460e,procedure,PPT
d2a4beb6f2f6e21e,procedure,Trabajo/Empleo
301d6cc2b2dbc717,procedure,PPT
8410eb14a7db57e8,procedure,PPT
f78450cb1b0012c5,procedure,Ayuda económica
f77cb0b47b520ed8,procedure,Salud/EPS
938efbb556fa775f,procedure,Salud/EPS
6a3dcbe0df139fc4,institution,Migración Colombia
54d9a2c8f01055bc,procedure,Regularización
7bcd507cede26c88,procedure,Regularización
ad26dc7831298b2d,procedure,Regularización
0495f7863caac1da,procedure,Regularización
c7ba086a3550aa86,procedure,PPT
48ef856d5b508bd8,procedure,Regularización
48ef856d5b508bd8,procedure,Pasaporte
c367a6ee5bc92a66,procedure,Regularización
c367a6ee5bc92a66,procedure,Pasaporte
787adb5fd396ab65,procedure,PPT
787adb5fd396ab65,procedure,Regularización
787adb5fd396ab65,procedure,Pasaporte
f3711e63e6fa48c9,procedure,Visa
b121586cb03b63c0,procedure,Trabajo/Empleo
84220f7b50d66b5b,procedure,PPT
be5a1573d1269185,procedure,Pasaporte
3c7f47db62b85fdb,procedure,Salud/EPS
6b2360c37691f50b,procedure,Trabajo/Empleo
2e47858e5f5c0ee9,procedure,Vivienda/Arriendo
2e47858e5f5c0ee9,procedure,Emprendimiento
c6a04da4b319f76b,procedure,Vivienda/Arriendo
32757bc49a4f78cf,procedure,Emprendimiento
741c1122bd287148,procedure,Trabajo/Empleo
eb78bd14f4ec7b07,procedure,Trabajo/Empleo
2a750eef70781746,procedure,PPT
e054b9c0508a4ebf,procedure,PPT
e054b9c0508a4ebf,procedure,Pasaporte
80aaee6aa0e9ef1a,procedure,Cédula
299a6372f4a94546,procedure,PPT
299a6372f4a94546,procedure,Cédula
299a6372f4a94546,procedure,Pasaporte
d7c2cee72b41865c,procedure,Pasaporte
bc724a674ee7d81b,procedure,PPT
9f2f31910db501ae,procedure,PPT
548e64b65fd018d7,procedure,Trabajo/Empleo
bf58c435574cdc9a,procedure,Trabajo/Empleo
421a52f897c0df75,procedure,Regularización
421a52f897c0df75,procedure,Pasaporte
d67b3281f4dbe4f8,procedure,Regularización
a40f09c61ffa327f,procedure,PPT
a40f09c61ffa327f,procedure,Cédula
8f9c6646ec96a131,procedure,Cédula
f95ccc172be56acf,procedure,Visa
f95ccc172be56acf,procedure,PPT
ec24f430a573f0c4,procedure,Visa
d55b90ed7a61df4b,procedure,Emprendimiento
ad09b28e5df58eb9,procedure,Registro civil/Apostilla
39df22b9e6eff0ba,procedure,Ayuda humanitaria
48a68d9ea2e982df,procedure,PPT
48a68d9ea2e982df,procedure,Cédula
9ac0a72d5155cd90,procedure,Trabajo/Empleo
df5493bc64bb8cb4,procedure,Emprendimiento
76870a8c64b512a6,procedure,Refugio/Asilo
1346dda811b3848b,procedure,Ayuda humanitaria
3800cddd1bc808fa,procedure,Salud/EPS
5893a3ec44920f30,procedure,Salud/EPS
439fdaffd7f76cd1,procedure,Salvoconducto
439fdaffd7f76cd1,procedure,Salud/EPS
b15021ac69cd4e2f,procedure,Trabajo/Empleo
74e091b10180f7db,procedure,Trabajo/Empleo
0f79b24a6089d5a6,procedure,Ayuda económica
cc6400adccc9881c,procedure,Ayuda económica
191e7bd201e810e5,procedure,Ayuda económica
79493714e1ec752b,procedure,Ayuda humanitaria
b1abbba34a911fc5,procedure,Vivienda/Arriendo
91ff9ddd048ab824,procedure,Vivienda/Arriendo
f3aa048618fad208,procedure,Regularización
0f43be2bb1600d1b,procedure,PPT
d1ae900dd752c962,procedure,Regularización
d1ae900dd752c962,procedure,Pasaporte
72451f80628f52c8,institution,SENA
865c78ebc7a1beed,procedure,PPT
55079d1e4a840669,procedure,Cédula
0e3f79cd2a089147,procedure,Trabajo/Empleo
bf0259511300870b,procedure,PPT
613dd8d2458fa988,procedure,Salvoconducto
555765d37ee8593e,procedure,Salvoconducto
ea31df9faae94152,procedure,PPT
99534b628f084f73,procedure,Trabajo/Empleo
bb36099c7a48cc77,procedure,Trabajo/Empleo
6bfe180593d06de0,procedure,Ayuda humanitaria
6bfe180593d06de0,procedure,Salud/EPS
3a02e0931aa58f75,procedure,Salvoconducto
3ec53bd7f864e637,procedure,Salvoconducto
0165c49bb091d236,procedure,Salvoconducto
794cc44d9aa7fc3c,procedure,PPT
a350262e6227cb5e,institution,Migración Colombia
2325d90d056995c6,procedure,Refugio/Asilo
0e1e0a025918b834,procedure,Visa
0e1e0a025918b834,procedure,Pasaporte
2b45e1b0823b6a53,procedure,PPT
827b5235bab88a5e,procedure,PPT
de9b59220e40d0ca,procedure,SISBÉN
d40c654a7fd31427,procedure,Ayuda humanitaria
7e2e759713a1c660,procedure,PPT
7e2e759713a1c660,procedure,Salud/EPS
7e2e759713a1c660,procedure,Cédula
7e2e759713a1c660,procedure,Pasaporte
7b06a0467a22b74a,procedure,Salvoconducto
7b06a0467a22b74a,procedure,Cédula
7b06a0467a22b74a,procedure,Pasaporte
b291033c6694b5f8,procedure,Salvoconducto
16866b062abe9c44,procedure,Pasaporte
b87cd3b4f1674326,procedure,Trabajo/Empleo
52acc95ba78c9cff,procedure,Pasaporte
8852cb098e491366,procedure,Trabajo/Empleo
1e0717f64f5e4cde,procedure,Trabajo/Empleo
5802cdb0b63dfacb,procedure,PPT
e2ae3fca5b02dcc7,procedure,Trabajo/Empleo
832de9d169858d77,procedure,Salvoconducto
832de9d169858d77,procedure,Trabajo/Empleo
b9654c4a5abf069f,procedure,PPT
a3d88e367da8648c,procedure,PPT
cecb8a61807b083e,procedure,PPT
c8caf6a2d1f0ecf6,procedure,PPT
ffea066199754ad4,procedure,Salud/EPS
ad554f75ba7aa362,procedure,Salvoconducto
ad554f75ba7aa362,procedure,Regularización
4df55e5d15a1c49f,procedure,PPT
efb0f780121a937c,procedure,PPT
efb0f780121a937c,procedure,Cédula
258b3acb9addaafb,procedure,Pasaporte
48e0b0f3a783f13e,procedure,Trabajo/Empleo
37481d5a43cbee73,procedure,Trabajo/Empleo
55dab8c8b8d61bb1,procedure,Trabajo/Empleo
fadc59f0220bd514,procedure,PPT
bd49d38a15a54677,institution,Migración Colombia
03d4770eae729649,procedure,Regularización
da895b51feddae25,procedure,PPT
cb40966acfd8c67d,procedure,PPT
75777b19e73e99fd,procedure,Vivienda/Arriendo
75777b19e73e99fd,procedure,Emprendimiento
f0a438d61feb6ffa,procedure,Trabajo/Empleo
97225d6a627e3dc3,procedure,Trabajo/Empleo
138b31315ccb459b,procedure,Trabajo/Empleo
05f3c78c7c478781,procedure,Pasaporte
11f86c8ed8a3ad2f,procedure,Trabajo/Empleo
11f86c8ed8a3ad2f,procedure,Regularización
11f86c8ed8a3ad2f,procedure,Salud/EPS
9893fa2e697f7b2d,procedure,Trabajo/Empleo
9893fa2e697f7b2d,procedure,SISBÉN
9893fa2e697f7b2d,procedure,Salud/EPS
380e5913b818382c,procedure,PPT
c3b8abfacc413f0f,procedure,Salud/EPS
40885c451cba904c,procedure,Regularización
40885c451cba904c,procedure,Salud/EPS
5bbe62ae10261629,procedure,PPT
6d09a4f5f72b7cb7,procedure,Pasaporte
9dec1e035354a972,procedure,Emprendimiento
9dec1e035354a972,procedure,Pasaporte
443a995bb78cc065,procedure,PPT
d9616fa6a3c5e180,procedure,Regularización
fff05d9739444249,procedure,Emprendimiento
fc6eb76b1e1fb16f,institution,SENA
e127e5486829527c,procedure,Salud/EPS
1e441ac1a2afe0b6,procedure,Salud/EPS
761b926338190670,procedure,Trabajo/Empleo
7ad590b7bab33e61,procedure,PPT
7ad590b7bab33e61,procedure,Salud/EPS
c24891de56d0d946,procedure,Salud/EPS
2d3fe7f95c930c4a,procedure,Salud/EPS
e38d7c4a6b85eb25,procedure,Salud/EPS
95b31bbfaad7f5e5,procedure,Regularización
09ef7881dfa0a7e5,procedure,PPT
5a09b28a4fc25a31,procedure,PPT
5a09b28a4fc25a31,procedure,Educación
5a09b28a4fc25a31,institution,Migración Colombia
4e5dff8388a597a3,procedure,PPT
bd9a878515f32642,procedure,Emprendimiento
d8d101e649d2e1ea,procedure,Salvoconducto
d8d101e649d2e1ea,procedure,Salud/EPS
8cd942726b62a19c,procedure,Pasaporte
bddea8aea9715c54,procedure,Salvoconducto
bddea8aea9715c54,procedure,Pasaporte
5fef806f5292d5d8,procedure,PPT
254094d848ee746c,procedure,Salud/EPS
72161a202712cd1f,procedure,Ayuda humanitaria
6630f79296d4e722,procedure,Trabajo/Empleo
3e8a374687c0ffc1,procedure,Visa
d25e2f2482474f42,procedure,Salvoconducto
d25e2f2482474f42,procedure,Refugio/Asilo
45d5ca18cf5f7c33,procedure,Salud/EPS
020b336bd77b457d,procedure,Salud/EPS
c4f8d59c709db0ea,procedure,Salud/EPS
892253db03e991b6,procedure,PPT
872f552e537a7673,institution,Migración Colombia
aaff7b3a7e918ce2,procedure,Refugio/Asilo
aaff7b3a7e918ce2,procedure,Salud/EPS
99cef780b17cf152,procedure,Refugio/Asilo
2f227294caca23b2,procedure,PPT
e544e9519399f44d,procedure,PPT
19d1880dcccfc7b2,procedure,PPT
4b3de018ce998120,procedure,Salud/EPS
95b8727565ad9b34,procedure,Salud/EPS
1137263a314c849e,procedure,Trabajo/Empleo
1fc68fda75f01e73,procedure,Salvoconducto
1fc68fda75f01e73,procedure,PPT
1fc68fda75f01e73,procedure,Trabajo/Empleo
1fc68fda75f01e73,procedure,Pasaporte
4dedcadb95e7099f,procedure,Salvoconducto
4dedcadb95e7099f,procedure,Salud/EPS
ab88544011ae012a,procedure,Salvoconducto
b5389391fccb7ed1,institution,Migración Colombia
a9767074b87e5f83,procedure,Salvoconducto
a9767074b87e5f83,procedure,Pasaporte
48a499052da2411f,procedure,Salvoconducto
48a499052da2411f,procedure,Pasaporte
5edc7c98d4bc1d27,procedure,Pasaporte
a79010fbf168bf95,procedure,Salvoconducto
a79010fbf168bf95,procedure,Pasaporte
8a97e07c0bebc5ff,procedure,Trabajo/Empleo
8a97e07c0bebc5ff,institution,Migración Colombia
8a97e07c0bebc5ff,procedure,Pasaporte
8627b1f9d655e6ee,institution,Migración Colombia
964c5085592054f9,procedure,Salvoconducto
3c23ac41a9042cba,procedure,PPT
7d4c64dcc5505de9,procedure,Refugio/Asilo
b0e79934436e23ab,procedure,Trabajo/Empleo
e1cffae321ec38ad,procedure,PPT
51f2790c658ac180,procedure,PPT
51f2790c658ac180,procedure,Trabajo/Empleo
b203b1135b524089,procedure,Regularización
13ce3233e1a251e8,procedure,PPT
c1d44393b4f43213,procedure,PPT
c1d44393b4f43213,procedure,Nacionalidad/Naturalización
001fa5deed77e19f,procedure,Ayuda económica
9b7e3eb1e0452c49,procedure,Ayuda económica
c2a3335b98f68f08,procedure,Emprendimiento
85855ba7d7c0b07f,procedure,Salvoconducto
85855ba7d7c0b07f,procedure,PPT
9801f2527ab0465b,institution,Migración Colombia
44a7bd1835fc06c7,procedure,Salvoconducto
44a7bd1835fc06c7,institution,Migración Colombia
e0a017c13de833bb,procedure,Salvoconducto
e0a017c13de833bb,institution,Migración Colombia
4a319929d4610985,procedure,PPT
4a319929d4610985,institution,Migración Colombia
558fb54dc6ee7e83,procedure,PPT
974df77bb16de7e2,procedure,PPT
7fbdfd3f6bfe2244,procedure,Emprendimiento
bad623240fdf442f,procedure,Emprendimiento
183319c58997a7b4,procedure,PPT
aab9c35a7de3ee28,procedure,PPT
5daffb844090d859,procedure,PPT
2fd6a43464a2ca1a,procedure,PPT
2fd6a43464a2ca1a,procedure,Trabajo/Empleo
c0bae31612fb3451,procedure,Salud/EPS
aedf6fda4ebcf524,procedure,Trabajo/Empleo
aedf6fda4ebcf524,procedure,Ayuda humanitaria
aedf6fda4ebcf524,procedure,Salud/EPS
9fd7cfde073ae3ca,procedure,Trabajo/Empleo
9fd7cfde073ae3ca,procedure,Ayuda humanitaria
37719f1fa915839f,procedure,Regularización
60cb870b80ea3196,procedure,PPT
60cb870b80ea3196,procedure,Cédula
60cb870b80ea3196,procedure,Pasaporte
9cad8bc986c82cc4,procedure,Visa
9cad8bc986c82cc4,procedure,Cédula
9cad8bc986c82cc4,procedure,Pasaporte
980f729927c130fc,procedure,PEP
980f729927c130fc,procedure,Salud/EPS
f960ff9be7ae1bac,procedure,Salud/EPS
13164237c5fcb5f0,procedure,Vivienda/Arriendo
d4263902f1309050,procedure,Ayuda económica
cc1d73f2e247ee85,procedure,PPT
d0965ee3832094b3,procedure,PPT
73c0ebaa94c890f6,procedure,Salud/EPS
fce2061500f6d6ed,procedure,SISBÉN
f840b40e0e71c623,procedure,SISBÉN
5eb91cd7823d516f,procedure,Salud/EPS
901040520c0bb0de,procedure,Vivienda/Arriendo
901040520c0bb0de,procedure,Ayuda económica
a92434d97b56bd5e,procedure,Trabajo/Empleo
4302df844e88e04c,procedure,Trabajo/Empleo
899e563dbfc4e15a,procedure,Regularización
76c0570b9a4b490a,procedure,PPT
7943523f846cbf3a,procedure,Regularización
834eec6711f43b45,procedure,Pasaporte
9ca22d74c2de32d5,procedure,Regularización
15ed1f74bb7fcb22,procedure,Registro civil/Apostilla
c1069f2c09ffdc93,procedure,Registro civil/Apostilla
e3541b539c293e4e,procedure,Registro civil/Apostilla
e56235c1accc019a,institution,Cancillería
3f1fe4eef7577acf,procedure,Registro civil/Apostilla
9a4e8c2acb146aa5,institution,Cancillería
7f8c9119c4dc1157,procedure,Salud/EPS
1d67d93c7423f591,procedure,Trabajo/Empleo
1d67d93c7423f591,procedure,Salud/EPS
1d67d93c7423f591,procedure,Ayuda económica
142fc78c407df5dc,procedure,Trabajo/Empleo
142fc78c407df5dc,procedure,Educación
142fc78c407df5dc,procedure,Salud/EPS
16ab43e8538c5974,procedure,PPT
8060d7d7a65805f9,procedure,Salvoconducto
8060d7d7a65805f9,procedure,Trabajo/Empleo
a98f16299f90b727,procedure,Salvoconducto
ae4436515cb4e1ec,procedure,Regularización
0e57dd34a031c9ca,procedure,Salvoconducto
1164ddee05ec5fa4,procedure,Visa
a532c26378af1b7b,procedure,Regularización
5ce0813041257599,procedure,Pasaporte
e4e9eb233ff8f135,procedure,Refugio/Asilo
da064dcda2c58369,procedure,Trabajo/Empleo
1af84c38585ae66c,procedure,Salvoconducto
81ba49ca861538d3,procedure,Visa
7e999cc286ff6897,procedure,Visa
d29ae63a7e6dc965,procedure,Visa
668614b7cdcd311c,procedure,Visa
668614b7cdcd311c,procedure,Cédula
668614b7cdcd311c,procedure,Pasaporte
8104082ed9a0da66,procedure,PPT
c7b94cb1218ae55a,procedure,PPT
51e15c1a72cb3c92,procedure,Vivienda/Arriendo
38e72f3cf3db8b5f,procedure,Trabajo/Empleo
38e72f3cf3db8b5f,procedure,Ayuda humanitaria
38e72f3cf3db8b5f,procedure,Emprendimiento
c8cbf11ccec9d23c,procedure,Ayuda humanitaria
3d688dcc23ad5ef6,procedure,Nacionalidad/Naturalización
21090f841160eeba,procedure,PPT
7138652929949ebc,procedure,Pasaporte
870afbb4fe5c422b,procedure,Pasaporte
3549ac17030a5456,procedure,Ayuda humanitaria
12ba61f628390aeb,procedure,PPT
2f1c0f7f79a8b0f5,procedure,Ayuda humanitaria
751ed57f8a0de9a3,procedure,PPT
7dc730125911850e,institution,ICBF
ccea96cfd5347620,procedure,Salud/EPS
4f339b61eeba203d,procedure,Ayuda humanitaria
25d2233c673a02d9,procedure,Ayuda humanitaria
39e196ad14dacd65,procedure,Cédula
7a48dd11a1c465d5,procedure,Regularización
f81fc56e1de3ffc0,procedure,PPT
f81fc56e1de3ffc0,institution,Migración Colombia
f81fc56e1de3ffc0,procedure,Salud/EPS
4517efcdb81642fb,procedure,PPT
a19659ef0e09a769,procedure,PPT
a19659ef0e09a769,procedure,Salud/EPS
9227d2de69674ab7,procedure,Salud/EPS
f0ee8fef35f7cd86,procedure,PPT
5468ba3ea964bd97,procedure,PPT
18de61530bfee47f,procedure,PPT
79cfb1dd0fd0b29b,procedure,Ayuda económica
396e541f82282a23,procedure,Trabajo/Empleo
ff37dfe3f27a8f3e,procedure,Pasaporte
8e9ffc09de04bc76,procedure,Cédula
aee90f5c98d8da33,institution,ACNUR
e120caf8d9ddb383,procedure,Regularización
03611a092d7459cf,procedure,PPT
91f2303b6f811a63,institution,Migración Colombia
951ad634ee73e1a6,procedure,Salud/EPS
a720153180467b82,procedure,PPT
e96adf33e30f2df0,procedure,SISBÉN
374016e3d9951fe2,procedure,Salud/EPS
76277347972731e7,procedure,SISBÉN
a9bf4d8085fae671,procedure,PPT
a9bf4d8085fae671,procedure,Ayuda humanitaria
be547ad1d777fe47,procedure,PPT
be547ad1d777fe47,institution,Migración Colombia
f289dca228bc8b09,institution,Migración Colombia
f871ac0ad702b643,procedure,Emprendimiento
e0e7e00a368b5d28,procedure,Emprendimiento
6428602da3406653,procedure,Emprendimiento
f3f100fe46f30309,procedure,Trabajo/Empleo
db39ecd18d3d13ec,procedure,Salud/EPS
5cf312c2f1feaf65,procedure,SISBÉN
5cf312c2f1feaf65,procedure,Salud/EPS
ff691ae6ba03beff,procedure,SISBÉN
84f79bb7d8477a64,procedure,Salud/EPS
bafb20f9ed9e04f8,procedure,PPT
bafb20f9ed9e04f8,procedure,Cédula
214a5040542de6cf,procedure,PPT
0646b37d054601a6,procedure,Visa
5b9280eb04f6f4d5,procedure,Trabajo/Empleo
8f304d7579f37914,procedure,Visa
df20394cc22e865b,procedure,Refugio/Asilo
f479e3c6cb87ebf4,procedure,Visa
f479e3c6cb87ebf4,procedure,Regularización
9e4cd51e5453d1f9,procedure,Regularización
1da87ae2e14bd6b0,procedure,PPT
1da87ae2e14bd6b0,procedure,Cédula
3b387a72288470f3,procedure,Trabajo/Empleo
df79031337247581,procedure,PPT
1ae3dd65a4298aa7,procedure,PPT
17e8af7a636b746b,procedure,Ayuda humanitaria
59672cfd96b0512a,procedure,Ayuda económica
0096a5ccab8e82cd,procedure,Trabajo/Empleo
0096a5ccab8e82cd,procedure,Cédula
55d23e204f76c839,procedure,PPT
4e1f96a64c274c20,procedure,Visa
f58164b15fe2e4c3,procedure,PPT
0bb97c3df9a27245,procedure,Trabajo/Empleo
0bb97c3df9a27245,procedure,Salud/EPS
761cf79ad874c707,procedure,Trabajo/Empleo
761cf79ad874c707,procedure,Vivienda/Arriendo
07444af8839e761a,procedure,Ayuda económica
a5dd1a4cde4ee4bf,procedure,Visa
769b54b021a07565,procedure,Emprendimiento
ac8ed27c851bfaee,procedure,Trabajo/Empleo
ac8ed27c851bfaee,procedure,Regularización
4c49ffb850c2fa9b,procedure,Refugio/Asilo
9672f62f73abde73,procedure,Visa
95b571f5d349992b,procedure,Visa
79919b592385fae9,institution,Migración Colombia
79919b592385fae9,procedure,Pasaporte
027f3a5cd784e854,procedure,Visa
a099d31868705757,procedure,Salud/EPS
0178ffd0b25694fb,procedure,Salud/EPS
70b3fd0200bff09f,procedure,Salud/EPS
9e2bb4ebae6d5665,procedure,Salvoconducto
b221b71ad7dc4513,procedure,Salvoconducto
bed9f77e8e9e4391,procedure,Salvoconducto
b297a9ed6e887aae,procedure,PPT
b297a9ed6e887aae,procedure,Regularización
47c8e0b82c9b6f25,procedure,Salvoconducto
47c8e0b82c9b6f25,procedure,Regularización
f1697d258121949f,procedure,PPT
63f50284fa9cf737,procedure,Regularización
0c1d4209b89a05e0,procedure,PPT
f2192b981eb6072b,procedure,Cédula
41d0af6016333d7e,procedure,Nacionalidad/Naturalización
3fc45a6877b9cd0e,procedure,Registro civil/Apostilla
dbf4a4ca2b9c0def,procedure,Emprendimiento
5d836cb43aeab17d,procedure,PPT
5d836cb43aeab17d,procedure,Emprendimiento
a0497ab0d8d8f17b,procedure,PPT
a0497ab0d8d8f17b,procedure,SISBÉN
ec71d838771cd4ee,procedure,SISBÉN
6ae6fc18127335db,procedure,PPT
1cb90c3c8bd0dc30,procedure,Ayuda humanitaria
ed11b820d41c0473,procedure,Ayuda humanitaria
11bc2612ff8067fb,procedure,Salvoconducto
6efd45108d2292c9,procedure,Visa
071072501a064930,procedure,Visa
ed13fd951c1ee1cc,procedure,Regularización
db7710ec4885e72d,institution,ACNUR
b70693d210f9f7ca,procedure,Emprendimiento
b4524a2b4efda5a9,procedure,Salvoconducto
b4524a2b4efda5a9,procedure,Trabajo/Empleo
b4524a2b4efda5a9,procedure,Salud/EPS
b22cb9cd18598178,procedure,Regularización
93d096cbe0bbea72,procedure,PPT
4a97e8b6c59a130f,procedure,Regularización
8b907ae69a26966d,procedure,Regularización
4c44809d8ce25b81,procedure,PPT
6a5272a878191c20,procedure,PPT
790ae697c22bf68b,procedure,PPT
4997a8f025bc0dd5,procedure,PPT
677d16f6617d28b3,procedure,Salvoconducto
fc88601aa6d9efd9,procedure,Salvoconducto
fc88601aa6d9efd9,procedure,PPT
e1eba690d16c4754,procedure,Regularización
e1eba690d16c4754,procedure,Pasaporte
2ae635b86fd3e8f4,procedure,Trabajo/Empleo
bf47db1f3ec40b44,procedure,Trabajo/Empleo
dc9f80d12b6a9ba8,procedure,Trabajo/Empleo
d5216829dc940400,procedure,Emprendimiento
353e58d010bd88b0,procedure,PPT
353e58d010bd88b0,procedure,Nacionalidad/Naturalización
85c614d14ce2b2f5,procedure,Salud/EPS
74d83a85a814a705,procedure,PPT
93135c349b6098f9,procedure,Salud/EPS
5a57486e06a36f33,procedure,PPT
5a57486e06a36f33,procedure,Cédula
5a57486e06a36f33,procedure,Pasaporte
dcb99a98dd7b9a06,procedure,Trabajo/Empleo
967472a333358b9e,procedure,PPT
3561eaefefcf7911,institution,Migración Colombia
3561eaefefcf7911,procedure,Salud/EPS
95fd80100c5cb2ae,procedure,PPT
95fd80100c5cb2ae,procedure,Salud/EPS
fce5801cf97eacb4,procedure,PPT
7b2bac3a7c338baf,procedure,Trabajo/Empleo
0cfbe0b3292961e2,procedure,Regularización
481618a29326da02,procedure,PPT
cfa148ae73d32c61,procedure,Salvoconducto
1fec9742f39933ba,procedure,PPT
96d4e8287514f1c2,procedure,PPT
b4e230f8bdda3861,procedure,Visa
ed55650e5d6e3eca,institution,Migración Colombia
e4f01074d8b971eb,procedure,Emprendimiento
261ddfc9738862e7,procedure,Trabajo/Empleo
261ddfc9738862e7,procedure,Ayuda humanitaria
26eb245fc74065ef,procedure,Cédula
30f9d9d0d6df4aca,procedure,Salud/EPS
e298692488300c4c,procedure,Regularización
4d4643648319c477,procedure,PPT
3981daf6cebc8444,procedure,Emprendimiento
3d2ab6cd77b27e85,procedure,Visa
3d2ab6cd77b27e85,procedure,Regularización
3d2ab6cd77b27e85,procedure,Pasaporte
a8b88739c491f7e7,procedure,PPT
cc98765da7da5692,procedure,PEP
bd68689a91ce08e1,procedure,Salvoconducto
1dfbb8722ccebd87,procedure,Ayuda humanitaria
ba785ac6c93254a1,procedure,PPT
48ce255d9acfa761,procedure,SISBÉN
6e8b2b671c15043c,procedure,Cédula
f95073aa97253ccf,procedure,Salud/EPS
ca60e7536b158350,procedure,PPT
ca60e7536b158350,procedure,Trabajo/Empleo
10dde33285c83cb6,procedure,PPT
3a2f5a6aafe88a24,procedure,Visa
336d835667c4e0a5,procedure,Ayuda humanitaria
e2160b3343344845,procedure,PPT
b0ffe3a04e123784,procedure,PPT
17c1635a7c269a73,procedure,Salud/EPS
f6e7a913e29da93e,procedure,PPT
82c5c2300aecbd8d,procedure,PPT
8c1ab5340f5de8dc,procedure,Nacionalidad/Naturalización
8245d98dfc0e94b3,procedure,Trabajo/Empleo
d6e61a70d32ea0f1,procedure,PPT
9d391716737941cc,procedure,Trabajo/Empleo
3f7e827b17df72f9,procedure,Salud/EPS
1133db62c5d51217,procedure,PPT
1133db62c5d51217,procedure,Salud/EPS
add6716fb13f2899,procedure,Registro civil/Apostilla
11e4925965517c8e,procedure,PPT
11e4925965517c8e,procedure,Trabajo/Empleo
b542f152217bba43,procedure,PPT
328c0d7fee34d392,procedure,Refugio/Asilo
cc8c76a8dabd6720,procedure,PPT
c66170e0b561139d,procedure,Trabajo/Empleo
3a0144e90797cbe7,procedure,Salud/EPS
3b47fb9006e7c62b,procedure,PPT
3b47fb9006e7c62b,procedure,Cédula
acc35217b6402491,procedure,Ayuda humanitaria
9fe625b44aa095fa,procedure,Emprendimiento
99363a7736976663,procedure,Ayuda humanitaria
99363a7736976663,procedure,Emprendimiento
e98cb0454c0f037b,procedure,Ayuda humanitaria
e98cb0454c0f037b,procedure,Emprendimiento
fc1ec5efce2f6dd4,procedure,Ayuda humanitaria
c76698f10236e9d8,procedure,Visa
85e11dc5f4ecb269,procedure,Ayuda humanitaria
f31c07ecde7295f2,procedure,Ayuda humanitaria
badf4a55ac4c5ab5,procedure,Emprendimiento
6f3cf53eadac97ec,procedure,Nacionalidad/Naturalización
81e2391ca9c6c9a4,procedure,PPT
cddf336d038b17ad,procedure,Cédula
839b5e5f2ac598d1,procedure,PPT
839b5e5f2ac598d1,procedure,Cédula
b906d97cf3cabc61,procedure,PPT
b906d97cf3cabc61,institution,Migración Colombia
b906d97cf3cabc61,procedure,Pasaporte
81a9ebde622af0d7,procedure,Regularización
c8be802874a78c09,procedure,PPT
4710af2c3738fdf7,procedure,PPT
4710af2c3738fdf7,procedure,PEP
d74e03c1e9b358c3,procedure,PPT
34c32acf65f656cc,procedure,Regularización
da0b3aa640ebb4ea,procedure,Regularización
48b0ddb68fa27b72,procedure,Regularización
9551de2b808da0a3,procedure,PPT
9551de2b808da0a3,procedure,Regularización
45f485f309810316,procedure,Refugio/Asilo
45f485f309810316,institution,Cancillería
8c17508ae8987a5d,procedure,Salvoconducto
3014ed07712251ce,procedure,Salvoconducto
3014ed07712251ce,procedure,Salud/EPS
dcb6a1f408635d1c,procedure,Cédula
d19c5c8b36a8989c,procedure,PPT
67026fe3a3e319b9,procedure,Regularización
2cb2e7014543352c,procedure,Visa
2cb2e7014543352c,procedure,Nacionalidad/Naturalización
ca552d16d5a9f4c9,institution,Cancillería
ca552d16d5a9f4c9,procedure,Pasaporte
441aef9e89a72388,procedure,Refugio/Asilo
0f84480024da9220,procedure,Refugio/Asilo
dae39ac8ecb57f4a,procedure,Emprendimiento
83437a664730f58e,procedure,Ayuda humanitaria
762a2430f853302b,procedure,Trabajo/Empleo
d64a62a7a98e7f1b,procedure,Salud/EPS
285903d1e7ef30cc,procedure,Salud/EPS
e258d91ef0c9ea8a,procedure,Cédula
fc01448af7fad1af,procedure,Emprendimiento
b5f7b8640327a84a,procedure,Salud/EPS
4d01192bd64d30b9,procedure,PPT
6e480c9d0210ab8e,procedure,PPT
434becaabd9ac6d3,procedure,PPT
758b0ac440086081,procedure,PPT
758b0ac440086081,procedure,Trabajo/Empleo
3fa7ae3df05c2e15,procedure,Regularización
158e6118f4f5baec,procedure,PPT
158e6118f4f5baec,procedure,Regularización
0ac2a4ffbc2a134f,procedure,Salud/EPS
a0aefed38f009e0e,procedure,Salvoconducto
f61b750d9965de73,procedure,Trabajo/Empleo
f61b750d9965de73,procedure,Salud/EPS
dd0343b5a0dda512,procedure,Salud/EPS
0eb0de8db65663a5,procedure,Pasaporte
ea90458a376f07b9,procedure,Trabajo/Empleo
ea90458a376f07b9,procedure,Cédula
ea90458a376f07b9,procedure,Pasaporte
b5609b43d47097ae,procedure,Regularización
97cebd4be21e9a4d,procedure,Registro civil/Apostilla
eaa68af4700f86eb,procedure,Registro civil/Apostilla
639e32ea0d1c9b29,procedure,Cédula
fb65b896257de53f,procedure,Ayuda humanitaria
d988ca1e61355052,procedure,Emprendimiento
01a45e7466371e79,procedure,Nacionalidad/Naturalización
68fedb73c1a3d2ed,procedure,Nacionalidad/Naturalización
59508c1ee8bbe60e,procedure,Salud/EPS
565381416b330049,procedure,Regularización
6259c656202d773e,procedure,Salvoconducto
6259c656202d773e,procedure,PPT
6259c656202d773e,procedure,Trabajo/Empleo
ba0526d78f3860f9,procedure,Salvoconducto
b68bb243157b6f6f,procedure,Salud/EPS
6397d1ffcd8ebf79,procedure,Cédula
02990fc60db44abb,procedure,Regularización
78e80c76177fd2e0,procedure,PPT
10957dd0a270e07d,institution,Migración Colombia
c8a8d45837512747,procedure,PEP
e2636037693e8450,procedure,Regularización
e2636037693e8450,procedure,Pasaporte
8b03584a734cb996,procedure,PPT
7d81f975447e0ec3,procedure,Trabajo/Empleo
362334fa1e293f99,procedure,Cédula
2a264508f9cd3ad9,procedure,Trabajo/Empleo
2a264508f9cd3ad9,procedure,Nacionalidad/Naturalización
2a264508f9cd3ad9,procedure,Emprendimiento
8bf416454687badf,procedure,Trabajo/Empleo
844dbea570c46096,procedure,PPT
844dbea570c46096,procedure,Vivienda/Arriendo
49c8449f0339e3d6,procedure,Regularización
df6c4bd0fe27810b,procedure,Regularización
72b8090abb65b84e,procedure,Ayuda humanitaria
dcdcaae6506e741b,procedure,Emprendimiento
bdea908da7917d34,procedure,PPT
bdea908da7917d34,procedure,Emprendimiento
20ba3b55712b5b6c,procedure,PPT
0669dff9e079c2bb,procedure,PPT
c5eb5132abae0442,procedure,Salud/EPS
868a06c2e61a5789,procedure,Trabajo/Empleo
7c01598958da9780,procedure,PPT
920fdeab8098297a,procedure,PPT
1856df147bda46cc,procedure,Trabajo/Empleo
eeba5cf32d6846ed,procedure,Trabajo/Empleo
f52becfd956e3563,procedure,Salvoconducto
f52becfd956e3563,procedure,Salud/EPS
29367c48bae66b98,procedure,PPT
29367c48bae66b98,procedure,Pasaporte
9338e4b124026686,procedure,PPT
3594d76d131e3977,procedure,PPT
b47e6f23465eddbe,procedure,PPT
b47e6f23465eddbe,procedure,Cédula
ef236d9154201cc0,procedure,PPT
ef236d9154201cc0,procedure,Cédula
aec3d811d3f9335b,procedure,Visa
69fa26cd1a99bab9,procedure,Visa
2a187eb2ff6aa370,procedure,Trabajo/Empleo
6ddf2c0f00107c67,procedure,Vivienda/Arriendo
6ddf2c0f00107c67,procedure,Emprendimiento
3c6cb37c33461a15,procedure,Salvoconducto
3c6cb37c33461a15,procedure,PPT
d3627c87028fbdab,procedure,Trabajo/Empleo
d3627c87028fbdab,procedure,Emprendimiento
0d8133edb1eb8f2d,procedure,PPT
0d8133edb1eb8f2d,institution,Migración Colombia
886049e602ad7dad,procedure,Salvoconducto
886049e602ad7dad,procedure,PPT
c9e71a27fba6ea1d,procedure,PPT
bb304533c3306e08,procedure,Ayuda económica
bf18b0fa642c5302,procedure,Vivienda/Arriendo
bf18b0fa642c5302,procedure,Ayuda económica
16d4d8955ec207a3,procedure,Salvoconducto
1c223af489ee15ad,procedure,Salvoconducto
c532cd6410b98153,procedure,PPT
bbf14d2e6b27a4a5,procedure,Vivienda/Arriendo
bbf14d2e6b27a4a5,procedure,Ayuda económica
4066373dec0d6aab,procedure,Ayuda humanitaria
e1629fb9da1cec5f,procedure,Emprendimiento
09988166475477fc,procedure,Nacionalidad/Naturalización
6779bff1406baeee,procedure,Vivienda/Arriendo
25f766ef7434dacb,procedure,SISBÉN
219d0881d3d65ae8,procedure,Trabajo/Empleo
6a147f28e140b15a,procedure,Nacionalidad/Naturalización
68a440e637564360,procedure,Nacionalidad/Naturalización
6da23f802a78fb6f,procedure,Vivienda/Arriendo
6da23f802a78fb6f,procedure,Ayuda económica
9e497101176e82c3,procedure,Trabajo/Empleo
9b105fee9663d1f3,procedure,Trabajo/Empleo
9b105fee9663d1f3,procedure,Cédula
697a5854590a9504,procedure,PPT
9da567f9a7e6a2ca,procedure,PPT
9da567f9a7e6a2ca,procedure,Cédula
51e70f77bdf6a0c4,procedure,Trabajo/Empleo
be93df5704eb7607,procedure,Emprendimiento
be93df5704eb7607,procedure,Ayuda económica
22bd821daa7d103e,procedure,Trabajo/Empleo
22bd821daa7d103e,procedure,Emprendimiento
74ca78af7db12b40,procedure,Nacionalidad/Naturalización
f17db0143cb51948,procedure,Educación
f17db0143cb51948,procedure,Salud/EPS
a4cb1ffc45d3e594,procedure,Nacionalidad/Naturalización
a4cb1ffc45d3e594,procedure,Registro civil/Apostilla
65dadba0c44cefe3,procedure,Registro civil/Apostilla
9cf47f4dcdbad907,procedure,Cédula
a6be4deff521b532,procedure,Registro civil/Apostilla
62ce79918fc7f688,procedure,PPT
62ce79918fc7f688,institution,Migración Colombia
62ce79918fc7f688,procedure,Cédula
fe07297e1bcb0396,institution,Migración Colombia
97312b4b3d877571,procedure,PPT
97312b4b3d877571,institution,Migración Colombia
4deb12f8353f5425,procedure,PPT
15c2a70e5a4f9db1,procedure,Ayuda humanitaria
23c3bde6c5255837,procedure,PPT
95cd07fd5f1ec275,procedure,Trabajo/Empleo
95cd07fd5f1ec275,procedure,Vivienda/Arriendo
a39e163661023269,procedure,Trabajo/Empleo
ce2ad7cfe5bfdc16,procedure,Visa
345eed22068120a4,procedure,Cédula
33b36a20ea7e1ed7,procedure,PPT
be37f78266175e53,procedure,PPT
1df25d18625f523c,procedure,Regularización
1df25d18625f523c,procedure,Cédula
f053a545f59142b8,procedure,Salvoconducto
9c4bf40234bc4021,procedure,Salvoconducto
5737eeae32d07ca6,procedure,PPT
c64f9ad79e336e70,procedure,PPT
fbc073fda985129a,procedure,Salud/EPS
ba65a4a1ed678b7e,procedure,Salud/EPS
d20248c4719ea7dd,procedure,Pasaporte
7ac22d323a6761c1,procedure,Salvoconducto
82cde8bcd2ed746a,procedure,Salvoconducto
e0ab428e303783ac,procedure,PEP
a6d4fb78c11744bb,procedure,Salud/EPS
6bfb5a507e459ed1,procedure,PPT
56f5c1666e4833b3,procedure,Salvoconducto
0eac92e18d4e4764,procedure,Salvoconducto
8e86c229c4edb9f8,procedure,PPT
8e86c229c4edb9f8,procedure,Pasaporte
e34255193efc36e7,procedure,Pasaporte
1b03ac83169caa86,procedure,PPT
4e35f39bca9bbce6,procedure,Trabajo/Empleo
4e35f39bca9bbce6,procedure,Salud/EPS
39a01dde065e87e0,procedure,Ayuda humanitaria
efb547f70e7f0a72,procedure,Ayuda económica
b6e3f2c005b30ebf,procedure,Ayuda económica
9f6b379729950d7e,procedure,PPT
2168867ae5569427,procedure,Trabajo/Empleo
0d9e52de02c58d85,procedure,PEP
8c327963f3286dd0,procedure,PEP
39d75495a03e2187,procedure,Pasaporte
b9c5f4dc8afd2229,procedure,Salud/EPS
09edd9df6cd63df9,procedure,Salvoconducto
09edd9df6cd63df9,procedure,Salud/EPS
558e4db7c09b1a10,procedure,PPT
3b9ceac8e06f6ec8,procedure,PPT
c1d13ff27143676b,procedure,Salvoconducto
b805241965944b10,procedure,Salvoconducto
11b9e7af62e22c41,procedure,Salvoconducto
5973b34fbe07e6ba,procedure,Visa
5973b34fbe07e6ba,procedure,PPT
4a94d4f5a23b023b,procedure,PEP
78d7a7805d8d3521,procedure,PPT
1e2eec6fe253e987,procedure,PPT
1e2eec6fe253e987,procedure,Regularización
0f4c85d575468bcb,procedure,SISBÉN
2e2d0542b45768de,procedure,Emprendimiento
07a506f46efa46fa,procedure,Ayuda económica
f6c435e4b077a3e3,procedure,Emprendimiento
f6c435e4b077a3e3,procedure,Ayuda económica
9f4eff35afb58591,procedure,Emprendimiento
bae87c66fc97aab5,procedure,Emprendimiento
bae87c66fc97aab5,procedure,Salud/EPS
a9b141cc71fc44c9,procedure,PPT
a9b141cc71fc44c9,procedure,Cédula
4a57ad360dfd45c1,procedure,Pasaporte
cbc3b44932b45504,procedure,Visa
008a08e5e1766978,procedure,Visa
d78a8c54e8235c44,procedure,Pasaporte
a7f95e8274f75e2f,procedure,Pasaporte
8832ef3759ca9c40,procedure,PPT
2032e28a81b3da08,procedure,PPT
d79215a78f319aff,procedure,PPT
8bc6e5caef7238d5,institution,Migración Colombia
72986317f3bb0760,procedure,Refugio/Asilo
f05cff973e216acd,procedure,Salvoconducto
f83b7a77dc7257fa,procedure,Emprendimiento
32154d5228c0409f,procedure,Ayuda humanitaria
2fb592815d6f3e16,procedure,PPT
d29004036854b983,procedure,PPT
2e47dbe80016aa01,procedure,Refugio/Asilo
1448d7334b7503aa,procedure,PPT
1448d7334b7503aa,procedure,Salud/EPS
cbc06e0d376b6310,procedure,Emprendimiento
09dc3138697ed5b3,procedure,PPT
b336f83a6d8de44e,procedure,PPT
7fda0495f2a85f57,procedure,Ayuda humanitaria
7fda0495f2a85f57,institution,Migración Colombia
1c4c2ba6fddd217e,procedure,Trabajo/Empleo
db470898d00121b2,procedure,Educación
247a002b45c39d4a,procedure,SISBÉN
15f01aa6767c4b59,procedure,PPT
2a99bac187855380,procedure,Nacionalidad/Naturalización
426e4f68cc90e0c4,procedure,Nacionalidad/Naturalización
7ec2833fae3d3022,procedure,Registro civil/Apostilla
5256da4e5bbad9c8,institution,Registraduría
a3f144a9d85412a7,institution,Migración Colombia
76492f65d8539cf1,procedure,Nacionalidad/Naturalización
aaf00e544346ef6f,procedure,Regularización
f4bb11726c85959b,procedure,Salud/EPS
a083f4420d1b777e,procedure,Registro civil/Apostilla
89fd98e4bf83de1e,procedure,PPT
89fd98e4bf83de1e,procedure,Salud/EPS
258ef9522210bef2,procedure,Salud/EPS
74e217eb59fae73e,procedure,Nacionalidad/Naturalización
fd33bbd83da3e552,procedure,Cédula
10316c3c0dc01337,procedure,Salvoconducto
10316c3c0dc01337,procedure,PPT
d569b225a9adbe3f,procedure,PPT
d569b225a9adbe3f,procedure,Regularización
07cc0b58963d073d,procedure,PPT
479ade5b8d28466a,procedure,PEP
8e6fcdd06168a09f,procedure,Educación
eb951a542addf409,procedure,Ayuda económica
8c79b1949c9a3a17,institution,SENA
fb2e9957285f8f80,procedure,Cédula
82e91d9fa1fd9a1a,procedure,Regularización
82e91d9fa1fd9a1a,procedure,Pasaporte
7776a39988ff4d67,procedure,SISBÉN
a45dde862ddf0f11,procedure,Emprendimiento
d7d88810068c9a44,procedure,PPT
96a26483719f71aa,procedure,PPT
0bd445b09e370722,procedure,Trabajo/Empleo
af16a617b32e8087,procedure,PPT
af16a617b32e8087,procedure,Trabajo/Empleo
55686406634f0de4,procedure,PPT
55686406634f0de4,procedure,Trabajo/Empleo
e9ff5b994c50a995,procedure,Salvoconducto
e9ff5b994c50a995,procedure,Trabajo/Empleo
583b092bbcb1d567,procedure,Emprendimiento
3e8ba9403dbe3719,procedure,Pasaporte
470fd07f27e24d6d,procedure,Cédula
48353e5bcdbf08c3,procedure,Salud/EPS
f420b22d152d6179,procedure,Salud/EPS
bc8af787b430e11f,procedure,Trabajo/Empleo
bc8af787b430e11f,procedure,Salud/EPS
e2e405e00aa13740,procedure,PPT
e2e405e00aa13740,procedure,Trabajo/Empleo
e2e405e00aa13740,procedure,Salud/EPS
eb32f21b47d352a1,procedure,Salvoconducto
d8bfb533f277cd12,procedure,Salvoconducto
d8bfb533f277cd12,procedure,PPT
5a0d5395d456e0a1,procedure,PPT
06047175c390760a,procedure,Visa
06047175c390760a,procedure,Trabajo/Empleo
06047175c390760a,institution,Migración Colombia
06047175c390760a,procedure,Salud/EPS
8c2d0cc2ac20984c,procedure,Salvoconducto
8c2d0cc2ac20984c,procedure,Regularización
7a2b908f5be751ff,procedure,Salud/EPS
b1a3d71990fe5cbb,procedure,PPT
b1a3d71990fe5cbb,procedure,Salud/EPS
8a3b0f48628300bb,procedure,Salud/EPS
dc29cab534711302,procedure,SISBÉN
2b0128b071eb0eb9,procedure,PPT
86e4336af04a29af,procedure,PPT
f6e3b3aa899f05a8,procedure,PPT
50eb664dfcc6bddc,procedure,PPT
50eb664dfcc6bddc,procedure,SISBÉN
628f566a32d31617,procedure,SISBÉN
628f566a32d31617,procedure,Cédula
d65a7edd1ae7ed5e,procedure,PPT
41ce4e99890093c7,procedure,PPT
d8b2c7524e13d923,institution,Migración Colombia
5b7a7b046f98721d,procedure,Trabajo/Empleo
8c4f3a8c626e6f53,procedure,Emprendimiento
7e1d21f69bdae761,procedure,Educación
8fee08beb7c539e5,procedure,Pasaporte
c75ae5b81d9a018c,procedure,Cédula
6ba2095217a0af21,procedure,Regularización
c0d6b3fb84e16a87,procedure,Visa
c0d6b3fb84e16a87,procedure,PPT
c0d6b3fb84e16a87,procedure,Regularización
c0d6b3fb84e16a87,procedure,Pasaporte
07ac330a4371ace2,procedure,Salvoconducto
33c351010706b212,procedure,Salvoconducto
624d7c1d56234772,procedure,Trabajo/Empleo
ae87343b7b84d13f,procedure,Salvoconducto
ae87343b7b84d13f,institution,SENA
bfbec0cd318e4472,institution,Cancillería
bf4e49a9588f1afe,procedure,Pasaporte
bb754d32ff2e3990,procedure,Pasaporte
660a68f632328804,procedure,PPT
942dee157e193c67,procedure,Salud/EPS
942dee157e193c67,procedure,Cédula
114e0f88816698b8,procedure,PEP
76cc8fa4d6b05a83,procedure,PPT
3ccf156ac8d8cbc1,procedure,Cédula
c306030b643a3dd5,procedure,PPT
fe0a0c1867a9de78,procedure,PPT
c88788af62fcf58a,procedure,Emprendimiento
dfe5770e7f45fc05,procedure,Emprendimiento
fa7212024008d402,procedure,Regularización
d2c633d1e620e214,procedure,PPT
eab2904a9edf1c55,procedure,Refugio/Asilo
d09ced5af6a92175,procedure,Registro civil/Apostilla
a4ab2190477e1a9d,procedure,PPT
e4c6fe7efa931b19,procedure,Trabajo/Empleo
12f0d653ed9b6a9b,procedure,Visa
3847b4b26fb9bc46,procedure,Trabajo/Empleo
3847b4b26fb9bc46,procedure,Emprendimiento
55bfa778342a780a,institution,SENA
55bfa778342a780a,procedure,Emprendimiento
938f5ffd7ccf2c37,procedure,Salvoconducto
938f5ffd7ccf2c37,procedure,Trabajo/Empleo
372db80008acc567,procedure,PPT
9b93677a15c0e772,procedure,Cédula
86dfbe5fd29533e3,procedure,Trabajo/Empleo
073efc7fbe8ea9bb,procedure,Visa
2ed2f8ae85ebac52,procedure,PPT
b4c0e4d4af48d35b,procedure,Trabajo/Empleo
67ff388e20aede12,procedure,Salud/EPS
514e4322bbba77cb,procedure,PPT
1ba7ee9a5cf7b34c,procedure,PPT
ce4a1dfd181619f5,procedure,Emprendimiento
4cba319874d78dc1,procedure,Salvoconducto
4cba319874d78dc1,procedure,Trabajo/Empleo
a374eba24bd62d8d,procedure,PPT
30acaa15f5751ff5,procedure,Cédula
226040ec5c7abf7d,institution,Migración Colombia
226040ec5c7abf7d,procedure,Cédula
785f15433eac9323,procedure,Visa
785f15433eac9323,procedure,PPT
23f3625801d67fa5,procedure,Visa
0616a7a4afe86395,procedure,Visa
0616a7a4afe86395,procedure,PPT
3c22ce39337ba320,procedure,Ayuda económica
8fc410a791c17cf0,procedure,Ayuda económica
e958bc1e3ec4d0db,procedure,Ayuda económica
ed79a92bbd0aa16f,procedure,PPT
f3f62c408aa416ba,procedure,Educación
d054e02390c4299a,procedure,PPT
2b0ae963a2917997,procedure,PPT
2b0ae963a2917997,procedure,Trabajo/Empleo
16ca02a601a1a03b,procedure,PEP
7b69809f5972fe21,procedure,Refugio/Asilo
b70d7d2e438746a9,procedure,Emprendimiento
5b4416f39fec5b86,procedure,Trabajo/Empleo
e6a9ed87eaf6c141,procedure,Salud/EPS
18cb8a6697e63f74,procedure,Trabajo/Empleo
33619444c0eefbfe,procedure,Salvoconducto
c99c7a5ff3158999,procedure,Trabajo/Empleo
6be10be2898be88b,procedure,PPT
a4a32678367ba711,procedure,Pasaporte
464f793b85b6519a,procedure,Trabajo/Empleo
c14b32904caf56c7,procedure,Pasaporte
92e4d958b94c0b1d,procedure,Salvoconducto
552cfdcd84f45d2c,procedure,Salud/EPS
150528c301148218,procedure,SISBÉN
d4dbcab4ce6028d8,procedure,SISBÉN
b4052ed9039c18cd,procedure,PPT
f472213bbfce3e30,procedure,PPT
00a3ecf126a68731,procedure,PPT
724a506ed79741bc,procedure,Salvoconducto
1904b7d90eedb376,procedure,Trabajo/Empleo
a2fad4248c26ecbe,procedure,Nacionalidad/Naturalización
a2fad4248c26ecbe,procedure,Registro civil/Apostilla
a2fad4248c26ecbe,procedure,Cédula
562c62aa062cd073,procedure,Trabajo/Empleo
ea6c4e959b1f370e,procedure,Trabajo/Empleo
edb43484d9f0ac43,procedure,Vivienda/Arriendo
6c1fa6eb37bdc075,procedure,Ayuda económica
6cbb16e1dd055f06,procedure,Ayuda económica
7398cbb954a8f0b0,procedure,PPT
eb5bf9634bf74036,procedure,Salud/EPS
9334872e3bfdb958,procedure,PPT
e80e74c4263122eb,procedure,PPT
5f231fc9122904b5,procedure,Trabajo/Empleo
b7d212cdaffecad7,procedure,Emprendimiento
57ebe889a762ccd1,procedure,PPT
57ebe889a762ccd1,procedure,Salud/EPS
0e0f1ffb0c168285,procedure,Salvoconducto
f1fb59c0d3c3791c,procedure,Emprendimiento
eaff555539713e5c,procedure,Vivienda/Arriendo
eaff555539713e5c,procedure,Salvoconducto
eaff555539713e5c,procedure,PPT
eaff555539713e5c,procedure,SISBÉN
eaff555539713e5c,procedure,Salud/EPS
1cf8b3186ae24a15,procedure,PPT
6766ed03f9e323c0,procedure,Salud/EPS
7714a1a2e1c86e7f,procedure,Salvoconducto
572861bf829cfbc6,procedure,Salvoconducto
572861bf829cfbc6,procedure,Refugio/Asilo
0dd316209faeb7d0,procedure,Trabajo/Empleo
d57c49256116eef2,procedure,Trabajo/Empleo
82f363f295b6b5dc,procedure,Vivienda/Arriendo
82f363f295b6b5dc,procedure,Ayuda económica
68f9e9c66f767568,institution,ACNUR
d0a4acb77f8e21c0,procedure,Salvoconducto
d0a4acb77f8e21c0,procedure,Refugio/Asilo
3e2936d4d70bb8fe,procedure,Salvoconducto
8d313480e81434dd,procedure,PPT
8d313480e81434dd,institution,Migración Colombia
9076550d5221a28f,procedure,Registro civil/Apostilla
9076550d5221a28f,procedure,Visa
9076550d5221a28f,procedure,Regularización
9076550d5221a28f,procedure,Pasaporte
b86baaa54ec6b992,procedure,Registro civil/Apostilla
b86baaa54ec6b992,procedure,Visa
b86baaa54ec6b992,procedure,Regularización
b86baaa54ec6b992,procedure,Pasaporte
c3a30041c4e472cc,procedure,PPT
c3a30041c4e472cc,procedure,Salud/EPS
0ed23101eabf4c6a,procedure,PPT
7f3e4b97f5ea96d5,procedure,Registro civil/Apostilla
d09a5eff196ecde1,institution,Migración Colombia
d09a5eff196ecde1,procedure,Emprendimiento
973eb13569b7faab,procedure,Trabajo/Empleo
1abe7ba704e805e6,procedure,PPT
1abe7ba704e805e6,procedure,Regularización
1abe7ba704e805e6,procedure,Cédula
367f63ffa5a1bc47,procedure,Ayuda económica
79a432d657673920,procedure,Educación
6a85ec9ec1911c8e,procedure,Trabajo/Empleo
e228de1654c258cd,procedure,Salvoconducto
e228de1654c258cd,institution,Cancillería
e228de1654c258cd,institution,Migración Colombia
e228de1654c258cd,procedure,Salud/EPS
1eb689aaa794351c,procedure,Salvoconducto
1eb689aaa794351c,procedure,Salud/EPS
d99886291b867abc,procedure,Salvoconducto
d99886291b867abc,institution,Cancillería
36563f0e161a8e83,procedure,PPT
36563f0e161a8e83,procedure,SISBÉN
f02c24861d55c8f8,procedure,PPT
753d40ef3a24f5ad,procedure,PPT
f4062ff4787fd4f1,procedure,Emprendimiento
f4062ff4787fd4f1,procedure,Ayuda económica
c3d1e7d0f8bd3d06,procedure,PPT
c3d1e7d0f8bd3d06,procedure,Registro civil/Apostilla
9d6471a3d3f497f3,procedure,Registro civil/Apostilla
248dc5d9dee46bb0,procedure,Regularización
5bd90bcfa804a214,procedure,Trabajo/Empleo
64ade5047b193186,procedure,Salud/EPS
3b747bb16f8dcbf7,procedure,PPT
3b747bb16f8dcbf7,procedure,Salud/EPS
0c38cc32db2b023e,procedure,PPT
2677c6ce7433c6e6,procedure,Salvoconducto
0244302112fc1981,procedure,PPT
db99ec7ca5cdf1d7,procedure,PPT
2bff9e92790c7e70,procedure,Cédula
e12ed8e7c3c67770,procedure,PPT
fc9a6ec57d3649e6,procedure,Ayuda humanitaria
4d018e219552402c,procedure,Ayuda económica
082c28e892df5c7a,institution,Migración Colombia
a0c94f741308583d,procedure,Salud/EPS
62e8c76890839426,procedure,PPT
419f44f690fa56b0,procedure,PPT
216f5466e686454e,procedure,PPT
8b3e19424eb3b26c,institution,Migración Colombia
cfb9322a82c07946,procedure,Vivienda/Arriendo
93bfe21c8f48b9c8,procedure,PPT
93bfe21c8f48b9c8,institution,Migración Colombia
b15cb786e33f17af,procedure,Ayuda económica
0428d92df0d1c5d5,procedure,Trabajo/Empleo
2f88fc844375034b,procedure,Emprendimiento
7ba75d96ea105df6,procedure,Refugio/Asilo
7ba75d96ea105df6,procedure,Salud/EPS
4ffd9f20a92af24d,procedure,PPT
4ffd9f20a92af24d,procedure,Salud/EPS
bc936f7499c5021b,procedure,PPT
f3cf3887dacf82e7,procedure,Regularización
f3cf3887dacf82e7,procedure,Cédula
f3cf3887dacf82e7,procedure,Pasaporte
e08d7ba06cb19e52,procedure,PPT
e0f736fbd74fd5b1,procedure,Regularización
b1b2bd052a6cc6d4,procedure,Visa
471807de5c7e1cbe,procedure,Visa
d09f04a86677ed46,procedure,PPT
d09f04a86677ed46,procedure,Cédula
ad4dd63deff27a7a,procedure,PPT
ec1b22d0d8eb7d16,procedure,Trabajo/Empleo
f584f098d48e4814,procedure,Trabajo/Empleo
4270d2ecc0d67e42,procedure,Emprendimiento
f5e7048d5af9c2c2,procedure,PPT
79e94ed805b27f71,procedure,PPT
7f9a72bf4f326286,procedure,Salud/EPS
e1d3397a5d28ba8d,procedure,Regularización
3be5307b37527ca8,procedure,Regularización
3be5307b37527ca8,procedure,Salud/EPS
1445098157fd6be8,procedure,PPT
2d18187a72ea620b,procedure,PPT
2d18187a72ea620b,procedure,Cédula
b8c080340c497dc0,procedure,Pasaporte
8a5862f9678a43c3,procedure,Ayuda humanitaria
718e5329014224e8,procedure,PPT
718e5329014224e8,procedure,Cédula
14764621221adce0,procedure,Salvoconducto
14764621221adce0,procedure,Visa
14764621221adce0,procedure,Registro civil/Apostilla
14764621221adce0,procedure,Pasaporte
760e0ed48c075d04,procedure,Salvoconducto
fc76fae6aa2af3e2,procedure,PPT
fc76fae6aa2af3e2,procedure,Regularización
fc76fae6aa2af3e2,procedure,Cédula
f46ae541ded7d548,procedure,Visa
f46ae541ded7d548,procedure,PPT
f716009dfd6f061f,procedure,Salvoconducto
6eb9916d5526449d,procedure,PPT
029b71cf0221e047,procedure,PPT
c7b857cac5e362fc,procedure,PPT
c7b857cac5e362fc,procedure,Nacionalidad/Naturalización
c7b857cac5e362fc,procedure,Pasaporte
670e00f08067fb48,procedure,Visa
670e00f08067fb48,procedure,PPT
e585e74a55ac217e,procedure,Trabajo/Empleo
60b116181fdb0790,procedure,Regularización
60b116181fdb0790,procedure,Salud/EPS
f072692d86702ae7,procedure,Regularización
f072692d86702ae7,procedure,Salud/EPS
dc7d0bd3a8630ab0,procedure,Educación
dc7d0bd3a8630ab0,procedure,Salud/EPS
3dccb52cb93a296d,procedure,Ayuda humanitaria
170957dbc77d59c8,procedure,Regularización
2e506e3f3e48f4f3,procedure,PPT
6a30f377f8753da6,procedure,Visa
c6bef241bea1b31f,procedure,PPT
c6bef241bea1b31f,procedure,Regularización
c6bef241bea1b31f,procedure,Salud/EPS
c6bef241bea1b31f,procedure,Cédula
e664e2f06d33b00f,procedure,Salvoconducto
e664e2f06d33b00f,procedure,PPT
e795e5f5d1dd5aec,procedure,SISBÉN
e795e5f5d1dd5aec,procedure,Ayuda económica
387584a98759f807,procedure,Trabajo/Empleo
0d260b401bf12e6c,procedure,PPT
87e8e763fe2fdfb2,procedure,Cédula
cc1f4efbc3b1f9cb,procedure,PPT
6d717769a58c8d60,procedure,Trabajo/Empleo
9e4e00e133b3e1b9,procedure,PPT
9e4e00e133b3e1b9,procedure,Trabajo/Empleo
1e79c2897e005e52,procedure,PPT
8d874d674d6c6108,institution,ACNUR
d88466a36d53ffa6,procedure,Ayuda humanitaria
b68ad0a60ee9ef65,procedure,Ayuda humanitaria
335ce456997b7a58,institution,Migración Colombia
335ce456997b7a58,procedure,Cédula
335ce456997b7a58,procedure,Pasaporte
145775a6fc6e0e33,institution,Migración Colombia
899243328697fccf,procedure,Regularización
d75ac667c46169c1,procedure,PEP
4a688b1bd7f0a4f9,procedure,Salud/EPS
e6c98d16f64fc9bc,procedure,Salud/EPS
505f472f16c79ebd,procedure,Refugio/Asilo
505f472f16c79ebd,procedure,Cédula
d5430806cffbf7fb,procedure,Refugio/Asilo
7bd8a85db7153332,procedure,PPT
515c22c4e41446fe,procedure,Emprendimiento
b7b78eff3ed29f01,procedure,Ayuda económica
0a0d63c838617889,procedure,Emprendimiento
54731317c5a2e952,procedure,Emprendimiento
80a0577482572850,procedure,Trabajo/Empleo
2fb884c5ae1e9da4,procedure,Visa
5d0ba2923b303e74,procedure,PPT
23c1b7e2d3976f6d,procedure,Trabajo/Empleo
23c1b7e2d3976f6d,procedure,Salud/EPS
9dce477ea09c5cdd,procedure,Visa
9dce477ea09c5cdd,procedure,Trabajo/Empleo
ba78c596c2c14d79,procedure,PPT
9b736714347ae464,procedure,PPT
70ec63502a7a5f9b,procedure,PPT
1057d65c8518a752,procedure,Trabajo/Empleo
1057d65c8518a752,procedure,Salud/EPS
77a7ba6380e6475e,procedure,Emprendimiento
5e0b183b6f0964a8,procedure,Emprendimiento
b273df3c37ea5838,procedure,Emprendimiento
b80e28ea3bfac99a,procedure,PPT
a2a8e024f5ce843e,procedure,PPT
a2a8e024f5ce843e,procedure,Cédula
a2a8e024f5ce843e,procedure,Pasaporte
0ec17842b85badfb,procedure,Regularización
5c7c584658615c4c,procedure,Visa
6802b4167cab140a,procedure,Visa
17facf46fe9eef6a,procedure,Refugio/Asilo
17facf46fe9eef6a,procedure,Salud/EPS
35bea06b1ada9fb1,procedure,Salud/EPS
49e156100cc3c7b2,procedure,Trabajo/Empleo
8417d5733b4f2ac2,procedure,Ayuda económica
20aa70911b78c758,procedure,Trabajo/Empleo
9b73883ecd8ccef9,procedure,Trabajo/Empleo
4e8ab060359c37e6,procedure,Ayuda humanitaria
6a8e91241ad8f8ac,procedure,Vivienda/Arriendo
6a8e91241ad8f8ac,procedure,Ayuda humanitaria
8751acb0257e38ae,procedure,Ayuda humanitaria
286c5ddac3983c28,procedure,PPT
d15f87d6ff46ca25,procedure,Nacionalidad/Naturalización
929e2fb34c032070,procedure,PPT
c604e217a61bc1dc,procedure,PPT
005e5876e76ad2bb,procedure,PPT
b25b7a2174357d9b,procedure,Emprendimiento
f91316fe97631c32,procedure,PPT
887c6d2f00964d25,procedure,Ayuda económica
d712938bb5eac953,procedure,Ayuda humanitaria
c05f84dc9e0529ed,procedure,Trabajo/Empleo
c63df73007a227ab,procedure,Ayuda humanitaria
5e0911ffaa6a1c3a,procedure,Ayuda humanitaria
16e179a1be742d4d,procedure,PPT
16e179a1be742d4d,procedure,Ayuda humanitaria
8aa102c8495b1571,procedure,Educación
85de5566c554bad4,procedure,Educación
33f45e70a7fdee0c,procedure,Cédula
05f2b2e9e7864981,procedure,PPT
05f2b2e9e7864981,procedure,Pasaporte
24e92b0a5cb12302,procedure,PPT
6c823001d815c34b,procedure,Cédula
6c823001d815c34b,procedure,Pasaporte
7aabe944c918fc6e,procedure,Pasaporte
87d0e8882c871c50,procedure,PPT
87d0e8882c871c50,procedure,Cédula
b38e60be598becde,procedure,PPT
7fce0eeceefc5940,procedure,Cédula
396945349e5a1da0,procedure,Cédula
54e4000390aa4902,procedure,Cédula
483ad309d2b0ea58,procedure,Visa
84ac20e9005ebf0f,procedure,PPT
eb0bd675f906b612,procedure,PPT
4b9815e480ca67c0,procedure,Salvoconducto
2b5929cc445dfe48,institution,ACNUR
b1d709ecc35b44e0,procedure,Trabajo/Empleo
f7584921288f4793,procedure,PPT
f7584921288f4793,procedure,Regularización
fcb2bd37707d15b6,procedure,PPT
df55fa4a7646a7dd,institution,Migración Colombia
def8bb03978201ec,procedure,Trabajo/Empleo
def8bb03978201ec,procedure,Emprendimiento
73fbc052cc205a65,procedure,Visa
73fbc052cc205a65,procedure,PPT
73fbc052cc205a65,procedure,Pasaporte
26c647fcae5cdb9b,procedure,Cédula
1b63c8598210985d,procedure,PPT
1b63c8598210985d,procedure,Nacionalidad/Naturalización
1dc24dbffaa549a4,procedure,PPT
1dc24dbffaa549a4,procedure,Cédula
05c9034b37444397,procedure,PPT
05c9034b37444397,procedure,Cédula
105f24fdb3b4ef52,procedure,Ayuda humanitaria
91778bae10854177,procedure,Regularización
0eeaf707ea47ccc6,procedure,Visa
b903a90db6df64d9,procedure,Pasaporte
4fe10a0cd8d103fd,procedure,PPT
a4159cc50dca2636,procedure,Regularización
4fb6f069335531ed,procedure,Ayuda económica
35d6713f93ca97be,procedure,Salud/EPS
3eec1980de79d01c,procedure,PPT
d1891bbacccae89a,procedure,PPT
100c4e3fbebaa07c,procedure,Registro civil/Apostilla
c820e11c867778b8,procedure,PPT
45e4e059096af22d,procedure,PPT
378d179b4b5af470,procedure,PPT
bac64d64a465d4cb,procedure,Salvoconducto
0bad8932d920716d,procedure,PPT
0bad8932d920716d,procedure,Cédula
b8ae75c93916829f,procedure,PPT
d0ccbabae8ccfd80,procedure,Regularización
9bb308471b4a6a40,procedure,PPT
6455932eb450d97b,procedure,Regularización
7267b3069343d491,procedure,Visa
5d7650f100b16513,procedure,Regularización
7616ec04de0a22ff,procedure,Trabajo/Empleo
2d16c1d2d5d83b20,procedure,Cédula
5aee0425b980321d,procedure,PPT
5aee0425b980321d,procedure,Salud/EPS
b3d15a27001b7bde,procedure,Salud/EPS
0b67db8a4d6a566b,procedure,Visa
603841bbbbc5a2ea,procedure,Visa
20ea8a7a9947df35,institution,Cancillería
22c7ccc396774b28,procedure,PPT
22c7ccc396774b28,procedure,Regularización
22c7ccc396774b28,procedure,PEP
a4ebf9c5cd22dd11,procedure,Visa
8951ab6af26ba36b,procedure,Regularización
761a706671ed9de9,procedure,Visa
761a706671ed9de9,institution,Migración Colombia
12878668997cc7e0,procedure,Visa
12878668997cc7e0,procedure,Educación
a93ce84f1f4c4cbd,procedure,Pasaporte
c37a89f7cb944981,procedure,Regularización
7fcb8c758ac65b81,procedure,Regularización
aaece0548bd27db6,procedure,PPT
78b7405a7569ce10,procedure,Regularización
5483e905aa25892c,institution,Migración Colombia
711ebc65f3baf967,procedure,PEP
fc711e796b53c12b,procedure,Cédula
b60040ec4c75629c,procedure,PEP
90d6be0fd49cde41,procedure,Registro civil/Apostilla
16f14009d41f9519,procedure,PEP
16f14009d41f9519,procedure,Registro civil/Apostilla
4ea549ede30b8fd3,procedure,Salud/EPS
4c266cbe555627c9,procedure,Salvoconducto
fe722c10ab828609,procedure,SISBÉN
fe722c10ab828609,procedure,Salud/EPS
63d0217ddb20221d,procedure,PPT
f3fa9bc3616de8a8,procedure,Emprendimiento
9c3e8abed7a5d66a,procedure,Trabajo/Empleo
9c3e8abed7a5d66a,procedure,Emprendimiento
c82f5a994a91746d,procedure,Vivienda/Arriendo
86373f4c0cb6b2f3,procedure,Refugio/Asilo
c1ecd4a49a426341,procedure,Trabajo/Empleo
d8085dcd458043ac,procedure,PPT
96b7ce88226e89d4,procedure,Trabajo/Empleo
96b7ce88226e89d4,procedure,Salud/EPS
7537f9833f210a07,procedure,Regularización
973eed9ecf84b400,procedure,Salvoconducto
ad246ddfae2a3c7f,procedure,Salvoconducto
7d6b145d4e064195,procedure,Regularización
ec0cbeb5a2de9395,procedure,Salud/EPS
91a43a1176162e3a,procedure,Regularización
18d96210989d3e05,procedure,PPT
c6c3d49a9180dc34,procedure,PPT
af983280165e4bff,procedure,PPT
af983280165e4bff,procedure,SISBÉN
af983280165e4bff,procedure,Salud/EPS
4b10090011e89d31,procedure,Visa
a55e8666757d1ada,procedure,Pasaporte
c3cd3f5440864b7f,procedure,PPT
c3cd3f5440864b7f,procedure,PEP
a6564740d7fa394d,procedure,Visa
a6564740d7fa394d,procedure,PPT
a6564740d7fa394d,procedure,PEP
e8be53970e30415e,procedure,Visa
e8be53970e30415e,procedure,PPT
e8be53970e30415e,procedure,PEP
ca9cc2b9e6652b27,procedure,Pasaporte
60ba22ad94728228,procedure,Regularización
91be480366a7260e,procedure,Trabajo/Empleo
287bd47aaa7fae17,procedure,Trabajo/Empleo
b960bd716b44c878,procedure,Ayuda humanitaria
808a1d66ed07afeb,procedure,Refugio/Asilo
281cce5fd1900ed4,procedure,Refugio/Asilo
61773d9b5f979e80,procedure,Refugio/Asilo
4dbc2d8617811a21,institution,Migración Colombia
c619e2d7cd03d57a,institution,Migración Colombia
c469a5d0468d298f,procedure,Ayuda humanitaria
eb02c6e9ff9bc658,procedure,Visa
61eb41fd98e6eeca,procedure,Cédula
2798300c61b6b316,procedure,Cédula
ac3e3f69879408b5,procedure,Cédula
61c16596edce86a6,procedure,Regularización
f56097e861f949b6,procedure,PPT
138be8a65ce3ad05,procedure,Visa
223454a9e3600a86,procedure,PPT
513d1eaaa030c345,procedure,Regularización
218b6bd67f680269,procedure,PPT
4c03d485e43d6f53,procedure,Cédula
de89cc8b608016a5,procedure,Pasaporte
35a07043f50b20f8,procedure,Pasaporte
749a0001a8ee5560,procedure,PPT
7610b24395d8ce21,procedure,Educación
02ba3238a547a98c,procedure,Nacionalidad/Naturalización
1548ffdad3a0708d,procedure,PPT
a971b39d2fdde18f,procedure,PPT
35bff3968a4c8e54,procedure,Salud/EPS
42710e0ca9450e06,procedure,PPT
27383a753b95621e,procedure,Registro civil/Apostilla
2b8f37e8a9584dc9,procedure,Registro civil/Apostilla
6d78dc60616e3519,procedure,PPT
17c17c7917dd97db,procedure,PPT
f430cf0b7b8cb854,procedure,Registro civil/Apostilla
d0ae483601647687,procedure,PPT
d0ae483601647687,procedure,Regularización
d0ae483601647687,procedure,Pasaporte
63e8926cdb2e81fe,procedure,PPT
6ef1164ee18ac044,procedure,PPT
6ef1164ee18ac044,procedure,Salud/EPS
fc9880aa4194ed5d,procedure,SISBÉN
86a1f8c1a2a769d3,procedure,Trabajo/Empleo
86a1f8c1a2a769d3,procedure,Registro civil/Apostilla
86a1f8c1a2a769d3,procedure,Educación
d631e26038166ce3,procedure,Pasaporte
60282a6696a336f4,procedure,Pasaporte
171eceb93d56a7b7,procedure,Pasaporte
5ea8d53c4b828c40,procedure,PEP
5ea8d53c4b828c40,procedure,Regularización
ffe62031fea8fdcb,procedure,PPT
ffe62031fea8fdcb,institution,Migración Colombia
916fd19bf5240853,procedure,Visa
916fd19bf5240853,procedure,Educación
916fd19bf5240853,institution,Cancillería
8be2bc0a9f010c7d,institution,Cancillería
82f5d375f6198f03,procedure,PPT
7234906837cb962d,procedure,PPT
773cd53fa18f4cdc,procedure,Regularización
1f953ee56d9c0bf7,procedure,Emprendimiento
b395de6064c66893,procedure,Refugio/Asilo
f8a37ffaae71db37,procedure,Salvoconducto
1c09355f71aa7c99,procedure,Refugio/Asilo
a84cce241aef7ec5,procedure,Visa
64a65730d284b709,procedure,Visa
e659418da2b356c0,procedure,Trabajo/Empleo
6d65fdd8469705c4,procedure,Trabajo/Empleo
10f547a9522f3ebc,procedure,Regularización
1463bf5a92fe9397,procedure,Regularización
ed95bb2d8a95eb6b,procedure,PEP
7a0e9de62ebe9fd1,procedure,Salud/EPS
9e32fcc8dbbbf7d8,procedure,PPT
557e6c991f42ef73,procedure,PPT
1990257fc7782b78,institution,Migración Colombia
116b9a34eee71bbf,procedure,Ayuda humanitaria
40f1d5b79fa809bc,procedure,Salud/EPS
54db96b7c3ed207a,procedure,Visa
a6dd86f56f37dbab,procedure,Visa
8fb1b2c2775c06fb,procedure,Visa
8fb1b2c2775c06fb,procedure,Pasaporte
bcf31ba434d9df23,procedure,Salud/EPS
171ea91282c76581,procedure,Salud/EPS
af31835a93750e72,procedure,Regularización
72e944fade9a2300,institution,Migración Colombia
791451a12431c7af,procedure,PPT
570eb199df40f841,procedure,Cédula
570eb199df40f841,procedure,Pasaporte
63969c3828caf07a,procedure,PPT
dad3a7c89c13c56c,procedure,Emprendimiento
edd008dcb9d743fd,procedure,Trabajo/Empleo
eeccfbc198a9b2cf,procedure,Emprendimiento
2a73c20db0c2f9a5,procedure,Visa
2a73c20db0c2f9a5,procedure,Educación
831478bc4a81113a,procedure,Salvoconducto
a505d8f4a595932b,procedure,Emprendimiento
4325abc36bc4647e,procedure,Trabajo/Empleo
11c171ec8a54b614,procedure,PPT
11c171ec8a54b614,procedure,Cédula
d6f69a5bb5e7d447,procedure,Nacionalidad/Naturalización
7e32b640f9121487,procedure,Emprendimiento
fce5ccf709970dc9,procedure,Salud/EPS
4535329484e0b84e,procedure,Emprendimiento
b34944d42285dee7,procedure,Emprendimiento
774e09af67fcf404,procedure,PPT
d97d999a8b622cbb,procedure,Emprendimiento
f2910d1545304034,procedure,Trabajo/Empleo
01a78668b30c93e5,procedure,PPT
af2e065a199d7cb6,procedure,Trabajo/Empleo
d39fb251c9c9b64f,procedure,Refugio/Asilo
bed4aae11aeb7b34,procedure,Nacionalidad/Naturalización
bed4aae11aeb7b34,procedure,Cédula
85a7d145e2cab00e,procedure,Refugio/Asilo
69f0586d5c434a40,procedure,PPT
80f3bd8200f45603,procedure,Ayuda humanitaria
2e4ec505e1a93ef0,procedure,Vivienda/Arriendo
53bfa1b26e6f6f58,procedure,Ayuda humanitaria
2dd3a7a0344d1782,procedure,PPT
2dd3a7a0344d1782,procedure,Salud/EPS
5a59f63099b772a3,procedure,Trabajo/Empleo
79207c376a550b66,procedure,Visa
d2b05ac8c7d7438f,procedure,Visa
388fa822046a3cd2,procedure,Visa
e988e18d4627497a,procedure,PPT
1aa535e3bc39d904,procedure,PPT
55ea02deeb6ddb60,procedure,Salvoconducto
ee6e49d624a56386,procedure,Nacionalidad/Naturalización
ee6e49d624a56386,procedure,Registro civil/Apostilla
00a59ea24401c1a0,procedure,PPT
ab9a23e2578a32d1,procedure,Salvoconducto
8eb20936d8d72167,procedure,Salvoconducto
92556caa60debfc2,procedure,Emprendimiento
baa95ade9c9a294a,procedure,Salvoconducto
0e6479634ceedc67,procedure,Salvoconducto
edeb43ef1a7a580c,procedure,PPT
0dbfad6156a35df8,procedure,PEP
499cd33bf214b6e8,procedure,PPT
070d28b4b52a5c7a,procedure,Pasaporte
1fdc4f1c9f2fb791,procedure,PPT
055ea4fbf4f1188f,procedure,PPT
f6905366936b3bd4,procedure,Regularización
f6905366936b3bd4,procedure,Educación
f6905366936b3bd4,institution,Migración Colombia
5deb8de7504d58a7,institution,Migración Colombia
e92c05abd96a21c8,procedure,Trabajo/Empleo
c2cdae4457179027,procedure,Cédula
31027b401efe5645,procedure,Trabajo/Empleo
cd4158671e4539f6,procedure,Refugio/Asilo
bbc4df9a7eb8c25b,procedure,Refugio/Asilo
c840e65bcdbf8540,procedure,Refugio/Asilo
4872a8cc961c355f,procedure,Regularización
2293a95a09ae0a4f,procedure,Visa
0ff212067554c5c9,procedure,PPT
0ff212067554c5c9,procedure,Regularización
beda46ed18d808ce,procedure,Regularización
6803e4c0f3e7a3bc,procedure,Refugio/Asilo
1b8ac209c0f3240e,procedure,Cédula
ac2787355037fdc4,procedure,PPT
8d96fa4bc78c98bd,procedure,PPT
788ce1fbf5a00738,procedure,Salvoconducto
47a2dc42ed36c12f,procedure,Refugio/Asilo
0f90878059aff8b6,procedure,Salvoconducto
f6c41783ad852d16,procedure,Refugio/Asilo
4453be237ceb3e49,procedure,Visa
22abd1009379c1c3,procedure,PPT
22abd1009379c1c3,procedure,Salud/EPS
76a0ffc2b2907cdf,procedure,Trabajo/Empleo
e6e660500115c7a7,procedure,Salud/EPS
ebfc6b7b40353e22,procedure,PPT
ebfc6b7b40353e22,procedure,Salud/EPS
762ed19eaef294be,procedure,PPT
cc9500e8cd50d992,procedure,Emprendimiento
33726305c504b87e,procedure,PPT
bdcc15fd3968de3b,procedure,Educación
147e4d7639125e54,procedure,Ayuda humanitaria
3be9fab82d359d3e,procedure,Trabajo/Empleo
3be9fab82d359d3e,procedure,Ayuda económica
d39152b8471fcc94,procedure,Regularización
d39152b8471fcc94,procedure,Salud/EPS
b31edd6b4d085ad7,procedure,Regularización
b31edd6b4d085ad7,procedure,Salud/EPS
de8b4d4886b31aa1,procedure,Salud/EPS
1e1ef28fa619a9db,procedure,Salvoconducto
1e1ef28fa619a9db,procedure,Salud/EPS
340c75bacbba3a69,procedure,Ayuda económica
1bc20e054d9ff998,procedure,PPT
3ed677af69b0463b,procedure,Registro civil/Apostilla
a489d39023ca068b,procedure,Refugio/Asilo
8a83a5ae467be607,procedure,Salvoconducto
8a83a5ae467be607,institution,Migración Colombia
98d06faf1887e2b2,institution,Migración Colombia
c15e12985c1a75f4,institution,Migración Colombia
0d99616c8b48879e,procedure,Salvoconducto
0d99616c8b48879e,institution,Migración Colombia
12b73937f666528b,procedure,PPT
1dff7eb0d2f1b084,procedure,PPT
133cdbeaade507e6,procedure,Cédula
f4931704adda3937,procedure,Cédula
28c5bd8ff51cc0a8,procedure,Emprendimiento
5c494e1b2e912837,procedure,PPT
26d1061ed1114ba1,procedure,Visa
26d1061ed1114ba1,procedure,Regularización
26d1061ed1114ba1,procedure,Pasaporte
56809c0c783fb64f,procedure,PEP
1efef6194cebbda4,procedure,PEP
13ddfb0d9015be22,procedure,PEP
7ffcf91c8b6011b6,procedure,PPT
eaf62a0e32d18275,procedure,Salvoconducto
9ffed54c36701515,procedure,Regularización
d790881cfd08d8c7,procedure,Regularización
5ded4d655c0e3485,procedure,Salvoconducto
5ded4d655c0e3485,procedure,PPT
5ded4d655c0e3485,procedure,Trabajo/Empleo
3520c7be688dbf1c,procedure,Emprendimiento
424c619942d18635,procedure,Ayuda económica
67c2067413988b48,procedure,Emprendimiento
71d310f4beb7e536,procedure,Regularización
1b14f0811451ec45,procedure,Salud/EPS
74878d4583bf56d3,procedure,Educación
7709c58e2ae0ad09,procedure,Educación
815b0a7df72e59d4,procedure,Ayuda económica
0061ffa8d8fea036,procedure,PPT
627e23a90adda637,procedure,PPT
627e23a90adda637,procedure,Emprendimiento
a1d0b1d755ca33b4,procedure,Pasaporte
926b33049f987e8d,procedure,Pasaporte
7d84faa2af26212e,procedure,PEP
7d84faa2af26212e,procedure,Salud/EPS
da55d777e5091168,procedure,Trabajo/Empleo
167f86f03a069faa,procedure,PEP
167f86f03a069faa,procedure,Salud/EPS
0eaab0ba5ecbc6c7,procedure,PPT
d3a40300d764a19f,procedure,Ayuda económica
52152e26a0b0ec84,procedure,SISBÉN
52152e26a0b0ec84,procedure,Vivienda/Arriendo
7a51756e73239c12,procedure,Regularización
5e56e42fdfe61149,procedure,Regularización
007623694e3191f8,procedure,PPT
45ee064bd74393e3,procedure,PPT
45ee064bd74393e3,procedure,Salud/EPS
74cad9f7dbe07e15,procedure,PPT
0ba04f9d88f8c90c,institution,Migración Colombia
a6dc998c89e575de,procedure,Salvoconducto
56b0559f847ef5ad,procedure,Salvoconducto
56b0559f847ef5ad,procedure,Salud/EPS
56b0559f847ef5ad,procedure,Pasaporte
6fe87e72ae896caf,procedure,Ayuda humanitaria
29aa736212db9567,procedure,Emprendimiento
5b2d5177e0f3aad0,procedure,Emprendimiento
cf7e6fc37e79e773,procedure,PPT
07631b65cf739e64,procedure,PPT
07631b65cf739e64,institution,Migración Colombia
cb9a29f51f7d4330,procedure,PPT
368baeff3b599a8b,procedure,Visa
b4b9d6fa8cfe07a4,procedure,Registro civil/Apostilla
d495c0d142f7127d,procedure,Registro civil/Apostilla
0a508c27973a50db,procedure,PPT
60a989f30a562720,procedure,Salud/EPS
56067a05b12aed6a,procedure,Trabajo/Empleo
56067a05b12aed6a,procedure,Emprendimiento
be7c11c9c6cb93d5,procedure,PPT
dd671bf7f13e5ebf,procedure,Salvoconducto
41a85eae57d9db0b,procedure,PPT
db6b6b163b2edc82,procedure,PPT
db6b6b163b2edc82,procedure,Emprendimiento
d9fd7c46cf773088,procedure,PPT
6eeaff48eedd4b3d,procedure,PPT
00f93926dfc5510f,procedure,Trabajo/Empleo
25365073072fa1d8,procedure,Visa
222fbbcc32afcfbf,procedure,PPT
222fbbcc32afcfbf,procedure,Cédula
222fbbcc32afcfbf,procedure,Pasaporte
d941af040e785a96,procedure,Refugio/Asilo
bb94e009dc0e97c4,procedure,Visa
a3792306adda1ce1,procedure,Visa
c6fc168a9b125221,procedure,Pasaporte
afd083ba20001d90,procedure,PPT
afd083ba20001d90,procedure,PEP
18523ee8ecbecdda,procedure,Ayuda económica
405f9ac630a0960b,procedure,Nacionalidad/Naturalización
0b4d79727f95924a,procedure,Registro civil/Apostilla
302201437aea8cb4,procedure,Cédula
da27e8a1d05e7c5a,procedure,Cédula
69fb2ee2a258dd4a,procedure,Registro civil/Apostilla
9d7c92f138ab3adc,procedure,Registro civil/Apostilla
2f22d0193da0b28a,procedure,Trabajo/Empleo
4f630f7877c4d0b8,procedure,Trabajo/Empleo
5306315c5aeb9687,procedure,Ayuda humanitaria
21431f903ec8e709,procedure,Trabajo/Empleo
c9524a3ed4f696ca,procedure,Vivienda/Arriendo
79f06ea83856a86a,procedure,Trabajo/Empleo
79f06ea83856a86a,procedure,Salud/EPS
512c2747061a6a83,institution,Migración Colombia
5ca3f814538bfa73,procedure,PPT
49f2f4de38d4e6ea,institution,Migración Colombia
89e0173613a4795a,procedure,PPT
89e0173613a4795a,procedure,Trabajo/Empleo
bc1707cb656c2a45,procedure,Trabajo/Empleo
46340a8fd5a35e7a,procedure,Ayuda humanitaria
bac11903256453cd,procedure,Emprendimiento
aa093c1a246b80f4,procedure,Trabajo/Empleo
0889d1218cdc1b37,procedure,Ayuda humanitaria
58ddadec41dc9712,procedure,Refugio/Asilo
3737ff5168b16441,procedure,Nacionalidad/Naturalización
baa48eedb0ff8480,procedure,PEP
d57a4e56feaf2b76,procedure,SISBÉN
d57a4e56feaf2b76,procedure,Salud/EPS
97864534b9a2aea0,institution,Migración Colombia
97864534b9a2aea0,procedure,Nacionalidad/Naturalización
97864534b9a2aea0,procedure,Salud/EPS
97864534b9a2aea0,procedure,Cédula
bccd8b364ff0b04d,procedure,Cédula
3ed45ec1206c6026,procedure,Cédula
e259e9c5c2f1323f,institution,Migración Colombia
05b6b0062f4127fe,procedure,Salvoconducto
f3b731c5fa91da41,procedure,PPT
f3b731c5fa91da41,procedure,Educación
9e193131a363d601,procedure,PPT
750ebf83fe187a64,procedure,PPT
df3dfbb81549e7d8,procedure,PPT
df3dfbb81549e7d8,procedure,Emprendimiento
d87644429384608b,procedure,PPT
62132b3479f79efb,procedure,PPT
62132b3479f79efb,procedure,Cédula
07174f665a0793db,procedure,Trabajo/Empleo
7b4c0e5b8f1ec2f2,procedure,Trabajo/Empleo
f69b72e31f631129,procedure,Emprendimiento
7c73aecb4d91b456,procedure,PPT
279c120861a2e0c4,procedure,Regularización
fc60cd8b73d2ad01,procedure,Regularización
042c615d4b1a0fd4,procedure,Salvoconducto
89cb698ffd5b264d,procedure,Cédula
68dd0a01457a8697,procedure,Trabajo/Empleo
b4f58db87000f29e,procedure,Cédula
d8598a884437853e,procedure,Trabajo/Empleo
e9387e01e060fb92,procedure,Visa
36f848994de34aae,procedure,PPT
c941355cd5ca0c75,procedure,Salud/EPS
df6ea01693abe86b,procedure,Salud/EPS
7320ca5f860bc8be,procedure,Pasaporte
fffb7ce7c3efb73d,procedure,Trabajo/Empleo
d1631313ad558ce8,procedure,PPT
7fb47373d200fcd7,procedure,PPT
1c6ee9bb43c26556,procedure,Pasaporte
debbf42e229ffbf6,procedure,PPT
b27b9e2e699bce50,procedure,Nacionalidad/Naturalización
8b35dbd0254dc5d5,procedure,PPT
87ed6800da84228a,procedure,PPT
ed1f8ee18e369809,procedure,PPT
a009c675c3320ead,procedure,PPT
c7bca063e621cb52,procedure,Emprendimiento
b1726fa4b75e2d7d,procedure,Salud/EPS
2810fa64644a2d43,procedure,Salvoconducto
2810fa64644a2d43,procedure,Refugio/Asilo
364737a2ea59f3ed,procedure,Salvoconducto
912c01a5d6c14583,procedure,Pasaporte
f2f38bc870472e7b,procedure,Emprendimiento
cf67cfaef4630337,procedure,PPT
21c8d4a7a3887304,procedure,Salud/EPS
2d3371352b05ef0b,procedure,Regularización
cbc8494b1eda830e,procedure,Trabajo/Empleo
ac7ffdf4fc2206dc,procedure,Educación
ee5f60565f94111d,procedure,Trabajo/Empleo
0350228110be9e98,procedure,Educación
bf1abf7e7ea4ead2,procedure,Salvoconducto
bf1abf7e7ea4ead2,procedure,Salud/EPS
dc4e7fcc5c6287e8,procedure,PPT
dc4e7fcc5c6287e8,procedure,Nacionalidad/Naturalización
7a840c070f9213d5,procedure,Emprendimiento
7a840c070f9213d5,procedure,Ayuda económica
66a8156ebfcd0028,procedure,Emprendimiento
c10bda0658f61034,procedure,Salud/EPS
8b528788c3ecc7ff,procedure,Emprendimiento
f1e5c9e4f034ac75,procedure,SISBÉN
bdd6a8777b7d66ce,procedure,SISBÉN
bdd6a8777b7d66ce,procedure,Educación
bdd6a8777b7d66ce,procedure,Ayuda económica
0dbe8a9f9117734a,procedure,Registro civil/Apostilla
95fab8304e81dfd8,procedure,Registro civil/Apostilla
167c903932ac454e,procedure,PPT
2ceb70e73563a919,procedure,Salvoconducto
2ceb70e73563a919,procedure,Visa
2ceb70e73563a919,procedure,Salud/EPS
49f68d3b7b05da9b,institution,Cancillería
49f68d3b7b05da9b,institution,Migración Colombia
501e7a3e41ad9f21,procedure,Emprendimiento
8475adc3c300e696,procedure,PPT
8475adc3c300e696,procedure,Emprendimiento
eb6a6798ed42d731,procedure,PPT
3df8bb715c57ba94,procedure,Registro civil/Apostilla
c3a5198e38d08b57,procedure,Salud/EPS
7d30908376941f30,procedure,Salud/EPS
4456d9940ce21134,procedure,Salud/EPS
8c1bef605154eb09,procedure,Salud/EPS
5feee8f6e9bae038,procedure,PPT
5feee8f6e9bae038,procedure,Trabajo/Empleo
5feee8f6e9bae038,procedure,Salud/EPS
cee80e3431cbd727,procedure,SISBÉN
329e42acae6a015e,procedure,Salud/EPS
71daf575972963f1,procedure,Salvoconducto
6d7ab2d2dfa6dacd,procedure,PPT
6da7fad385aa372d,procedure,PPT
38c53e6e1a2a7aa9,procedure,PPT
6fb280d76315fa76,procedure,PPT
4854f22a42e2c39b,procedure,PPT
65bd91078fae7b3a,procedure,PPT
5816b5ca37feb164,procedure,Salvoconducto
51eabb4ad30749b9,procedure,Nacionalidad/Naturalización
260e02ea2806002b,institution,Migración Colombia
924d7a7b9db7072c,procedure,Cédula
72bfa494dfa426eb,procedure,Cédula
e1344bfa5117a6d1,procedure,Cédula
9444e3f4ec80a9a9,procedure,Educación
9444e3f4ec80a9a9,procedure,Cédula
12ed9ce07dd3f2ef,procedure,Registro civil/Apostilla
30d1362c13971dc5,procedure,Ayuda económica
ce1dbf01d8ecf9ff,procedure,Vivienda/Arriendo
bc5ad8c52fcd7763,procedure,Regularización
70d00010f32fb936,procedure,Educación
70d00010f32fb936,procedure,Ayuda económica
b28544563e97924d,procedure,Ayuda económica
775ce8c99983cf23,procedure,Educación
7d806993a039d210,procedure,Educación
410693bd2040b635,procedure,Educación
410693bd2040b635,procedure,Ayuda económica
449a92762a1c5e2a,procedure,Educación
ae096ffe48b62228,procedure,Trabajo/Empleo
ab0d38e38ea49ef1,procedure,Educación
a868012a6153d7c9,procedure,Ayuda económica
1340171e4993ac54,procedure,PPT
0177fe173d9a563f,procedure,Salvoconducto
62a4e26c48fca65d,procedure,Visa
812f2a2ab1bb2ad1,procedure,Visa
6c50e73bf0cdbec5,procedure,Ayuda económica
578a2042fa8a5637,procedure,Trabajo/Empleo
337b13ad2e39c426,procedure,PPT
39e72005286d996c,procedure,Trabajo/Empleo
39e72005286d996c,procedure,Vivienda/Arriendo
7c28dcff1d47462d,procedure,Emprendimiento
9fbf4753f0442e1a,procedure,Trabajo/Empleo
ca2f9891e9a048cc,procedure,Trabajo/Empleo
df4b7928fd00ec9d,procedure,PPT
955e3341af0f5e08,procedure,Nacionalidad/Naturalización
cc367081856e23ed,procedure,PPT
cc367081856e23ed,institution,Migración Colombia
cc367081856e23ed,procedure,Salud/EPS
c1edf98c23daf9f7,procedure,Nacionalidad/Naturalización
a42f9394fd299d53,procedure,Visa
dbc00d56cd758bfa,procedure,Trabajo/Empleo
dbc00d56cd758bfa,procedure,Emprendimiento
61b7477d3ef20585,procedure,PPT
e2bc842b62e79058,procedure,PPT
a052cabf17e776d6,institution,Migración Colombia
46fac17d03c535a9,procedure,PPT
3ed53628c85553f5,procedure,Trabajo/Empleo
3ed53628c85553f5,procedure,Regularización
c2edc71b7f5896db,procedure,PPT
29d51c5615567c7e,procedure,Nacionalidad/Naturalización
1786cd9e55aa6427,procedure,Registro civil/Apostilla
1786cd9e55aa6427,procedure,Cédula
ea46cfb11c7e2846,institution,Cancillería
a2d185133b9ceaa1,procedure,Emprendimiento
dda848ff5fce0f61,procedure,PPT
e272981652040b23,procedure,Ayuda económica
20b5911a6acce0ee,procedure,Salud/EPS
84bfadcfdc2ef8b2,procedure,PPT
84bfadcfdc2ef8b2,procedure,Trabajo/Empleo
f12fc80a7b4b1c94,procedure,Salud/EPS
026172bfcdd97f4b,procedure,Salud/EPS
c46488608324c19c,procedure,PPT
f4f8efdafb7e4109,procedure,Pasaporte
1cccaff1fafbfdaa,procedure,PPT
cbeee7938606a5e0,procedure,PPT
0bc8b7dd4b194695,procedure,Salvoconducto
0bc8b7dd4b194695,institution,Cancillería
0bc8b7dd4b194695,procedure,Cédula
43b27bd4e39ad384,procedure,Ayuda económica
a1fa697b44dd7056,procedure,Trabajo/Empleo
e949fdd074a8a0e5,procedure,Regularización
e949fdd074a8a0e5,institution,Migración Colombia
330dc372e4140f73,procedure,Cédula
7900807c942316cd,procedure,Ayuda económica
32777fe1f8b31480,procedure,Refugio/Asilo
5e7c141ad733ff36,procedure,Nacionalidad/Naturalización
db9456a9c230f9f1,procedure,Regularización
a2beb8650690b1ac,procedure,PPT
43372198201577b3,procedure,Vivienda/Arriendo
0354106c9e33b086,procedure,Trabajo/Empleo
5b66bd6fc34bf383,procedure,Trabajo/Empleo
de1990d610ba2aa9,procedure,Trabajo/Empleo
de1990d610ba2aa9,procedure,Emprendimiento
0291a0323106210a,procedure,Trabajo/Empleo
bfed72ad0134d44d,procedure,Trabajo/Empleo
18cbcffde492c5c6,procedure,Registro civil/Apostilla
5f1469606c7f4fa8,procedure,Emprendimiento
082ccfa6c1d7721e,procedure,Emprendimiento
d4245f90f4eb5f38,procedure,PPT
d4245f90f4eb5f38,procedure,Salud/EPS
113ff8e2bd42f7ac,procedure,PPT
fb0dc2bf834cf41e,procedure,Visa
cf89dfac5b63f42d,procedure,PPT
69362dddeb7820c7,procedure,PPT
4d3f091042f3add9,procedure,Registro civil/Apostilla
877bf6310b0a6013,procedure,Salvoconducto
877bf6310b0a6013,procedure,PPT
3c051abca76cfa40,procedure,PPT
024759ec58e2d624,procedure,Pasaporte
3a86ed476255e8eb,procedure,PPT
3a86ed476255e8eb,institution,Migración Colombia
3a86ed476255e8eb,procedure,Pasaporte
90dac27c0e5f3598,procedure,Salvoconducto
90dac27c0e5f3598,procedure,Refugio/Asilo
349db4a49a5e9e1f,procedure,Visa
bd40b28804d5ff75,procedure,Trabajo/Empleo
bd40b28804d5ff75,procedure,Pasaporte
a03a236768742b69,procedure,Trabajo/Empleo
a03a236768742b69,procedure,Pasaporte
b983d63061ae6bd4,procedure,Trabajo/Empleo
b983d63061ae6bd4,procedure,Regularización
13d3fa910cd8925f,procedure,Trabajo/Empleo
13d3fa910cd8925f,procedure,Refugio/Asilo
4450fb679f55979c,procedure,Ayuda humanitaria
294a67f8058bd9a9,procedure,Ayuda humanitaria
bdb338b5d0c6d8c2,procedure,Ayuda humanitaria
03fa0084a52bd908,procedure,Ayuda humanitaria
4fa77e27db14f222,procedure,PPT
4770ed8feb91eb87,procedure,PPT
4770ed8feb91eb87,procedure,Cédula
a558bdc79cd9505c,procedure,Regularización
9a09f6f8f0f247be,procedure,PPT
e366e522ba87a7e5,procedure,Cédula
6edd709660cd07c6,procedure,PPT
6edd709660cd07c6,procedure,Cédula
03dc212938a52653,procedure,PPT
bca11642fafb924e,procedure,Visa
d3c3755091bffc31,procedure,Emprendimiento
d3c3755091bffc31,procedure,Salud/EPS
2d89b7494bab121c,procedure,Salvoconducto
2d89b7494bab121c,procedure,Trabajo/Empleo
2d89b7494bab121c,procedure,SISBÉN
ccad8b8abc0835d3,procedure,Salvoconducto
205dd68f3aaf2ed1,procedure,Refugio/Asilo
67759a5a76a1e976,procedure,Emprendimiento
bd96205f6b7d0699,procedure,PPT
bd96205f6b7d0699,procedure,Salud/EPS
e3db96ae90dd7c7b,procedure,Visa
a498dded695819c4,procedure,Pasaporte
9dad678d8bc10255,procedure,Nacionalidad/Naturalización
a88275817b3b5387,procedure,Educación
e3a09711b5d0de96,procedure,Trabajo/Empleo
8abdc82a85d01878,procedure,Ayuda humanitaria
bb8b014e29e9b090,procedure,Regularización
2eaba73cf1292cd0,procedure,Salud/EPS
795b0d06a15dcee7,procedure,Emprendimiento
173b1805c688950b,procedure,PPT
173b1805c688950b,procedure,SISBÉN
6e7118bedaa999b5,procedure,Salud/EPS
1aacc2a9eddee94c,procedure,Salud/EPS
afb08e46e8e0d2c2,procedure,SISBÉN
e6d513f1673a2045,procedure,SISBÉN
a832324bd498a2cc,institution,SENA
ea03349d9f046aef,procedure,PPT
5c07de454f19bae8,procedure,Trabajo/Empleo
5c07de454f19bae8,procedure,Regularización
8435a20af74f29a6,procedure,PPT
87acdab39f6bc223,procedure,Regularización
b02c54029974f8e7,procedure,Ayuda económica
869bf2b7df3a5dcb,procedure,Cédula
1f3947220c7c693d,procedure,PPT
e4430f9a1b498ed5,procedure,Salud/EPS
b4c8939c7c79583f,procedure,Salud/EPS
089810a59677ea1e,procedure,Salvoconducto
a1933f0af9ac01b4,procedure,Emprendimiento
ac7fe9a8dc1d19ed,procedure,PPT
712d595f7f3046d8,procedure,Trabajo/Empleo
712d595f7f3046d8,procedure,Cédula
2a478afbd87caba4,procedure,Pasaporte
9b2434ccf8357d77,procedure,Trabajo/Empleo
16e1c8488fd8ffb6,procedure,Salvoconducto
f87901c650ac3378,procedure,PPT
f87901c650ac3378,procedure,Regularización
35492ae0ae0183d5,procedure,Regularización
c25093ef0ee32fc7,procedure,Regularización
fea2d4250f64830f,procedure,Educación
c2d3dab10c494e7f,procedure,Trabajo/Empleo
55cf07a53c84d961,procedure,PPT
55cf07a53c84d961,procedure,Ayuda económica
01ebe869a165c57f,procedure,Ayuda económica
563e614f5602292b,procedure,Emprendimiento
16c6ffb72a61f989,procedure,Emprendimiento
1edade9de776f133,procedure,Ayuda humanitaria
65c0c1f665a754e1,procedure,Salvoconducto
acce8f592fb00d7e,procedure,Cédula
