turn_id,user_id,ts,has_survey_record,gap_flag,handoff_flag
f3db03414b6f3f41,48e2f5351af7,2026-07-23 10:53:24,False,False,False
87927df0e52f1566,58003bf0152d,2026-07-23 16:07:31,True,False,False
b2eea5bd46d24922,58003bf0152d,2026-07-23 16:24:39,True,True,False
2737a9b99a10ad0c,58003bf0152d,2026-07-23 16:26:07,True,False,False
5a727573b49a4616,cfa7562d8642,2026-07-24 13:54:18,True,True,False
2e2539ccaf9e147a,cfa7562d8642,2026-07-24 13:55:03,True,False,False
a21554718516f9f1,cfa7562d8642,2026-07-24 13:55:50,True,False,False
281134117db72272,0b98d3009cee,2026-07-24 13:56:22,True,True,False
ed07285db3a03496,0b98d3009cee,2026-07-24 13:56:44,True,False,False
d3f24a9ef62223ad,0b98d3009cee,2026-07-24 13:57:27,True,False,False
be065f0390588b0d,0b98d3009cee,2026-07-24 14:09:23,True,False,False
cad3db81dc76b86c,0b98d3009cee,2026-07-24 14:10:07,True,False,False
af676bdc3ef44eac,0b98d3009cee,2026-07-24 14:10:40,True,False,False
f6fd5ab1b303774b,0b98d3009cee,2026-07-24 14:11:09,True,False,False
4b5565a93f9a97d6,0b98d3009cee,2026-07-24 14:13:00,True,False,False
df2613dd4a8038a7,0b98d3009cee,2026-07-24 14:14:25,True,False,True
66ae71b2e2cd4050,a4038b45998a,2026-07-24 14:16:27,True,True,False
15417442ac1cc97a,cfa7562d8642,2026-07-24 14:17:45,True,False,False
586207526d605ba0,cfa7562d8642,2026-07-24 14:18:10,True,False,False
8113481c494e98c3,a4038b45998a,2026-07-24 14:18:20,True,False,False
f4c96207d01143b4,0b98d3009cee,2026-07-24 14:20:48,True,True,False
1a997ed4393e8c6b,f19c866c9fd5,2026-07-24 14:23:44,True,False,False
badde813e0026e94,f19c866c9fd5,2026-07-24 14:24:25,True,False,False
8baaf57614876b51,0b98d3009cee,2026-07-24 14:25:32,True,True,False
5de5e7d62d694301,0b98d3009cee,2026-07-24 14:25:56,True,True,False
86bfbb735d50ad9c,0b98d3009cee,2026-07-24 14:26:14,True,False,True
e98e0e31e280f988,f19c866c9fd5,2026-07-24 14:26:30,True,False,False
5a79623e72b52c1f,58003bf0152d,2026-07-24 14:31:26,True,False,False
952bc46d2afca6e2,0b98d3009cee,2026-07-24 14:34:11,True,False,False
625df025ac0a1c83,0b98d3009cee,2026-07-24 14:34:28,True,False,False
cdc7fb6eb0ee5978,0b98d3009cee,2026-07-24 14:35:23,True,True,False
8b02918e6ea72119,58003bf0152d,2026-07-24 14:35:59,True,False,False
7fa2d1b498374b58,0b98d3009cee,2026-07-24 14:46:38,True,False,False
00816d9f6256292d,0b98d3009cee,2026-07-24 14:47:13,True,False,False
40ad3a9bfa07d220,0b98d3009cee,2026-07-24 14:47:34,True,False,False
7f59a01a3872f4eb,0b98d3009cee,2026-07-24 14:48:01,True,False,False
5882cebd9ff7676f,cfa7562d8642,2026-07-24 14:53:17,True,False,False
1e136755dfc22af3,cfa7562d8642,2026-07-24 14:53:46,True,False,False
8282157ee3b1aaac,cfa7562d8642,2026-07-24 14:54:43,True,True,True
166648370324e1a9,cfa7562d8642,2026-07-24 14:55:24,True,False,True
6aaadc537de413d2,cfa7562d8642,2026-07-24 14:59:56,True,False,False
03f727527565afea,cfa7562d8642,2026-07-24 15:00:34,True,False,True
0a6bf4a7a63b3253,58003bf0152d,2026-07-24 15:02:37,True,False,False
5650ef1f3ab152b4,cfa7562d8642,2026-07-24 15:05:07,True,False,True
be57e4cda2fd7a3d,cfa7562d8642,2026-07-24 15:06:14,True,False,False
badc47c731f05fa1,cfa7562d8642,2026-07-24 15:06:43,True,False,True
de1eba0b8ad9d3b1,58003bf0152d,2026-07-24 15:07:27,True,False,True
7970b50637d10321,58003bf0152d,2026-07-24 15:08:00,True,False,True
a47814439087c43c,58003bf0152d,2026-07-24 15:08:11,True,False,False
0f6778f2b87d3b69,58003bf0152d,2026-07-24 15:12:29,True,False,True
73b89113515b3abb,cfa7562d8642,2026-07-24 15:13:23,True,False,False
d2b2ba220a8c1127,58003bf0152d,2026-07-24 15:13:49,True,False,True
b920de858f8d07d7,58003bf0152d,2026-07-24 15:18:21,True,False,False
cb5fe3dfc63e489a,58003bf0152d,2026-07-24 15:18:47,True,True,False
545c8ac6bb3a9d93,58003bf0152d,2026-07-24 15:19:38,True,False,False
9d986a3271db77fc,cfa7562d8642,2026-07-24 15:21:34,True,False,False
5c7835110eff094b,cfa7562d8642,2026-07-24 15:22:12,True,False,False
87aeed7bec1ea565,cfa7562d8642,2026-07-24 15:22:36,True,False,True
a6ed74f53274ee71,cfa7562d8642,2026-07-24 15:23:14,True,False,False
83e4fc2886249e21,cfa7562d8642,2026-07-24 15:23:49,True,False,False
8dea5925da4660fd,cfa7562d8642,2026-07-24 15:24:23,True,False,False
ae2fa76df3f1418a,cfa7562d8642,2026-07-24 15:25:30,True,False,False
807e3bf4f41a71d2,cfa7562d8642,2026-07-24 15:28:44,True,False,False
c0f1d2e182bd0750,cfa7562d8642,2026-07-24 15:29:16,True,False,False
3c6ff324a7b22148,cfa7562d8642,2026-07-24 15:30:03,True,False,False
6db36f2af04ab155,cfa7562d8642,2026-07-24 15:30:26,True,True,False
3ad575d0bb2316d1,cfa7562d8642,2026-07-24 15:31:11,True,False,False
bd5d5ffa6e30a241,cfa7562d8642,2026-07-24 15:32:49,True,False,True
9705bacce6a4c1f1,cfa7562d8642,2026-07-24 15:34:51,True,False,False
1e132e34307ed23d,cfa7562d8642,2026-07-24 15:37:27,True,False,False
0831aa5b45e1c210,cfa7562d8642,2026-07-24 15:43:15,True,False,False
66569e2bd3871621,cfa7562d8642,2026-07-24 15:47:21,True,False,False
67d6d8e62fac2bf7,96cae25a3eb7,2026-07-24 15:48:01,True,False,False
8682a950d456eeff,58003bf0152d,2026-07-24 15:57:40,True,True,False
9d03d2d41f0c8a70,cfa7562d8642,2026-07-24 16:05:15,True,True,False
cf62b153b55bfc1d,cfa7562d8642,2026-07-24 16:06:33,True,True,False
d582bc04ad5be190,48e2f5351af7,2026-07-24 16:06:39,False,False,False
c6b29acf5423f9b4,cfa7562d8642,2026-07-24 16:07:00,True,True,False
75542c58259f6e4a,cfa7562d8642,2026-07-24 16:07:40,True,True,False
160a2beaa0165f2d,cfa7562d8642,2026-07-24 16:07:47,True,True,False
1bdd33eeaede5009,cfa7562d8642,2026-07-24 16:09:40,True,False,False
8111e1ab9bfc7b5f,58003bf0152d,2026-07-24 16:11:06,True,True,False
e60a5359e0710020,cfa7562d8642,2026-07-24 16:13:12,True,True,False
8d2da5f316fe4a84,58003bf0152d,2026-07-24 16:15:44,True,True,False
6090f358326fb3de,58003bf0152d,2026-07-24 16:16:10,True,False,False
249b3cc798cffc31,48e2f5351af7,2026-07-24 16:17:35,False,False,False
69e6c9f26ec12f70,48e2f5351af7,2026-07-24 16:37:38,False,True,False
99299d9fd5a8dbb9,cfa7562d8642,2026-07-24 16:37:40,True,False,False
2e4ac11a26dc3300,cfa7562d8642,2026-07-24 16:38:15,True,False,False
1a41f70626bda89d,cfa7562d8642,2026-07-24 16:38:57,True,False,False
c635ab6bc5065a88,cfa7562d8642,2026-07-24 16:39:36,True,False,False
4e7dc7d52ae9e7de,372fc711d276,2026-07-24 16:39:49,False,False,False
0a7a388e4d403d4d,48e2f5351af7,2026-07-24 16:39:49,False,True,False
237b5b7ca3525d98,cfa7562d8642,2026-07-24 16:40:32,True,False,False
b0a625f196c1fea7,cfa7562d8642,2026-07-24 16:41:22,True,False,False
41e37607671b010b,cfa7562d8642,2026-07-24 16:41:49,True,False,False
efe982754a3e1b31,cfa7562d8642,2026-07-24 16:43:31,True,False,False
6588d5af2beb9bca,48e2f5351af7,2026-07-24 17:00:11,False,False,True
011f3af3e888904d,cfa7562d8642,2026-07-24 17:04:50,True,False,False
27c7137064c9757a,cbde42a1d9f2,2026-07-24 17:13:12,False,False,False
b20453416bab6802,cbde42a1d9f2,2026-07-24 17:14:00,False,False,True
e7fd8ff8b0e6d752,cbde42a1d9f2,2026-07-24 17:14:54,False,True,False
de0c5e460880dcf1,512e8fb3d785,2026-07-24 17:23:37,False,False,False
4d40015ee6161757,512e8fb3d785,2026-07-24 17:23:59,False,False,False
a65867ec5efb9ca0,512e8fb3d785,2026-07-24 17:24:25,False,False,False
f8c19f53324a6389,512e8fb3d785,2026-07-24 17:24:50,False,False,True
1c0dfddccf91385b,512e8fb3d785,2026-07-24 17:25:16,False,False,False
c08a8884bb4debce,512e8fb3d785,2026-07-24 17:31:02,False,False,False
228f9fc95f657927,512e8fb3d785,2026-07-24 17:31:32,False,False,True
0f36d443ee60af04,512e8fb3d785,2026-07-24 17:31:59,False,False,False
09646dae3f6ba798,512e8fb3d785,2026-07-24 17:32:22,False,False,True
7f6491d3edbe5e3b,512e8fb3d785,2026-07-24 17:32:46,False,False,False
3dba399e76866067,6902dba30d30,2026-07-24 17:51:11,False,False,True
b1ae31db8e858f66,6902dba30d30,2026-07-24 17:51:45,False,False,False
a484b4c20c76c3c0,6902dba30d30,2026-07-24 17:52:17,False,False,True
9078a74308a30dc0,6902dba30d30,2026-07-24 17:52:39,False,False,False
35ac8202952dada3,6902dba30d30,2026-07-24 17:53:11,False,False,True
01c1832e2ebca8b4,6902dba30d30,2026-07-24 17:56:12,False,False,True
542384a1f9f85b5c,6902dba30d30,2026-07-24 17:56:32,False,False,True
fd43c4b83c8ded4a,6902dba30d30,2026-07-24 17:57:03,False,False,False
a26c8a59ec6a3592,6902dba30d30,2026-07-24 17:57:30,False,False,True
2d81d45cdb1a4568,6902dba30d30,2026-07-24 17:58:02,False,False,False
7eb9c2046fb76174,6902dba30d30,2026-07-24 17:58:13,False,False,False
5d9703f9952b8bb4,6902dba30d30,2026-07-24 17:58:26,False,False,False
7eb85adcf2fb77da,6902dba30d30,2026-07-24 17:58:39,False,False,False
18e8ea5fa1b2c906,6902dba30d30,2026-07-24 17:59:12,False,False,True
90eae8c4c47e314c,6902dba30d30,2026-07-24 17:59:42,False,False,True
3f922ab92e814ea3,6902dba30d30,2026-07-24 18:00:12,False,False,False
d273232a5b9d276a,5e65b3f3ebf6,2026-07-24 18:00:18,True,False,True
4a2009883f67af07,6902dba30d30,2026-07-24 18:00:43,False,False,False
06f1f8ad733a4f4d,6902dba30d30,2026-07-24 18:01:14,False,False,False
18c381cac35617ad,6902dba30d30,2026-07-24 18:01:48,False,False,False
9f3d33d277b06bfa,6902dba30d30,2026-07-24 18:02:18,False,False,False
54022b73ada6abe1,6902dba30d30,2026-07-24 18:02:37,False,False,False
694934ece018e9f0,5e65b3f3ebf6,2026-07-24 18:03:34,True,False,True
b73f53c3de753db1,5e65b3f3ebf6,2026-07-24 18:07:27,True,True,False
ab95e80b98f98b4e,5e65b3f3ebf6,2026-07-24 18:10:06,True,False,True
009049b0b92e0de5,5e65b3f3ebf6,2026-07-24 18:11:18,True,False,False
52b3c430940caa9c,178c78255064,2026-07-24 18:15:37,True,False,False
7ab75123bda696f3,178c78255064,2026-07-24 18:18:35,True,False,False
befe8909a1843e96,178c78255064,2026-07-24 18:21:42,True,False,False
c45b02f68870fbfe,178c78255064,2026-07-24 18:25:12,True,True,False
b92a02a599f97749,70fc7c136235,2026-07-24 18:26:03,False,False,False
506b2ad532712271,70fc7c136235,2026-07-24 18:26:24,False,False,False
6527973c62b20acf,70fc7c136235,2026-07-24 18:26:32,False,False,False
bf5da08ea73511e5,178c78255064,2026-07-24 18:26:46,True,False,False
2f513ed4bb116b6d,70fc7c136235,2026-07-24 18:26:53,False,False,False
6a46c37540e87be6,70fc7c136235,2026-07-24 18:27:00,False,False,False
2ed0a1aa38804af7,70fc7c136235,2026-07-24 18:27:24,False,False,False
4e6eb2c33e0e9898,70fc7c136235,2026-07-24 18:27:31,False,False,False
de5c1238cabf6ccb,70fc7c136235,2026-07-24 18:27:50,False,False,False
5164b89fd1de8c51,70fc7c136235,2026-07-24 18:27:56,False,False,False
520ae464961a3de6,70fc7c136235,2026-07-24 18:28:12,False,False,False
7859da61d49fb6da,ad05bd3ec57e,2026-07-24 18:32:57,False,False,False
58e88629873851b3,ad05bd3ec57e,2026-07-24 18:33:02,False,False,False
d8585229e7a3ee32,ad05bd3ec57e,2026-07-24 18:33:16,False,False,False
945b67f1ffd7840a,ad05bd3ec57e,2026-07-24 18:33:22,False,False,False
7207df6f892d9bd6,ad05bd3ec57e,2026-07-24 18:33:31,False,False,False
bdd44a174efdf8c1,ad05bd3ec57e,2026-07-24 18:33:38,False,False,False
0399c7883caf7ee0,ad05bd3ec57e,2026-07-24 18:33:55,False,False,False
55f2d30652c26029,ad05bd3ec57e,2026-07-24 18:33:59,False,False,False
517ec1a11f9b9343,ad05bd3ec57e,2026-07-24 18:34:08,False,False,False
d52f20d36295d605,ad05bd3ec57e,2026-07-24 18:34:12,False,False,False
125deece492f6d64,ad05bd3ec57e,2026-07-24 18:34:49,False,False,False
71e61d242dcf147d,ad05bd3ec57e,2026-07-24 18:34:55,False,False,False
ee588b42cf6bbd58,178c78255064,2026-07-24 18:36:27,True,True,False
085b4d60a091451e,178c78255064,2026-07-24 18:38:33,True,False,False
943eccec9e7453cf,ad05bd3ec57e,2026-07-24 18:44:15,False,False,False
2f8b943169491c07,ad05bd3ec57e,2026-07-24 18:44:20,False,False,False
721c4ea26579e2d0,ad05bd3ec57e,2026-07-24 18:44:31,False,False,False
8b83add715423b86,ad05bd3ec57e,2026-07-24 18:44:40,False,False,False
113399f77cdb2b85,ad05bd3ec57e,2026-07-24 18:44:52,False,False,False
7efc08a4e544735e,ad05bd3ec57e,2026-07-24 18:44:56,False,False,False
509717bfd15c0542,ad05bd3ec57e,2026-07-24 18:45:27,False,False,False
db06143a83cd97c0,ad05bd3ec57e,2026-07-24 18:45:32,False,False,False
b3b00340a6fb28fd,ad05bd3ec57e,2026-07-24 18:45:56,False,False,False
b0863f5399bd90c8,ad05bd3ec57e,2026-07-24 18:46:01,False,False,False
a0412c27e7782ac9,ad05bd3ec57e,2026-07-24 18:46:08,False,False,False
908432f0b3cb1088,ad05bd3ec57e,2026-07-24 18:46:12,False,False,False
6057403c8dcaf36d,cfa7562d8642,2026-07-24 19:27:43,True,False,False
832e1ba862651d87,cfa7562d8642,2026-07-24 19:27:46,True,False,False
d8eaf6ff38134293,cfa7562d8642,2026-07-24 19:27:50,True,False,False
d35aae8307b23332,cfa7562d8642,2026-07-24 19:32:14,True,False,False
c49b656957a9c43f,cfa7562d8642,2026-07-24 19:32:25,True,False,False
54dd52d8d3ed96e2,cfa7562d8642,2026-07-24 19:34:39,True,False,False
94e566f81b7f1014,cfa7562d8642,2026-07-24 19:35:18,True,False,False
505f1d985dec92c0,cfa7562d8642,2026-07-24 19:35:47,True,False,False
c400f4147e344c4c,cfa7562d8642,2026-07-24 19:36:53,True,False,False
bf079e43c390696e,58003bf0152d,2026-07-24 19:40:19,True,False,False
a1c62aba14a8bc11,58003bf0152d,2026-07-24 19:40:53,True,False,True
21a6d5b9045107b1,cfa7562d8642,2026-07-24 19:44:04,True,False,False
ef913333f7aabfbc,cfa7562d8642,2026-07-24 19:44:35,True,False,False
bae11762a4d58b65,cfa7562d8642,2026-07-24 19:45:40,True,False,False
5016f64ddff11da8,cfa7562d8642,2026-07-24 19:46:20,True,False,False
9270314fde30b2df,cfa7562d8642,2026-07-24 19:47:16,True,False,True
91712f1e451de5a5,cfa7562d8642,2026-07-24 19:48:15,True,False,True
dd89ef6e39eacdd0,cfa7562d8642,2026-07-24 19:49:02,True,False,True
4bb1d310c66de682,cfa7562d8642,2026-07-24 19:50:13,True,False,False
90d43ef4a836e8f2,cfa7562d8642,2026-07-24 19:51:04,True,False,False
e7b3a8d465da9002,cfa7562d8642,2026-07-24 19:51:35,True,False,True
71c62ec55cbfbbb0,cfa7562d8642,2026-07-24 19:52:16,True,True,True
f4a3a6731dcfa9d1,cfa7562d8642,2026-07-24 19:53:09,True,False,False
df689b407b907050,cfa7562d8642,2026-07-24 19:54:06,True,False,False
387c5131c85ce78b,cfa7562d8642,2026-07-24 19:54:31,True,True,False
168e6f6954947072,0b98d3009cee,2026-07-24 19:56:26,True,False,False
d7c07d4003417edf,cfa7562d8642,2026-07-24 19:57:00,True,False,False
bf6b22d3db5b7398,0b98d3009cee,2026-07-24 19:57:37,True,False,True
a6fd219821085b6b,cfa7562d8642,2026-07-24 19:57:39,True,True,False
a8c0ae299ec37614,0b98d3009cee,2026-07-24 19:58:15,True,True,False
2035a6ee968831da,cfa7562d8642,2026-07-24 19:58:23,True,True,False
6300a3b46abaf81c,cfa7562d8642,2026-07-24 19:59:27,True,True,False
d911711e59e253ec,0b98d3009cee,2026-07-24 19:59:47,True,False,False
7348045c4fdef88e,cfa7562d8642,2026-07-24 19:59:57,True,False,False
6166a86b405ca3b2,0b98d3009cee,2026-07-24 20:00:35,True,True,False
fb423e5117a16a5c,cfa7562d8642,2026-07-24 20:01:05,True,False,False
5d4a7c8e45218bb5,0b98d3009cee,2026-07-24 20:01:40,True,True,False
b41bafe0c8a3f9f5,cfa7562d8642,2026-07-24 20:01:53,True,False,False
36af1250209592eb,0b98d3009cee,2026-07-24 20:02:19,True,False,False
b3f1c03f550d0a59,cfa7562d8642,2026-07-24 20:02:42,True,False,False
bd7a05f04d1a2336,0b98d3009cee,2026-07-24 20:02:57,True,False,False
e7622b8618553c6f,cfa7562d8642,2026-07-24 20:03:23,True,False,True
250717984af90da5,0b98d3009cee,2026-07-24 20:06:34,True,False,False
3009bffa71979d01,cfa7562d8642,2026-07-24 20:06:36,True,True,False
0e8879bc69249d34,0b98d3009cee,2026-07-24 20:07:18,True,False,True
786046cc3762f4b7,0b98d3009cee,2026-07-24 20:07:56,True,False,False
0e114d21f058aa08,0b98d3009cee,2026-07-24 20:16:00,True,False,False
b23d5e76471f8a55,a5def76f53e2,2026-07-24 20:27:10,True,False,False
5e1863b1a65e6a4f,a5def76f53e2,2026-07-24 20:29:08,True,False,True
5ac9b3c802968f1d,0b98d3009cee,2026-07-24 20:38:21,True,True,False
7c6e7279763a7cb3,0b98d3009cee,2026-07-24 20:39:10,True,False,False
c1dc6d8d0bbf926e,0b98d3009cee,2026-07-24 20:39:58,True,False,False
4859fa8aa502fe67,0b98d3009cee,2026-07-24 20:41:18,True,False,False
88cb5eeab0a118ee,0b98d3009cee,2026-07-24 20:42:41,True,False,False
c1a4545078cea39e,f19c866c9fd5,2026-07-24 20:42:58,True,False,False
8d6914d7d37db47a,f19c866c9fd5,2026-07-24 20:43:23,True,False,False
70ad76ee76ad132e,0b98d3009cee,2026-07-24 20:43:48,True,False,False
261023a166eb0fef,64e5fa345723,2026-07-24 21:55:16,True,True,False
bd7d04bba444fec6,4f10e7ccb693,2026-07-24 22:29:16,True,False,False
2198a80939677617,f19c866c9fd5,2026-07-24 22:38:48,True,False,False
2fc264feff67e2b3,cfa7562d8642,2026-07-24 22:39:06,True,False,False
f5d6c111ce60d238,f19c866c9fd5,2026-07-24 22:39:13,True,False,False
07479da0c145baa4,0b98d3009cee,2026-07-24 22:39:14,True,False,False
06d0fe0431949b7a,0b98d3009cee,2026-07-24 22:39:29,True,False,False
496ca06e763002ed,cfa7562d8642,2026-07-24 22:39:52,True,False,False
f0a9dbd42dcce1f3,f19c866c9fd5,2026-07-24 22:40:31,True,False,False
c7e04a0e979d9803,f19c866c9fd5,2026-07-24 22:41:03,True,False,False
25fec5941c363048,e4bb3d69fa67,2026-07-24 22:52:24,True,False,True
9b066cf6577f887d,e4bb3d69fa67,2026-07-24 22:53:48,True,False,True
668c3006cb5f20b1,96cae25a3eb7,2026-07-24 23:38:40,True,False,False
d31b70963bab215c,96cae25a3eb7,2026-07-24 23:39:17,True,False,False
af6514f15c4c39dc,2c6e3e97efb9,2026-07-25 03:38:31,False,True,False
c4b811b55476b0ca,2c6e3e97efb9,2026-07-25 03:38:55,False,False,False
92def69c7513101b,2c6e3e97efb9,2026-07-25 03:39:10,False,True,False
500415467665f748,2c6e3e97efb9,2026-07-25 03:39:22,False,False,False
3f37af9bd7053fb7,2c6e3e97efb9,2026-07-25 03:39:36,False,True,False
f57b898c24920c71,2c6e3e97efb9,2026-07-25 03:39:55,False,False,False
a8045f798ac46200,2c6e3e97efb9,2026-07-25 03:40:09,False,True,False
3cfb470d6a39357c,2c6e3e97efb9,2026-07-25 03:40:32,False,False,False
b862d23277fc1e6f,2c6e3e97efb9,2026-07-25 03:48:53,False,True,False
ff729f3eb9e0a5f4,2c6e3e97efb9,2026-07-25 03:49:04,False,True,False
21f492ce8f83f9a5,2c6e3e97efb9,2026-07-25 03:49:17,False,True,False
c9d63d7bd84ee1fa,3046d956c00d,2026-07-25 03:54:38,False,False,False
873de14583c424b5,3046d956c00d,2026-07-25 03:54:47,False,False,False
e94b82ea6a300887,3046d956c00d,2026-07-25 03:54:55,False,False,False
61895d49a0057e56,ab0a82cdd042,2026-07-25 04:27:51,False,False,False
17f0183ee58c8cc5,ab0a82cdd042,2026-07-25 04:27:59,False,False,False
b80aa6466101faaf,ab0a82cdd042,2026-07-25 04:28:05,False,False,False
45bf66ccd804898d,ab0a82cdd042,2026-07-25 04:28:11,False,False,False
3b1b2e7de7d962ff,ab0a82cdd042,2026-07-25 04:28:33,False,False,True
e13bf5cc91422f42,62ccd601ea2c,2026-07-25 04:49:57,False,False,False
71cf4585a3b7f4af,62ccd601ea2c,2026-07-25 04:50:03,False,False,False
ff4d859dd5d6350b,0d396bbbe637,2026-07-25 13:31:44,True,False,True
4684002b1bb4f641,0d396bbbe637,2026-07-25 13:33:34,True,False,False
61fa72bdef380ef8,0d396bbbe637,2026-07-25 13:34:44,True,False,False
672e8f89e2078e54,0d396bbbe637,2026-07-25 13:38:06,True,False,False
38ca2fc8da17a086,0d396bbbe637,2026-07-25 13:39:21,True,False,False
f4822ab0eef14985,6d3883ec2cac,2026-07-25 15:23:27,True,False,False
5a1703a3ac0b277f,6d3883ec2cac,2026-07-25 15:24:06,True,False,False
8487bc9e1fc51482,6d3883ec2cac,2026-07-25 15:27:44,True,False,False
5bfc7fbaf040e22c,6d3883ec2cac,2026-07-25 15:30:50,True,False,False
16c2522705f56d07,6d3883ec2cac,2026-07-25 15:34:05,True,False,False
6586ae3a35c899b1,425a85d298f2,2026-07-25 18:31:23,True,False,False
5fef1b11277c6da8,72fd8e1853ee,2026-07-25 19:23:54,True,True,False
0a23580e1e842909,72fd8e1853ee,2026-07-25 19:25:08,True,False,True
755c806e94b635f4,72fd8e1853ee,2026-07-25 19:26:16,True,False,False
8a0788247b3af1d8,72fd8e1853ee,2026-07-25 19:27:03,True,False,False
dabfaa2b01ace834,8d99fc65f5d8,2026-07-26 02:40:43,True,False,False
a31dd2ed387a51bf,88aed1d6b116,2026-07-27 11:48:48,False,False,False
1d05753014287772,88aed1d6b116,2026-07-27 11:48:54,False,False,False
1518213048c8b055,88aed1d6b116,2026-07-27 11:49:04,False,False,False
973b1bca33f17e28,88aed1d6b116,2026-07-27 11:49:12,False,False,False
f97628c8ada84868,88aed1d6b116,2026-07-27 11:49:19,False,False,False
65c361acf4c2f131,88aed1d6b116,2026-07-27 11:49:27,False,False,False
fec2819bfba34117,88aed1d6b116,2026-07-27 11:49:35,False,False,False
d15cfc412f47bc38,88aed1d6b116,2026-07-27 11:49:43,False,False,False
f91fbc0eff1022fc,88aed1d6b116,2026-07-27 11:49:49,False,False,False
2b78f0bb2f39e120,88aed1d6b116,2026-07-27 11:49:57,False,False,False
a42e0b3ceeaede72,88aed1d6b116,2026-07-27 11:50:03,False,False,False
44c481170d768adb,88aed1d6b116,2026-07-27 11:50:08,False,False,False
c3a8e3149b80ebb7,f3141ba1bdbf,2026-07-27 12:34:01,True,True,False
e0de8032d8080f66,cfa7562d8642,2026-07-27 13:11:44,True,False,False
48cea8e552a6b940,cfa7562d8642,2026-07-27 13:12:18,True,False,False
215d629f4ac840a8,cfa7562d8642,2026-07-27 13:13:10,True,False,False
dcdffeafadea66e8,7dcca471d88b,2026-07-27 14:43:56,True,False,False
42f824ce7da97938,7dcca471d88b,2026-07-27 14:44:37,True,False,False
66aafe2da2712349,7dcca471d88b,2026-07-27 14:45:35,True,False,False
7721911ad1b82ee1,7dcca471d88b,2026-07-27 14:46:37,True,False,False
70b2ddf7a1cff2e9,7dcca471d88b,2026-07-27 14:48:00,True,False,False
49cff8375f710a60,2f1d63920637,2026-07-27 14:52:49,True,True,False
d9d835151c47d71e,452c08220fe8,2026-07-27 14:57:26,True,False,False
9b8b740ef507a7a1,452c08220fe8,2026-07-27 14:57:44,True,False,False
72fbf0b44b1645d3,452c08220fe8,2026-07-27 14:58:17,True,False,False
febdbd5e13bd2e84,c6b6dd92e42a,2026-07-27 15:09:31,True,False,False
3ca6bc0a9e3a27f1,f19c866c9fd5,2026-07-27 15:09:56,True,False,False
1aeb163f9a1bd5dd,c6b6dd92e42a,2026-07-27 15:10:16,True,True,False
888b7693d9a2f8e4,f19c866c9fd5,2026-07-27 15:11:52,True,False,False
1ebcf63915387849,f19c866c9fd5,2026-07-27 15:13:55,True,False,False
62f0889e5a8713c2,f19c866c9fd5,2026-07-27 15:40:37,True,False,False
d83dc8108963b318,0982baceacfa,2026-07-27 15:53:08,True,False,True
31cdc28ae785987e,0982baceacfa,2026-07-27 15:55:12,True,False,True
1638b6e0e59c4b0e,0a225e949939,2026-07-27 15:56:52,True,False,True
2e0b6b46280733de,92d93d16ccf9,2026-07-27 15:57:02,True,False,False
3ab57841c2e02d7d,13c2983256df,2026-07-27 15:57:19,True,True,False
ebcc741fa6cbbd9d,0982baceacfa,2026-07-27 15:57:19,True,False,False
7cda6e0103b4c847,5616952a922d,2026-07-27 15:57:55,True,False,True
e1298e66149b412f,258089dc336d,2026-07-27 15:58:42,True,False,True
17052ccfe6419b7a,6ae6862863cc,2026-07-27 15:58:45,True,False,False
7ea3fc4b51607c95,258089dc336d,2026-07-27 15:58:50,True,False,False
a5b952bcfb5b721f,b259227734f4,2026-07-27 15:59:45,True,False,False
04f9474f2b2517c9,6ae6862863cc,2026-07-27 15:59:57,True,False,False
c78dba97c440d375,0982baceacfa,2026-07-27 15:59:59,True,False,False
285ed9b516cadd87,48b29e9b74b3,2026-07-27 16:00:03,True,False,True
0eb21b58d55dd839,6ae6862863cc,2026-07-27 16:00:05,True,False,False
52dfa23c2adedcee,74a39c4f60d3,2026-07-27 16:00:15,True,False,False
b477d4c2b78415d5,258089dc336d,2026-07-27 16:00:46,True,False,False
6a80801595f128b3,0982baceacfa,2026-07-27 16:00:56,True,False,False
00eb6ec3af00d60c,6ae6862863cc,2026-07-27 16:01:02,True,True,False
162a7fef1d9a68f4,025cac964aaa,2026-07-27 16:01:03,True,False,True
4653e94dcbfa840b,0bdeeab02ee1,2026-07-27 16:01:24,True,False,True
097766ae6b46e6e7,e321fc2db3fa,2026-07-27 16:01:34,True,False,True
85d74f06d0838558,288002336e77,2026-07-27 16:01:37,True,False,False
c66f81ebae275a21,6ae6862863cc,2026-07-27 16:01:54,True,False,False
70476a4c0b1328ee,b259227734f4,2026-07-27 16:02:12,True,False,False
b6aa30cb148f0a0a,0982baceacfa,2026-07-27 16:02:22,True,False,False
2071e9428fe25741,48b29e9b74b3,2026-07-27 16:02:22,True,False,True
3d7dd6357566da02,a5b8a3cf6303,2026-07-27 16:02:42,True,False,True
65d46e910ba0b4dc,702f81b87973,2026-07-27 16:02:43,True,False,False
294fd3f238a95aa3,e321fc2db3fa,2026-07-27 16:03:00,True,False,False
f10fbfcb94ea083a,0bdeeab02ee1,2026-07-27 16:03:23,True,False,True
f10741501a018ab9,c44634a0d0af,2026-07-27 16:03:36,True,False,False
bca698f0f7dfd2b6,e321fc2db3fa,2026-07-27 16:04:00,True,False,True
8d31627415c467b3,48b29e9b74b3,2026-07-27 16:04:12,True,False,False
9979e93775e5d1af,0982baceacfa,2026-07-27 16:04:25,True,False,False
3fe7625c7a713a05,c44634a0d0af,2026-07-27 16:05:11,True,False,False
f2987052effa8600,702f81b87973,2026-07-27 16:05:22,True,False,False
ec5ca7089c29f5c5,0982baceacfa,2026-07-27 16:05:41,True,True,False
c63ed6e7189a82e3,288002336e77,2026-07-27 16:05:47,True,False,False
78389c79571b2572,221fa9dcfc72,2026-07-27 16:06:30,True,False,False
e016fe22391c0b04,702f81b87973,2026-07-27 16:06:35,True,False,False
135466e3d068b50a,54987b876f2a,2026-07-27 16:06:41,True,False,True
82e7f334996a81fe,c44634a0d0af,2026-07-27 16:06:55,True,False,False
91dcd2829cb4774c,c44634a0d0af,2026-07-27 16:07:05,True,False,False
49b52890ba392f4b,221fa9dcfc72,2026-07-27 16:07:21,True,False,False
1a95eda547fc82b6,702f81b87973,2026-07-27 16:08:08,True,False,True
5e5d30be14eef47d,54987b876f2a,2026-07-27 16:08:47,True,False,True
e437d5d3a4a0d9b6,c44634a0d0af,2026-07-27 16:08:53,True,False,False
6a748bf7fd2d0348,221fa9dcfc72,2026-07-27 16:08:57,True,False,False
576b543541673028,702f81b87973,2026-07-27 16:08:58,True,False,False
65bd96b9217777c1,28cfc1df937a,2026-07-27 16:09:08,True,False,True
7f41e3ff74095976,28cfc1df937a,2026-07-27 16:09:40,True,False,True
0b40a3e39db14875,221fa9dcfc72,2026-07-27 16:10:01,True,False,True
e5a3143546ba5284,28cfc1df937a,2026-07-27 16:10:03,True,False,False
268103cfe2b589ad,221fa9dcfc72,2026-07-27 16:10:03,True,False,False
dc075713bde05217,28cfc1df937a,2026-07-27 16:10:40,True,False,False
9bef98e3f36e45c2,54987b876f2a,2026-07-27 16:11:34,True,False,False
da04639022c2c161,1c5abb23d689,2026-07-27 16:11:55,True,False,False
7e19a097d1eeaee5,288002336e77,2026-07-27 16:12:30,True,False,False
e979d5b8434f7804,54987b876f2a,2026-07-27 16:13:10,True,False,False
def3b2e1a845a8ff,1c5abb23d689,2026-07-27 16:15:11,True,False,True
e31a113cac26da39,92c906ae713f,2026-07-27 16:16:45,True,False,True
571156ae2e043f7c,46f5acd38250,2026-07-27 16:21:35,True,False,False
aeff0e5659c6c8a0,46f5acd38250,2026-07-27 16:23:31,True,False,False
cc41d9f700dd0014,46f5acd38250,2026-07-27 16:24:19,True,False,False
f00d9ff3b1b77616,46f5acd38250,2026-07-27 16:24:43,True,False,True
0ca0a770c843ebe4,46f5acd38250,2026-07-27 16:25:34,True,False,True
ae720cfdcbed96b2,111ad7eb4be6,2026-07-27 16:44:43,True,False,False
530903eb5bd80030,111ad7eb4be6,2026-07-27 16:45:28,True,False,False
60f50dd3f2740467,111ad7eb4be6,2026-07-27 16:47:39,True,False,False
8f5a89d00a37f1f1,e0698cb52450,2026-07-27 16:56:55,True,False,True
3d22047a5984f66f,a5dadd4e8d83,2026-07-27 17:02:24,True,False,True
e8a058fa16e49504,a5dadd4e8d83,2026-07-27 17:05:33,True,False,True
ebd124e482f06137,e9007fba3801,2026-07-27 17:06:06,True,False,False
0cc38979a3fc710c,a5dadd4e8d83,2026-07-27 17:06:45,True,False,True
66212d3b5d7b35a8,a5dadd4e8d83,2026-07-27 17:09:05,True,False,True
0c631b053a8b0df2,a5dadd4e8d83,2026-07-27 17:23:07,True,False,False
ba70bc99ecc057de,a5dadd4e8d83,2026-07-27 17:23:54,True,False,True
19f96360f8e98050,e51aa2d7b4dc,2026-07-27 17:25:03,True,False,False
4ba71048c2645c27,e51aa2d7b4dc,2026-07-27 17:25:19,True,False,False
b4d15d08c4088982,e51aa2d7b4dc,2026-07-27 17:25:45,True,False,False
5dacbce8cd70d896,a5dadd4e8d83,2026-07-27 17:25:51,True,False,False
6ea5797ced613841,4fd0ea8a5508,2026-07-27 17:37:59,True,False,False
83f45bc8a8e2fc6d,5342526ca7e7,2026-07-27 17:47:27,True,False,False
99cb53b1d0a70dd4,5342526ca7e7,2026-07-27 17:49:47,True,False,False
957aeb662f87fd0f,5342526ca7e7,2026-07-27 17:50:15,True,False,False
5925cfe108c6d25b,5342526ca7e7,2026-07-27 17:52:14,True,False,True
7cc1ccd0975bfdc9,5342526ca7e7,2026-07-27 17:53:49,True,False,False
322510f498775dd4,5342526ca7e7,2026-07-27 17:54:46,True,False,False
002ea3ab71de3da9,b05d491de4b3,2026-07-27 17:57:24,True,False,False
7d5d27241cb0d626,b05d491de4b3,2026-07-27 17:58:17,True,False,False
917d34b8e795417e,5342526ca7e7,2026-07-27 17:58:21,True,False,False
b67ae74078cb68e5,a21a9f65fe4f,2026-07-27 17:59:04,True,False,False
9fc806f0780d4c72,a21a9f65fe4f,2026-07-27 18:00:32,True,False,False
d1f2c3ea2ee09f55,b05d491de4b3,2026-07-27 18:00:36,True,False,True
894247d5a2847086,64ad655a920c,2026-07-27 18:02:15,True,False,False
ccf901d8b1bd247e,91ff28da6cfe,2026-07-27 18:12:10,True,False,True
6cf640fd77522833,3599f0b9b4e9,2026-07-27 19:07:06,True,False,False
ebc3cde9958f435e,3599f0b9b4e9,2026-07-27 19:08:44,True,False,True
75ac3e47e92a7478,3599f0b9b4e9,2026-07-27 19:11:54,True,False,False
3038fba409876683,3599f0b9b4e9,2026-07-27 19:13:11,True,False,False
c13b3ccc2bf3409d,3599f0b9b4e9,2026-07-27 19:15:24,True,False,False
d98b4a9eb9195bac,adc62f73647f,2026-07-27 19:27:06,True,False,False
f9fba0a385b70b2f,5f86a3974516,2026-07-27 20:06:26,True,False,False
2d94a89663c18997,3a57ba4e56f1,2026-07-27 20:10:28,True,False,False
910a6c631c0ce3f2,3a57ba4e56f1,2026-07-27 20:12:35,True,False,True
fa20c2cc00a30e81,3a57ba4e56f1,2026-07-27 20:14:07,True,True,False
2a92d09d8c078156,0982baceacfa,2026-07-27 21:14:13,True,False,False
3476975771a3db0f,b5eb6b5a548a,2026-07-27 22:02:03,True,False,False
347326ea797883e2,ec87239959ff,2026-07-27 22:02:51,True,False,False
d02b887455acf8cb,ec87239959ff,2026-07-27 22:04:26,True,False,False
b3d338404445cb6b,b5eb6b5a548a,2026-07-27 22:09:03,True,False,False
6770e5f22700488f,b5eb6b5a548a,2026-07-27 22:09:08,True,False,False
71b41e157ada03fd,b5eb6b5a548a,2026-07-27 22:10:35,True,False,True
dd5433e384555413,b5eb6b5a548a,2026-07-27 22:12:23,True,False,False
f490602425000604,e846935965c0,2026-07-27 22:29:51,True,False,False
98a359b5374f2260,e846935965c0,2026-07-27 22:30:50,True,False,False
37bf47976873ffb7,1195052a2705,2026-07-28 00:15:48,True,False,True
284d45b91780a8c5,1195052a2705,2026-07-28 00:17:14,True,False,False
8226a476d173db22,1195052a2705,2026-07-28 00:18:17,True,False,True
e78b283b26ee9dbb,1195052a2705,2026-07-28 00:20:29,True,False,False
caf567977ff8290f,1195052a2705,2026-07-28 00:26:08,True,False,False
56e7c9c377511bc2,1195052a2705,2026-07-28 00:26:57,True,False,True
a833147d0cec8cbe,1195052a2705,2026-07-28 00:28:03,True,False,True
85ce8925548afe15,1195052a2705,2026-07-28 00:28:18,True,False,True
be9f567efe7664c2,a37a284274ee,2026-07-28 01:27:10,True,False,False
a7b82500875ac883,a37a284274ee,2026-07-28 01:27:22,True,False,False
3a99753d43eb2ba4,96cae25a3eb7,2026-07-28 01:33:49,True,False,False
41d62b193d19a7e7,96cae25a3eb7,2026-07-28 01:34:26,True,True,False
0c94b1513dc1955a,0de98070fca2,2026-07-28 04:01:10,True,False,False
0fe427ec2f54982c,0de98070fca2,2026-07-28 04:02:27,True,False,True
ada3996c8404a920,0de98070fca2,2026-07-28 04:04:27,True,False,False
e8ef50e62fa2f526,0de98070fca2,2026-07-28 04:05:14,True,False,False
4e1fb200a37f7bd5,0de98070fca2,2026-07-28 04:05:39,True,True,False
ca43da8e07f95bb9,f11283a6845d,2026-07-28 04:17:26,True,False,False
3aac4b7c9fa9448d,f11283a6845d,2026-07-28 04:18:11,True,False,False
4670f5afaf58517a,f11283a6845d,2026-07-28 04:19:38,True,False,False
ee88bd8ce7241552,f11283a6845d,2026-07-28 04:21:01,True,True,False
d38954182bde81bc,f11283a6845d,2026-07-28 04:21:37,True,False,False
0a6f10a8c2615b23,f11283a6845d,2026-07-28 04:22:18,True,True,False
b6c18d64b5e35abc,d254704c670d,2026-07-28 12:41:31,True,False,False
deab4d6a0d7da935,cddce7294b5b,2026-07-28 13:42:35,True,False,False
ead25d718bfb979e,c3162b9d1443,2026-07-28 13:48:14,True,False,False
06d0f8980c240e61,c3162b9d1443,2026-07-28 13:48:58,True,False,False
d3772d16e8e1211d,3699dffeee89,2026-07-28 14:45:47,False,False,False
693a2a41e4ac6872,1478ba543589,2026-07-28 14:49:41,False,False,True
cf623c3238367fa6,1478ba543589,2026-07-28 14:50:18,False,False,True
e7f7cac83e85acfb,1478ba543589,2026-07-28 14:51:51,False,False,False
208d2bf95278af41,3699dffeee89,2026-07-28 15:16:24,False,False,False
4236c4d5a67bb846,4f10e7ccb693,2026-07-28 16:28:13,True,False,False
cfc49d16af120eff,dd91d1e52f04,2026-07-28 16:39:42,False,False,False
340a0b7c28bfe0e3,dd91d1e52f04,2026-07-28 16:41:47,False,False,True
536ffcc52097b82d,dd91d1e52f04,2026-07-28 16:44:23,False,False,True
5546dc8c7e88adf1,82e37a8b57e0,2026-07-28 16:52:05,False,False,False
c8574565b35a307b,82e37a8b57e0,2026-07-28 16:52:51,False,True,False
ccaa1b7003770c58,8483c94fc824,2026-07-28 16:58:05,False,False,False
403894ccbdc40623,8483c94fc824,2026-07-28 16:58:42,False,False,False
376d4bd13251fad8,382454408be6,2026-07-28 17:01:22,False,False,True
8b25f107255ccb2b,34c6d4f5c12a,2026-07-28 17:01:59,False,False,True
0033ba7ba1c829d5,34c6d4f5c12a,2026-07-28 17:02:15,False,True,False
ac5d736740f6a46b,34c6d4f5c12a,2026-07-28 17:02:25,False,True,False
78f6a4ec785c2140,34c6d4f5c12a,2026-07-28 17:02:34,False,True,False
f48f6dff24f378f4,dd91d1e52f04,2026-07-28 17:02:34,False,False,False
9b1b8ff56cdc5c28,dd91d1e52f04,2026-07-28 17:03:38,False,False,False
227311e73dd537f7,382454408be6,2026-07-28 17:03:40,False,False,True
56662550b9282309,382454408be6,2026-07-28 17:04:42,False,False,False
82c095b22d0993ba,382454408be6,2026-07-28 17:05:53,False,False,False
fbbfa93ad3db672e,99527ac5570a,2026-07-28 17:06:44,False,False,False
0ec009392c41e283,99527ac5570a,2026-07-28 17:07:17,False,False,False
053a080d6118bc54,99527ac5570a,2026-07-28 17:08:18,False,False,False
63cc4b9d4855d55c,382454408be6,2026-07-28 17:08:33,False,False,False
7f7fc34e6ce3e32b,382454408be6,2026-07-28 17:09:29,False,False,False
81e663f456787cac,4cc91e57a91d,2026-07-28 17:22:11,False,False,False
9b37582c15a9e776,4cc91e57a91d,2026-07-28 17:22:47,False,False,True
2718e2ffb3fc7c2e,f75b72879f1a,2026-07-28 17:56:14,False,False,False
e8da65216cd80b5e,dd91d1e52f04,2026-07-28 18:00:06,False,False,False
fc00df9702cf3edb,dd91d1e52f04,2026-07-28 18:00:47,False,False,True
db43a495e6f7f634,dd91d1e52f04,2026-07-28 18:00:56,False,False,False
5a21316ed08cb213,dd91d1e52f04,2026-07-28 18:02:31,False,False,False
2b32ddd19a1989f8,dd91d1e52f04,2026-07-28 18:02:53,False,False,False
0880ef0fbd47d3ff,dd91d1e52f04,2026-07-28 18:05:05,False,False,False
8692fc024b8bfb3c,f75b72879f1a,2026-07-28 18:07:49,False,False,False
cb475eb4617ad51f,f75b72879f1a,2026-07-28 18:11:30,False,False,False
f72267fadf008bcc,987992302be3,2026-07-28 18:14:30,False,False,False
b77d962a585ecd4c,987992302be3,2026-07-28 18:15:16,False,False,False
93258282060ad9e8,c7ce2d12156e,2026-07-28 18:18:12,False,False,False
695e56e8b575ce55,c7ce2d12156e,2026-07-28 18:18:50,False,False,False
01d24319b004e66d,f75b72879f1a,2026-07-28 18:19:06,False,False,False
53e9ea7ba969e5b5,9f2d3768beb5,2026-07-28 18:19:09,False,False,False
66ed0c49350ca92b,987992302be3,2026-07-28 18:19:51,False,False,False
54bcecea2b3b3a6c,c7ce2d12156e,2026-07-28 18:20:49,False,True,False
50fc524d1fa81104,987992302be3,2026-07-28 18:20:57,False,False,False
48f0d9c00242fe05,987992302be3,2026-07-28 18:23:01,False,False,False
15af1520fb112896,987992302be3,2026-07-28 18:23:19,False,False,False
f6e280a4321a626d,987992302be3,2026-07-28 18:24:16,False,False,False
22fbcc410d6464b5,c7ce2d12156e,2026-07-28 18:24:36,False,False,False
437745973d3932c1,f75b72879f1a,2026-07-28 18:44:19,False,False,False
60706a9acdd15d25,f75b72879f1a,2026-07-28 18:45:07,False,False,False
315c9232c2310d4f,f75b72879f1a,2026-07-28 18:46:56,False,True,False
ea72e1fd001e0ddc,dddc6142ec46,2026-07-28 19:35:33,False,False,True
532ec733994339b5,04cb2517ef64,2026-07-28 19:43:53,False,False,False
00e188f405c997a1,04cb2517ef64,2026-07-28 19:44:31,False,False,False
e748be367e93964c,886c4de0e15e,2026-07-28 20:45:04,False,False,False
ff9387cabd28ff20,886c4de0e15e,2026-07-28 20:45:41,False,False,False
495ab1a7671962dd,0e62967fd27d,2026-07-28 20:56:31,True,False,False
3a9805f24bebe3ec,8759feb68258,2026-07-28 20:56:53,False,False,False
3521d3b6316b10ff,0e62967fd27d,2026-07-28 20:57:27,True,False,True
a642194cac1743bc,8759feb68258,2026-07-28 20:59:05,False,False,False
16d5537d4ae2c2fe,8759feb68258,2026-07-28 21:00:25,False,False,False
df7ff56f701d8adc,8759feb68258,2026-07-28 21:01:35,False,False,True
c7f6a268f574107d,8759feb68258,2026-07-28 21:04:02,False,False,False
943b190b79d07b13,8759feb68258,2026-07-28 21:07:10,False,False,False
801a6f6c5292bda1,445f8c30e657,2026-07-28 21:20:26,False,False,False
4d8d68f7cf389fae,445f8c30e657,2026-07-28 21:21:07,False,False,True
2cbe96394d0424d3,445f8c30e657,2026-07-28 21:21:16,False,False,False
b531d58e1162f677,445f8c30e657,2026-07-28 21:22:29,False,False,False
90d4a5c2a5d8e3f0,445f8c30e657,2026-07-28 21:22:38,False,False,False
85b82c8a6dd3d5c8,96cae25a3eb7,2026-07-28 21:22:41,True,False,False
828740f478bae651,445f8c30e657,2026-07-28 21:22:48,False,False,False
3526b6349c60d86a,445f8c30e657,2026-07-28 21:23:16,False,False,True
b23d25547dfa4c08,445f8c30e657,2026-07-28 21:23:25,False,False,True
a83055c7a5b70b21,dfed16440fa7,2026-07-28 21:23:28,True,False,True
4db8252db7e064a3,dfed16440fa7,2026-07-28 21:25:44,True,False,False
f018aeb556a35124,24210d0ef3a3,2026-07-28 21:25:56,True,False,False
492b1f29ea651ab7,445f8c30e657,2026-07-28 21:26:00,False,False,True
29814e3187554998,63ba58c33223,2026-07-28 21:26:20,True,False,False
5cf2f5845ae8a495,24210d0ef3a3,2026-07-28 21:27:13,True,False,False
40365c7d018ee6be,fc2b2710562a,2026-07-28 21:27:31,False,False,False
40ba13648a7cf3dc,f03a13d8517f,2026-07-28 21:27:35,True,False,False
2e7c34c1a2f6482c,63ba58c33223,2026-07-28 21:27:46,True,False,True
eb68989a85d93908,6eedeba579e8,2026-07-28 21:33:36,False,False,True
074ff75eb4d1e428,54a45c3fe833,2026-07-28 21:35:38,False,True,False
607e6c814412c906,54a45c3fe833,2026-07-28 21:36:15,False,False,False
5bebb4b481504351,54a45c3fe833,2026-07-28 21:36:40,False,True,False
d4e6145f8f11b0a8,54a45c3fe833,2026-07-28 21:37:06,False,False,True
60b56185ceea7a36,49d32c03804c,2026-07-28 21:37:34,False,False,False
c24102a419066ac1,54a45c3fe833,2026-07-28 21:38:08,False,False,True
34c7c2d11bede6f6,49d32c03804c,2026-07-28 21:38:24,False,False,True
9bd3543a8b01dd1c,f6955c0ddf09,2026-07-28 21:38:25,False,False,False
7ba9af940db0b01d,f6955c0ddf09,2026-07-28 21:39:03,False,False,False
4869ea73f87f166c,54a45c3fe833,2026-07-28 21:39:29,False,False,False
d317d998dbbf2d16,bb9ab96cf213,2026-07-28 21:41:12,False,False,False
9592d40b8c396dca,bb9ab96cf213,2026-07-28 21:42:11,False,False,True
45271ef8493398ca,8f94e95702e9,2026-07-28 21:42:51,False,False,False
0a4fbdc8a04f83ac,1244bca63bbc,2026-07-28 21:43:02,False,False,False
57b5ff827a57f379,bb9ab96cf213,2026-07-28 21:44:04,False,False,True
8b7f740b4e3d6ee1,2b262344b693,2026-07-28 21:45:03,True,False,False
ef9b22d3b73b6e14,bb9ab96cf213,2026-07-28 21:46:08,False,False,False
10e025a7561ac85e,1244bca63bbc,2026-07-28 21:46:27,False,False,True
a17054501333648c,49d32c03804c,2026-07-28 21:47:21,False,False,False
e9d027b5daae3052,712e43e87c9d,2026-07-28 21:49:03,False,False,True
5f21d86dab49332f,bb9ab96cf213,2026-07-28 21:49:04,False,False,True
1729e7c675f8771f,6a8a6553d37c,2026-07-28 21:49:23,False,False,True
435f2510c09fdfd1,2b262344b693,2026-07-28 21:49:24,True,False,True
f38ce6e52d128cdc,2b262344b693,2026-07-28 21:50:48,True,False,True
6ec7fa27d87c967f,49d32c03804c,2026-07-28 21:52:28,False,False,True
e3daf4e0d6ae84c9,0083ec87957f,2026-07-28 21:55:07,False,True,True
d5eb53c024570c8b,77dfea4b3ab8,2026-07-28 21:57:24,False,True,False
04af15e298e38e1d,d72beab625fc,2026-07-28 21:57:58,False,False,True
048ca8e486fc6985,d72beab625fc,2026-07-28 21:58:20,False,False,False
5cf2eca06c04dfc7,77dfea4b3ab8,2026-07-28 21:58:30,False,False,False
3d4c85ee777fb557,77dfea4b3ab8,2026-07-28 21:58:58,False,True,False
4dffaeaf40f037e6,01ef5a3bd732,2026-07-28 21:59:21,False,False,False
8a10e367b4eb9f29,19d1bcdf4a39,2026-07-28 21:59:43,False,False,False
860f5664f4686e3a,8ba79bdd901a,2026-07-28 21:59:44,False,False,False
130436187c2e8dfa,77dfea4b3ab8,2026-07-28 21:59:49,False,False,True
f7b36e279c40dfee,d72beab625fc,2026-07-28 22:00:09,False,False,True
c5d6257004142f9b,d72beab625fc,2026-07-28 22:00:34,False,False,True
1136f9a333dd1434,d72beab625fc,2026-07-28 22:00:57,False,False,False
9efb1ab9b6854468,ccc810f98941,2026-07-28 22:01:17,False,False,False
8072a1f7a1ded329,6779fc6ca75c,2026-07-28 22:01:19,False,False,False
e726f2cfbf07661b,19d1bcdf4a39,2026-07-28 22:01:26,False,False,False
3709084232545d79,ccc810f98941,2026-07-28 22:01:48,False,False,False
ac58fe1e3e8ab8d2,01ef5a3bd732,2026-07-28 22:02:34,False,False,False
c33257c0ddfb0927,ccc810f98941,2026-07-28 22:03:34,False,False,True
beda199fbd91c55d,01ef5a3bd732,2026-07-28 22:03:38,False,False,False
c5febb881ad5401a,ccc810f98941,2026-07-28 22:04:47,False,False,False
0c4214984afc4667,77dfea4b3ab8,2026-07-28 22:05:23,False,False,False
800e17767ad5cf3f,40f8794ebb5b,2026-07-28 22:05:23,False,False,True
cefea0a20a067179,77dfea4b3ab8,2026-07-28 22:07:36,False,False,False
cd71d987957d8006,40f8794ebb5b,2026-07-28 22:07:38,False,False,True
df04015cd01fce4c,77dfea4b3ab8,2026-07-28 22:08:42,False,False,False
90d8fa429a4379cf,77dfea4b3ab8,2026-07-28 22:09:20,False,False,False
9e984ddfc35222b7,9ca5279f044f,2026-07-28 22:09:46,False,False,False
274b40e8d81ff374,9ca5279f044f,2026-07-28 22:10:30,False,False,False
27cbdfb1c74f2b00,40f8794ebb5b,2026-07-28 22:13:27,False,False,False
06ecd818c332c32e,40f8794ebb5b,2026-07-28 22:14:15,False,False,False
5df51b496cfd8c2c,556dae00d01f,2026-07-28 22:16:06,False,False,True
0a3952a64f1e7a22,08850488608f,2026-07-28 22:16:53,False,False,True
aed31d005d7af618,556dae00d01f,2026-07-28 22:17:32,False,False,False
0a7bbea2b0293a69,8ba79bdd901a,2026-07-28 22:19:42,False,False,True
158c0c7333160fb7,9ca5279f044f,2026-07-28 22:20:05,False,False,False
e1e5c769a19006d8,9ca5279f044f,2026-07-28 22:21:02,False,False,True
8153f3f5e43fec0e,7869e67ffa0e,2026-07-28 22:21:07,False,False,False
d9f4b94016f54e68,7869e67ffa0e,2026-07-28 22:21:48,False,False,False
c3c324742bf20cac,9ca5279f044f,2026-07-28 22:22:16,False,False,True
63c2fa3f23402c18,7869e67ffa0e,2026-07-28 22:22:30,False,True,False
eb04ef385813e73c,7869e67ffa0e,2026-07-28 22:23:42,False,True,False
b88b776818861ef4,556dae00d01f,2026-07-28 22:27:04,False,False,False
5d22d5ffe9a66952,d2892eaa1607,2026-07-28 22:27:09,False,False,False
cf4959c51ed8716d,556dae00d01f,2026-07-28 22:29:13,False,True,False
43cfba3eeddbf032,5c53de3124be,2026-07-28 22:39:18,False,False,False
5846ea510b299bf2,735f4ace2178,2026-07-28 22:39:49,False,True,True
a9d2f3e3283011da,5c53de3124be,2026-07-28 22:41:37,False,False,True
232e0d9987944e7e,5c53de3124be,2026-07-28 22:42:25,False,False,False
c471aa185321a5b5,5c53de3124be,2026-07-28 22:43:25,False,False,False
1214c1ad4e9d075b,5c53de3124be,2026-07-28 22:44:06,False,False,False
b96d13b9548c32cc,5c53de3124be,2026-07-28 22:44:35,False,False,False
5ccd658d01e74af1,5c53de3124be,2026-07-28 22:45:09,False,False,False
9b79685d65cebb69,bb33b846c2c5,2026-07-28 22:54:04,True,False,False
f9bd73548943c77b,bb33b846c2c5,2026-07-28 22:54:37,True,False,False
9437aff14f6c8689,bb33b846c2c5,2026-07-28 22:56:03,True,False,False
d30c32386dda9515,c9ea22770d07,2026-07-28 22:56:35,False,False,False
8e6dc395f684dd63,586c8274d40e,2026-07-28 22:57:05,False,False,False
749554e1e1fe019e,586c8274d40e,2026-07-28 22:58:03,False,False,True
5aee2b34fede2170,586c8274d40e,2026-07-28 22:59:31,False,False,False
fcef171242f146cd,586c8274d40e,2026-07-28 23:00:34,False,False,False
c4ffe23a37f19b04,586c8274d40e,2026-07-28 23:02:38,False,False,True
d40d38978e22d617,627ca3a43260,2026-07-28 23:06:20,False,False,True
74ec70861378c498,adfaefbb4401,2026-07-28 23:10:22,False,False,False
ea6ce01fc9687d70,adfaefbb4401,2026-07-28 23:13:14,False,False,False
ccbfa04f9564b24e,ae909a599460,2026-07-28 23:33:33,False,False,True
1afb40846a2e0945,ae909a599460,2026-07-28 23:39:52,False,False,False
8fc2697f982c444c,b094ff31751a,2026-07-28 23:41:09,True,False,False
5849173bba52b2ce,b094ff31751a,2026-07-28 23:41:48,True,False,False
512d39101f7f708b,b094ff31751a,2026-07-28 23:44:34,True,False,True
e651516a332ca189,b094ff31751a,2026-07-28 23:46:25,True,False,False
a85b12c7391d2949,8cf5c750e3a9,2026-07-28 23:53:57,False,False,False
ee7e37097596018d,8f94e95702e9,2026-07-28 23:59:03,False,False,False
7bbc4bd8d5c01d9a,8f94e95702e9,2026-07-29 00:01:31,False,False,True
55fe0b1f94171c21,ee97c8efb32c,2026-07-29 00:09:30,False,False,True
167fcd1ac8ae8291,4aeebdaf4511,2026-07-29 00:30:52,False,False,True
183ea154bd28e415,4aeebdaf4511,2026-07-29 00:31:52,False,False,True
46b9ef1b5d8da142,7d274d55a9fc,2026-07-29 01:19:32,False,True,False
c1ae92ab28f76137,7d274d55a9fc,2026-07-29 01:20:38,False,False,True
d749749b117c4902,8dfd0b293cb4,2026-07-29 01:22:04,False,False,False
725e433449bd3ee5,8dfd0b293cb4,2026-07-29 01:22:41,False,False,True
d7881031e04786c1,5f00e43eff17,2026-07-29 03:46:58,False,False,False
22249c9b6055101b,5f00e43eff17,2026-07-29 03:47:46,False,False,False
0e4abf4aa33981fe,5f00e43eff17,2026-07-29 03:48:54,False,False,False
64a22e4ef9ec671c,5f00e43eff17,2026-07-29 03:49:52,False,False,False
b0729f4e4a9a6753,5f00e43eff17,2026-07-29 03:50:08,False,False,False
f7b3c140ffa7ca6e,5f00e43eff17,2026-07-29 03:51:38,False,False,False
d9f701dff421dceb,5f00e43eff17,2026-07-29 03:51:57,False,False,False
c6ad3e12a2b3bc04,8d99fc65f5d8,2026-07-29 03:53:30,True,False,False
7dfbb9c7602970fb,5f00e43eff17,2026-07-29 03:54:52,False,False,False
9f009c266faa02c6,5f00e43eff17,2026-07-29 03:55:17,False,False,True
367b6b62c042c2d3,5f00e43eff17,2026-07-29 03:56:48,False,False,True
a0ede44d8a0f0a45,5f00e43eff17,2026-07-29 03:57:05,False,False,False
13a53ca710639366,5f00e43eff17,2026-07-29 03:58:35,False,False,False
71991ae3d003f721,79ac5516fd24,2026-07-29 03:59:11,False,False,False
b1be9ae23d8588b6,5f00e43eff17,2026-07-29 04:00:25,False,False,False
e469e99d71b460a6,79ac5516fd24,2026-07-29 04:00:28,False,False,False
ff85de497f92e7ca,5f00e43eff17,2026-07-29 04:02:01,False,False,False
f18fad6dab6c33d5,79ac5516fd24,2026-07-29 04:02:06,False,False,False
f5659d56c0be3100,79ac5516fd24,2026-07-29 04:03:40,False,False,False
6215f25e9726e418,ea6ec746a9f3,2026-07-29 04:08:27,False,False,False
4a273fa131905ea3,946815b7a988,2026-07-29 04:55:31,False,False,False
7d41af12540e147c,946815b7a988,2026-07-29 04:59:00,False,False,True
b389bc8139f34b91,946815b7a988,2026-07-29 05:01:50,False,False,True
7d6be7d6a94f62aa,43b3c1b09eef,2026-07-29 10:04:34,False,False,True
381cd2294bf53e5a,084592c4a4fd,2026-07-29 11:25:46,False,False,False
982790126fa2f548,084592c4a4fd,2026-07-29 11:26:50,False,False,True
b7717f0ea55ef896,084592c4a4fd,2026-07-29 11:28:22,False,False,False
41aab102f48c8bc4,084592c4a4fd,2026-07-29 11:31:11,False,False,False
122a1f1ba51651c5,c9eb3cfa60f9,2026-07-29 12:06:32,False,False,True
8f28eabb3e9f72d7,c9eb3cfa60f9,2026-07-29 12:08:08,False,False,True
4fcb8efd8c44434d,c9eb3cfa60f9,2026-07-29 12:08:41,False,False,True
64ebd67cb2253f8e,bf11ef5edebb,2026-07-29 12:42:58,True,False,False
1fd6da55bcbe1cf9,bf11ef5edebb,2026-07-29 12:50:46,True,False,True
16890d3fc275893b,483cf6a54bf1,2026-07-29 12:53:08,False,False,False
a55f8696ca198788,483cf6a54bf1,2026-07-29 12:53:37,False,False,False
22ef20bb6626a6d8,bf11ef5edebb,2026-07-29 12:54:01,True,False,True
b9d6dbbfbaf05d4c,483cf6a54bf1,2026-07-29 12:55:16,False,False,False
2058434a63748bb1,483cf6a54bf1,2026-07-29 12:56:07,False,False,False
4c5aed7746bf7d67,483cf6a54bf1,2026-07-29 12:58:29,False,False,False
2780a0594f9d7b24,483cf6a54bf1,2026-07-29 12:59:30,False,True,False
2be898128a61d327,483cf6a54bf1,2026-07-29 12:59:59,False,True,False
3fbd422b613468d0,26abf7ed58c5,2026-07-29 13:27:51,True,False,False
5f9a91dd64efc7f5,01ef5a3bd732,2026-07-29 13:28:18,False,True,False
5106c1af2e87ec77,26abf7ed58c5,2026-07-29 13:29:48,True,False,True
eac62bdc5245cd97,04cb2517ef64,2026-07-29 13:48:32,False,False,True
260acd34573888fa,a70e3fb62bc0,2026-07-29 13:53:46,False,False,False
76bccf2a41ba766c,a70e3fb62bc0,2026-07-29 13:54:28,False,False,False
387dccf5aad44c30,a70e3fb62bc0,2026-07-29 14:01:00,False,False,False
15b8f883812276e6,a70e3fb62bc0,2026-07-29 14:01:42,False,False,True
fa9aca8116493c69,7b247e90e35b,2026-07-29 14:26:49,False,False,True
0b1d99e2e16b4208,7b247e90e35b,2026-07-29 14:28:10,False,False,True
0c9f2716a373c578,d58fd4a48a69,2026-07-29 14:58:46,False,False,True
322b9222af608cc7,d58fd4a48a69,2026-07-29 15:00:06,False,False,True
e45790939e398800,d58fd4a48a69,2026-07-29 15:02:17,False,False,False
de578da6eb72c9ad,c6ddc37c2366,2026-07-29 15:19:57,False,False,False
7d1cab9f6304e933,c6ddc37c2366,2026-07-29 15:23:10,False,False,False
4ca4ab24713f5b8d,c6ddc37c2366,2026-07-29 15:29:16,False,False,False
a9ebf50ad80da526,c6ddc37c2366,2026-07-29 15:31:08,False,False,False
d578c0cdb9742c10,c6ddc37c2366,2026-07-29 15:31:25,False,False,False
40f9a6ef2f55ba60,92ff5182ff53,2026-07-29 15:43:57,False,False,False
6c7ea0771e449a1b,c6ddc37c2366,2026-07-29 15:46:30,False,False,False
43f8ab2a91d8a172,92ff5182ff53,2026-07-29 15:46:49,False,True,False
933fef3c809421a9,c6ddc37c2366,2026-07-29 15:47:28,False,False,False
091de48f3576ba65,c6ddc37c2366,2026-07-29 15:47:49,False,False,False
b5ab50eaa66d9c79,92ff5182ff53,2026-07-29 15:48:37,False,False,True
ed7f93189561a421,c6ddc37c2366,2026-07-29 15:50:58,False,False,False
a89757c433ad2392,92ff5182ff53,2026-07-29 15:51:12,False,False,False
e21137fedcdea119,7b247e90e35b,2026-07-29 16:41:51,False,False,False
92c617a7f498af6c,7b247e90e35b,2026-07-29 16:42:30,False,False,True
9e7588152b91a7dc,53c1984d329d,2026-07-29 17:01:34,False,False,False
6d379dccc7e802fb,53c1984d329d,2026-07-29 17:01:57,False,False,False
ba2b4c7f789ca2d5,53c1984d329d,2026-07-29 17:02:38,False,False,False
00a09d26bc051a76,53c1984d329d,2026-07-29 17:03:42,False,True,False
53aa0fa3f86bf157,53c1984d329d,2026-07-29 17:03:56,False,True,False
3b3d36c88fa3082e,53c1984d329d,2026-07-29 17:04:05,False,True,False
d9ad876cb9e6fd0f,53c1984d329d,2026-07-29 17:04:18,False,False,False
d876974ff925eae2,70f88c68bbf5,2026-07-29 17:54:14,True,False,True
ccf0159448e54f0a,dc6642edcd75,2026-07-29 17:54:47,False,False,False
db5778e2193fea31,70f88c68bbf5,2026-07-29 17:55:09,True,False,True
d68cd4ce082dfdbb,dc6642edcd75,2026-07-29 17:55:26,False,False,True
1fc599be749ed8ea,dc6642edcd75,2026-07-29 17:55:50,False,False,True
eae3e45a4e9ec156,70f88c68bbf5,2026-07-29 17:55:57,True,False,True
36ad2433d7b0a5bd,70f88c68bbf5,2026-07-29 17:57:35,True,False,True
1eca43c5ef625e0f,dc6642edcd75,2026-07-29 17:58:00,False,False,True
a5443ab2d0a96c1c,70c15978d565,2026-07-29 18:18:49,True,False,True
25126466491b3f28,70c15978d565,2026-07-29 18:18:53,True,False,False
3b052ff031325986,6ae499a69fef,2026-07-29 18:28:03,False,True,False
ee96eefd75313112,6ae499a69fef,2026-07-29 18:28:57,False,False,False
c79f65ca72e0adf6,6ae499a69fef,2026-07-29 18:30:07,False,False,True
5aa99eedf62d976f,48b29e9b74b3,2026-07-29 18:35:10,True,True,False
bebd344d64f22e20,9bb0bde5b746,2026-07-29 18:36:08,False,False,True
65d12ab5330ae6d2,9fc9dc6b6c7d,2026-07-29 19:05:13,False,False,False
561ca263c471a812,9fc9dc6b6c7d,2026-07-29 19:05:56,False,False,True
39053cd0ce05f0a4,9fc9dc6b6c7d,2026-07-29 19:06:52,False,False,False
819233509f78ea4b,9fc9dc6b6c7d,2026-07-29 19:08:09,False,False,True
8e3bd4dcb96f61d2,9fc9dc6b6c7d,2026-07-29 19:11:06,False,False,False
1eaf78a268fea9e2,9fc9dc6b6c7d,2026-07-29 19:13:27,False,False,True
4b1e5125ae76493b,9fc9dc6b6c7d,2026-07-29 19:15:54,False,False,True
291af218f0859724,9fc9dc6b6c7d,2026-07-29 19:17:59,False,False,False
46c69ec0dce9bde5,9fc9dc6b6c7d,2026-07-29 19:19:35,False,False,False
88d7f2089cd510d6,9fc9dc6b6c7d,2026-07-29 19:20:40,False,False,True
41f46b38f529d416,31b8761c2878,2026-07-29 20:01:30,False,True,True
e1a9fb64ce8ee7f0,31b8761c2878,2026-07-29 20:03:13,False,False,False
f6ee96fa1d71309e,31b8761c2878,2026-07-29 20:03:43,False,False,True
9574e4120dad94c1,31b8761c2878,2026-07-29 20:06:22,False,False,True
97658309e0c5cdcb,92c906ae713f,2026-07-29 20:17:59,True,False,False
1b5d94728bed8a95,92c906ae713f,2026-07-29 20:18:53,True,False,True
86ba762f1aafea52,cf03288f22b4,2026-07-29 20:31:41,False,False,False
4e0578fbef453b42,cf03288f22b4,2026-07-29 20:34:29,False,False,False
6d2c5fa1b11916c8,cf03288f22b4,2026-07-29 20:39:17,False,False,False
482e7dad854bf156,3939c9b21a6d,2026-07-29 20:53:27,False,False,False
dbf6032259d788fb,2c38877ae17e,2026-07-29 21:51:16,False,False,False
fc4180a15538b0f0,2c38877ae17e,2026-07-29 21:51:39,False,False,False
389923394401327a,40f8794ebb5b,2026-07-29 21:59:20,False,False,True
4479d7208b245317,cbde42a1d9f2,2026-07-30 09:19:56,False,False,False
34cdb4a956bc2859,cbde42a1d9f2,2026-07-30 09:20:12,False,False,False
0da0306e04ea8587,cbde42a1d9f2,2026-07-30 09:20:21,False,False,False
0ff530227851dfd1,cbde42a1d9f2,2026-07-30 09:20:35,False,False,False
a22a9b9b0b3a5210,cbde42a1d9f2,2026-07-30 09:20:53,False,False,False
371cd5ff6d2e9a50,cbde42a1d9f2,2026-07-30 09:21:08,False,False,False
db7b6b94be6892cf,cbde42a1d9f2,2026-07-30 09:21:22,False,False,True
d4f65f590c66ea56,cbde42a1d9f2,2026-07-30 09:21:37,False,False,False
f3acd185db9ee258,cbde42a1d9f2,2026-07-30 09:21:48,False,False,False
9b496f32436af357,cbde42a1d9f2,2026-07-30 09:22:02,False,False,False
fffa87e8ab2f83c5,cbde42a1d9f2,2026-07-30 09:22:15,False,True,False
9dd2f74662af8643,cbde42a1d9f2,2026-07-30 09:22:26,False,True,False
9d4ec0c52d88a258,cbde42a1d9f2,2026-07-30 09:22:37,False,False,False
65869da92ebfcea9,cbde42a1d9f2,2026-07-30 09:22:45,False,False,False
79faf6482a284996,cbde42a1d9f2,2026-07-30 09:22:54,False,False,False
e94ab6bc5cb05a17,cbde42a1d9f2,2026-07-30 09:23:04,False,False,False
179184545610214f,cbde42a1d9f2,2026-07-30 09:23:13,False,False,False
eecac4feb3d7dd19,cbde42a1d9f2,2026-07-30 09:23:23,False,False,False
1331d30c1cb17c68,cbde42a1d9f2,2026-07-30 09:23:40,False,False,False
4593a2057e89ff24,cbde42a1d9f2,2026-07-30 09:24:10,False,False,False
d4afbdb53f6d3486,cbde42a1d9f2,2026-07-30 09:24:38,False,False,True
53fc9fa9970cc7d0,cbde42a1d9f2,2026-07-30 09:24:59,False,False,False
e4f298f97c89973d,cbde42a1d9f2,2026-07-30 09:25:14,False,False,False
e95d32cbd3799836,cbde42a1d9f2,2026-07-30 09:25:39,False,False,False
79cc361462a1fb8d,cbde42a1d9f2,2026-07-30 09:26:03,False,False,False
aeb132f147dc0ef4,cbde42a1d9f2,2026-07-30 09:26:15,False,False,False
f4fb0d5a7e278763,cbde42a1d9f2,2026-07-30 09:26:44,False,False,False
8fd6027f95be4e16,cbde42a1d9f2,2026-07-30 09:27:13,False,False,False
1a6d12b6ac9f93ef,cbde42a1d9f2,2026-07-30 09:27:40,False,False,False
78c20c2afd1aa9e1,cbde42a1d9f2,2026-07-30 09:27:56,False,True,False
056b51138d45b262,cbde42a1d9f2,2026-07-30 09:28:11,False,False,False
250f89da89d5f1ab,cbde42a1d9f2,2026-07-30 09:28:19,False,False,False
2849052f98efb446,cbde42a1d9f2,2026-07-30 09:28:36,False,False,False
63d0b73415127305,cbde42a1d9f2,2026-07-30 09:29:08,False,False,False
e8f254779f4bfa8d,cbde42a1d9f2,2026-07-30 09:29:48,False,False,True
dfb4deaffe638ce3,cbde42a1d9f2,2026-07-30 09:29:54,False,False,False
6435af58e0e601ef,0c3fc97bd83c,2026-07-30 11:30:02,False,False,False
1199c21235e9bbc9,b2635e9a6a7f,2026-07-30 12:54:47,True,False,True
42648232d4654b88,b2635e9a6a7f,2026-07-30 12:55:16,True,False,False
ebd150ce93ad7671,b2635e9a6a7f,2026-07-30 12:56:33,True,False,True
b0d0aa412e8a8458,b2635e9a6a7f,2026-07-30 12:56:47,True,False,True
d7be0f3b8c0ca881,b2635e9a6a7f,2026-07-30 12:57:47,True,False,True
f5488d680fb68248,7ddd567fca0b,2026-07-30 14:08:22,False,False,False
a0d1ca05b39ddbad,7ddd567fca0b,2026-07-30 14:09:09,False,False,True
8fd72a7d6be553cb,7ddd567fca0b,2026-07-30 14:10:12,False,False,False
211599bb40bfc696,7ddd567fca0b,2026-07-30 14:11:12,False,False,False
f83a6eceb85005ce,491ad6e259e6,2026-07-30 14:41:42,False,False,False
2ded37f693006e8d,a44cd0fb62fb,2026-07-30 14:44:26,False,False,False
e146246562e015f6,a44cd0fb62fb,2026-07-30 14:53:55,False,False,False
f72258ae2b679ca0,a44cd0fb62fb,2026-07-30 14:58:05,False,False,True
7df13339b3c0f7db,7dcca471d88b,2026-07-30 14:58:42,True,False,False
56654f7808a56657,7dcca471d88b,2026-07-30 14:59:03,True,False,False
36c5e5ed24a1ae67,a44cd0fb62fb,2026-07-30 15:19:25,False,False,False
ef68f31abb2fe905,a44cd0fb62fb,2026-07-30 15:20:51,False,False,False
033c4ea68ccc6b5e,2f1d63920637,2026-07-30 15:43:17,True,False,False
d4e821ad134bd639,a44cd0fb62fb,2026-07-30 16:00:26,False,False,True
194d76711dd3e70b,a44cd0fb62fb,2026-07-30 16:02:34,False,False,False
3dc318af7f75c5ea,9bc3f350074c,2026-07-30 16:04:46,False,False,False
6734de377da5e0be,9bc3f350074c,2026-07-30 16:05:09,False,False,False
e0fd03e1845683ec,e2f825d75a6a,2026-07-30 16:08:34,False,False,True
2966881fd25fff4c,78d1eb495436,2026-07-30 16:12:17,False,False,False
3790e2435da3881c,78d1eb495436,2026-07-30 16:13:52,False,False,False
48242b7472d77067,56c146535660,2026-07-30 16:26:37,False,False,True
5393e4fa19817c5d,56c146535660,2026-07-30 16:33:59,False,False,True
65c1fe8266576998,56c146535660,2026-07-30 16:36:10,False,False,True
5c833f199c84f848,56c146535660,2026-07-30 16:37:36,False,False,True
75260293a49f922f,96cae25a3eb7,2026-07-30 16:58:46,True,True,False
2b57f35d8843010b,e0698cb52450,2026-07-30 16:58:54,True,False,True
0d15668089e416b1,d1c4e8d8c4d7,2026-07-30 17:39:58,True,False,True
34a7c36b8be80a39,d1c4e8d8c4d7,2026-07-30 17:42:00,True,True,False
463a21bf35d3048c,a44cd0fb62fb,2026-07-30 17:43:44,False,False,False
36c13008b84136ae,a44cd0fb62fb,2026-07-30 17:45:08,False,False,True
a0e48257002a1006,a44cd0fb62fb,2026-07-30 18:05:19,False,False,True
2dbd500092455a22,a44cd0fb62fb,2026-07-30 18:06:52,False,False,False
9b2cac451a785437,a44cd0fb62fb,2026-07-30 18:07:57,False,False,False
14f3e9e12824bcde,a44cd0fb62fb,2026-07-30 18:09:55,False,False,False
6408d05c88e5770f,d4bf3a47f65a,2026-07-30 18:30:07,False,False,False
7749ce6e8e154e32,d4bf3a47f65a,2026-07-30 18:31:13,False,False,False
59930aefd71cd729,d4bf3a47f65a,2026-07-30 18:33:51,False,False,False
2fe8110f0f3cbe10,d4bf3a47f65a,2026-07-30 18:35:29,False,False,False
9de1c44b385d0908,b05d491de4b3,2026-07-30 18:54:31,True,False,False
aa2a1e3a0eea3d94,491ad6e259e6,2026-07-30 20:00:55,False,True,False
54826bee570bb826,491ad6e259e6,2026-07-30 20:01:31,False,False,False
43edd30292e237de,9d99509f5976,2026-07-30 20:21:29,False,False,False
74b892330c3134a9,9d99509f5976,2026-07-30 20:24:54,False,False,False
13ff5526e9176be1,38d97281c545,2026-07-30 20:27:43,False,False,True
06355555e3dd9b6b,38d97281c545,2026-07-30 20:29:41,False,False,True
805b4d5241512be4,5f86a3974516,2026-07-30 20:30:27,True,False,False
645c1dd19fb8a514,5f86a3974516,2026-07-30 20:31:51,True,False,False
516656e3fc78563a,5f86a3974516,2026-07-30 20:32:54,True,False,False
d5857e38f5c4ec24,5f86a3974516,2026-07-30 20:34:14,True,False,False
d5adecd283302419,56c146535660,2026-07-31 12:42:36,False,False,False
b784c7465d75081b,56c146535660,2026-07-31 12:43:42,False,False,False
19554511e6959012,56c146535660,2026-07-31 12:46:28,False,False,False
d1739ac8fc765b57,56c146535660,2026-07-31 12:48:10,False,False,False
d56180012b109cf7,7ab96e544cfe,2026-07-31 13:21:09,False,False,False
d7892d14d4043c2b,7ab96e544cfe,2026-07-31 13:23:10,False,False,False
7035fcafda588c88,14ddc19dbb75,2026-07-31 13:47:52,False,False,True
ec179b7c62f377c8,56c146535660,2026-07-31 14:17:17,False,False,False
490a8a094ed59515,56c146535660,2026-07-31 14:18:52,False,False,False
bc667b05415ba31f,56c146535660,2026-07-31 14:19:35,False,False,False
31bd1323f48f9f8d,56c146535660,2026-07-31 14:25:07,False,False,False
71b717fb03c1f46a,88bf03d80863,2026-07-31 18:33:54,False,False,False
b29216dce0cb13b7,88bf03d80863,2026-07-31 18:34:40,False,False,False
bfa98f40529ee5d0,96cae25a3eb7,2026-07-31 18:35:01,True,False,False
f407cd42c8c2ac91,96cae25a3eb7,2026-07-31 18:35:28,True,False,False
46ac3df6d9c045b2,88bf03d80863,2026-07-31 18:35:51,False,False,True
db9f1a465ed6e654,3507ac8c5023,2026-07-31 19:50:03,False,False,False
02392afc76035998,3507ac8c5023,2026-07-31 19:50:34,False,False,False
f78241880dadf957,a805dfa3d789,2026-07-31 20:17:53,False,False,False
5753cde389820070,66aee72311ce,2026-07-31 20:17:58,False,False,True
0af420053afe05f9,a805dfa3d789,2026-07-31 20:18:28,False,False,True
7fbf71463c5b1872,66aee72311ce,2026-07-31 20:19:34,False,False,False
12c0ecce8ce301fc,66aee72311ce,2026-07-31 20:19:56,False,False,True
7f9c44c1e06e9460,a805dfa3d789,2026-07-31 20:20:20,False,False,False
dd4161612da8a342,96cae25a3eb7,2026-07-31 20:40:16,True,False,False
4a8ea01ab69290d8,6a8a6553d37c,2026-07-31 21:53:51,False,False,False
a9028cdf10d2d7ea,712e43e87c9d,2026-07-31 21:55:01,False,False,False
4004b5dab564fa01,712e43e87c9d,2026-07-31 22:04:28,False,False,True
07456b04667b33f9,77dfea4b3ab8,2026-07-31 22:22:55,False,False,True
66effcaa933f7d7e,556dae00d01f,2026-07-31 22:38:20,False,True,False
0cd62cb3ad4fb840,556dae00d01f,2026-07-31 22:38:24,False,True,False
3cca9580aee9537d,556dae00d01f,2026-07-31 22:39:19,False,False,True
09d7c22fdcb114b0,556dae00d01f,2026-07-31 22:40:59,False,False,True
b44e8e5b83a8a417,08850488608f,2026-07-31 23:24:04,False,False,False
8840ee472d2611b5,08850488608f,2026-07-31 23:24:53,False,False,True
9012532c9e24f9b7,ae909a599460,2026-08-01 00:42:59,False,True,True
09f72e2cc5b926bb,79ac5516fd24,2026-08-01 04:34:13,False,False,True
01f447feb5de9437,db7bf73021d3,2026-08-01 09:25:44,False,False,True
b2e07f52d46acebd,db7bf73021d3,2026-08-01 09:26:34,False,False,True
b8942367f69ae935,db7bf73021d3,2026-08-01 09:27:10,False,False,False
623b407173fd14fa,db7bf73021d3,2026-08-01 09:27:49,False,False,True
c6f12523f8df0cd2,db7bf73021d3,2026-08-01 09:28:52,False,False,True
a21f4d2c69b8adb2,db7bf73021d3,2026-08-01 09:29:45,False,False,False
f77790450c94eac2,db7bf73021d3,2026-08-01 09:30:31,False,False,False
8d81bf3eb8e006ca,d25bcb376566,2026-08-01 11:52:54,False,False,False
679c60fc9df53e70,d25bcb376566,2026-08-01 11:53:36,False,False,False
a45ef7aded17a415,d25bcb376566,2026-08-01 11:53:57,False,False,False
d6104da911eb4187,d25bcb376566,2026-08-01 11:54:06,False,False,True
2f66091cefaa5dce,d25bcb376566,2026-08-01 11:55:28,False,True,False
1dcf062bbed2934e,d25bcb376566,2026-08-01 11:56:18,False,False,True
f57a58dbe50e2022,c6b6dd92e42a,2026-08-01 13:15:06,True,True,False
f984c51541bb70cf,48ab8159f144,2026-08-01 14:15:37,False,False,False
21beda6a8e99b273,48ab8159f144,2026-08-01 14:16:29,False,False,False
8c50383de5cd23c2,c6b6dd92e42a,2026-08-01 18:52:55,True,True,False
2010490a09c36562,31b8761c2878,2026-08-01 20:20:56,False,False,False
5edfac623690cb0a,fbd40694fd86,2026-08-01 21:05:32,False,False,True
32d5022e573c9c9c,fbd40694fd86,2026-08-01 21:06:58,False,False,True
a83ff3d97ce40e98,fbd40694fd86,2026-08-01 21:07:07,False,False,True
874d26f2368971d7,fbd40694fd86,2026-08-01 21:09:32,False,False,True
3dc9b3f185259e6d,fbd40694fd86,2026-08-01 21:10:08,False,False,True
a97c868acd1f0cac,fbd40694fd86,2026-08-01 21:16:37,False,False,False
8b946f78c8c010ac,fbd40694fd86,2026-08-01 21:16:55,False,False,False
a12a0842380ac483,fbd40694fd86,2026-08-01 21:18:25,False,False,False
cc1791665b644050,fbd40694fd86,2026-08-01 21:22:16,False,False,False
f3126bd5e335cb07,fbd40694fd86,2026-08-01 21:22:34,False,False,False
7bd0f16fa6c73487,fbd40694fd86,2026-08-01 21:39:14,False,False,False
c9c6cdd51a713558,fbd40694fd86,2026-08-01 21:39:52,False,False,True
079ff9f36d9444eb,9ef3cc352336,2026-08-02 02:54:33,False,False,False
e4a3833ba4438006,4c4fa2ece9fc,2026-08-02 16:23:50,True,False,False
61012049cfe489ba,a44cd0fb62fb,2026-08-02 18:36:56,False,True,False
7d1a31924824e8e6,a44cd0fb62fb,2026-08-02 18:37:42,False,False,False
612f4b55a0dec862,a44cd0fb62fb,2026-08-02 18:38:17,False,False,True
135f8152f15f664d,96cae25a3eb7,2026-08-02 21:45:41,True,False,False
216a3f3b7e74aeb5,96cae25a3eb7,2026-08-02 21:46:10,True,False,False
3f5cbc0e66ee4a12,96cae25a3eb7,2026-08-02 21:50:02,True,False,False
282de863d2dd56b1,b9ff365f1be6,2026-08-03 03:01:51,False,True,False
dd3b6dec7a8a8b5d,b9ff365f1be6,2026-08-03 03:02:20,False,True,False
d01f4371445e9c47,b9ff365f1be6,2026-08-03 03:02:40,False,True,False
c91edf1e148e621a,b9ff365f1be6,2026-08-03 03:02:47,False,False,False
c489ae9f8abd9b54,b9ff365f1be6,2026-08-03 03:03:06,False,False,True
66622c83ce554b83,608f79704cbf,2026-08-03 08:37:34,False,True,True
6058d01cbc743dbe,608f79704cbf,2026-08-03 08:39:39,False,True,False
4a373fd28db4f069,608f79704cbf,2026-08-03 08:40:11,False,False,False
52945e274f1d1e11,608f79704cbf,2026-08-03 08:41:11,False,False,False
30a4975111732400,608f79704cbf,2026-08-03 08:42:16,False,False,True
f51d8c01b23db680,930b60a9ec31,2026-08-03 11:56:04,True,True,False
1a257e7d6586c637,930b60a9ec31,2026-08-03 11:56:42,True,True,False
049b48c9a18101b4,b9ff365f1be6,2026-08-03 13:34:06,False,False,False
6f0be077343c5fd9,b9ff365f1be6,2026-08-03 13:34:23,False,False,False
2b703a48ecfe6c44,b9ff365f1be6,2026-08-03 13:34:45,False,False,False
78b96b1ef5685880,b9ff365f1be6,2026-08-03 13:35:13,False,False,False
eb52474196590d83,b77211058cd3,2026-08-03 15:11:34,False,False,False
e44a3c14a714df28,b77211058cd3,2026-08-03 15:12:30,False,False,False
672605a5d1120bb1,b77211058cd3,2026-08-03 15:13:56,False,False,False
5995d2848ce065ea,b77211058cd3,2026-08-03 15:15:00,False,False,False
e5145c6146a5d861,b77211058cd3,2026-08-03 15:34:49,False,False,False
9672cd5f8ff97b1d,b77211058cd3,2026-08-03 15:36:10,False,False,False
d2d2180b083ae07c,f1b26038f401,2026-08-03 16:09:08,False,True,False
37aee724d144df33,f92f97820aa4,2026-08-03 16:31:36,False,False,False
bb3267c3ea2e0232,f92f97820aa4,2026-08-03 16:33:42,False,False,False
1687a764cf28f2ec,b12b524a7968,2026-08-03 16:40:10,False,False,False
f2c93968d8edce1a,b12b524a7968,2026-08-03 16:42:13,False,True,True
fad9966693563b1a,b12b524a7968,2026-08-03 16:43:23,False,False,False
b96738a4c5118ae4,5b84761ac5e2,2026-08-03 17:20:48,False,False,False
b53ed0f3f9a1d1d5,5b84761ac5e2,2026-08-03 17:22:18,False,True,False
086b3155b3fb0081,28c40585786a,2026-08-03 19:16:09,False,False,False
1f89bb8d1a743dfb,28c40585786a,2026-08-03 19:17:11,False,False,False
53840a2320174b31,28c40585786a,2026-08-03 19:17:52,False,False,False
050753bc5534ac2f,f92f97820aa4,2026-08-03 19:22:52,False,False,False
4b654f94d05f24d4,691fe5ddb951,2026-08-03 19:24:13,True,False,False
3795445be638dfcc,f92f97820aa4,2026-08-03 19:32:48,False,False,False
38af82a8e6406c84,25588123ba9f,2026-08-03 20:16:00,False,False,False
0110528698fad466,25588123ba9f,2026-08-03 20:18:47,False,False,True
e3ddff24cd8a3e8c,25588123ba9f,2026-08-03 20:24:08,False,False,False
381c84ac3201e542,531a6927701a,2026-08-03 20:27:36,False,False,False
8dffdd1a2be0d008,531a6927701a,2026-08-03 20:27:53,False,False,False
0281112006c73167,608f79704cbf,2026-08-03 21:03:45,False,False,False
5f69dd1072e0e605,608f79704cbf,2026-08-03 21:04:49,False,False,True
efce93a3f4a9622d,25588123ba9f,2026-08-03 22:13:46,False,False,False
cff1ed8a7d60c027,25588123ba9f,2026-08-03 22:14:32,False,False,False
35f048af15d757fd,25588123ba9f,2026-08-03 22:18:05,False,False,False
21f9b0907c45a937,25588123ba9f,2026-08-03 22:20:30,False,True,False
b7f5cbd95ba3309e,25588123ba9f,2026-08-03 22:29:09,False,False,False
5994f223dfa0b600,25588123ba9f,2026-08-03 22:29:23,False,False,False
99e3c506b6011a9f,e4bb3d69fa67,2026-08-04 03:30:20,True,True,False
dcd0f3732bd38729,8ba79bdd901a,2026-08-04 04:23:27,False,False,False
bb1c2974468808dd,d25bcb376566,2026-08-04 12:05:04,False,False,False
747cf313a61759f2,d25bcb376566,2026-08-04 12:05:08,False,False,False
f8b6fd45297e51aa,d25bcb376566,2026-08-04 12:05:27,False,True,False
984b2747329f23e5,d25bcb376566,2026-08-04 12:05:54,False,True,False
3bef94c8f7943001,d25bcb376566,2026-08-04 12:06:07,False,False,False
ec0155b9d23bab58,53bf7d07b4fd,2026-08-04 12:46:41,False,False,False
bb3dc7f6d2ccacb8,53bf7d07b4fd,2026-08-04 12:48:12,False,False,False
e22a5b2ba4070bc4,53bf7d07b4fd,2026-08-04 12:49:23,False,False,False
b67b51ae9515e23b,b61533160f33,2026-08-04 14:07:55,False,True,False
cca27b8e8e8f9e92,b61533160f33,2026-08-04 14:09:56,False,False,False
7a58eb373152c09b,b61533160f33,2026-08-04 14:10:34,False,False,False
0d941295e8802b9e,73105f496c9d,2026-08-04 14:37:17,False,False,False
6c2751fcc820db37,90a9c5ed7580,2026-08-04 14:37:41,True,False,False
db6b93185c26428b,73105f496c9d,2026-08-04 14:38:05,False,False,False
2f06279ae6bd9753,90a9c5ed7580,2026-08-04 14:38:13,True,False,False
03f34d572275e398,90a9c5ed7580,2026-08-04 14:39:08,True,False,False
7061889b387468fd,90a9c5ed7580,2026-08-04 14:40:32,True,False,False
744946450c68b67c,bdf1985b72f0,2026-08-04 15:46:07,False,False,False
9ae5a94cc42e93ff,bdf1985b72f0,2026-08-04 15:46:44,False,False,False
0dab1032559cf081,bdf1985b72f0,2026-08-04 15:47:27,False,True,False
4d3775505f8aa0b2,bdf1985b72f0,2026-08-04 15:49:31,False,False,True
74b3f7c6b3b41e88,bdf1985b72f0,2026-08-04 15:50:51,False,False,False
a9147f8b1fb8b4bc,08914801c587,2026-08-04 17:50:35,False,False,False
598ac37cc60625dd,08914801c587,2026-08-04 17:50:58,False,False,False
1c6eba177a8552ce,08914801c587,2026-08-04 17:51:43,False,True,False
5ef8e2a79468b618,ff8aba8d2fcd,2026-08-04 20:46:03,False,False,False
6d9b605f0addd1d2,ff8aba8d2fcd,2026-08-04 20:47:49,False,False,True
1235949f7d858f52,ff8aba8d2fcd,2026-08-04 20:51:50,False,False,True
7fafec50cc07649c,231d977ef5dd,2026-08-04 21:06:21,False,False,True
e355b54d4de994bf,231d977ef5dd,2026-08-04 21:08:35,False,False,True
70428cc703165aae,1c4da3d603d8,2026-08-04 21:31:35,False,False,False
5cd560c7aa6cde75,1c4da3d603d8,2026-08-04 21:33:57,False,False,False
7766f03195c2f709,1c4da3d603d8,2026-08-04 21:37:16,False,False,True
eb57d4c630cb4e4b,1c4da3d603d8,2026-08-04 21:38:22,False,False,False
c4fcfa8997f58539,1c4da3d603d8,2026-08-04 21:40:13,False,False,False
