subcluster_id,user_id,term,weight
0,00e2a21037ac,emprendimiento,0.04562358858266128
0,04cb2517ef64,emprendimiento,0.04562358858266128
0,09c51cd233c6,emprendimiento,0.04562358858266128
0,0b28baceb4e4,emprendimiento,0.04562358858266128
0,0bfd5269e6c5,emprendimiento,0.09124717716532256
0,0e4de81613cf,emprendimiento,0.04562358858266128
0,11d359d29a07,emprendimiento,0.04562358858266128
0,25e0bb818fe7,emprendimiento,0.04562358858266128
0,2d0b3adde136,emprendimiento,0.04562358858266128
0,32fdecd17449,emprendimiento,0.09124717716532256
0,34c6d4f5c12a,emprendimiento,0.04562358858266128
0,3f19ea2f9725,emprendimiento,0.04562358858266128
0,40ac2feac7f3,emprendimiento,0.04562358858266128
0,456b1a830844,emprendimiento,0.04562358858266128
0,4cc91e57a91d,emprendimiento,0.04562358858266128
0,4e12c755f3f2,emprendimiento,0.04562358858266128
0,56a94c18bdd6,emprendimiento,0.04562358858266128
0,59829190fdf2,emprendimiento,0.04562358858266128
0,5a7576901649,emprendimiento,0.04562358858266128
0,667ce8497a5f,emprendimiento,0.04562358858266128
0,6695107cea34,emprendimiento,0.04562358858266128
0,66aee72311ce,emprendimiento,0.04562358858266128
0,6a18d4161c22,emprendimiento,0.04562358858266128
0,70c15978d565,emprendimiento,0.04562358858266128
0,756b9018a551,emprendimiento,0.04562358858266128
0,7decc9eebcb2,emprendimiento,0.04562358858266128
0,809306d0866c,emprendimiento,0.04562358858266128
0,82bbe02beb1c,emprendimiento,0.04562358858266128
0,84341a8e0b7e,emprendimiento,0.04562358858266128
0,8483c94fc824,emprendimiento,0.04562358858266128
0,886c4de0e15e,emprendimiento,0.04562358858266128
0,8adfd0f355e9,emprendimiento,0.04562358858266128
0,93ec90685c9f,emprendimiento,0.13687076574798385
0,963a564234a7,emprendimiento,0.04562358858266128
0,9716f9eb2deb,emprendimiento,0.04562358858266128
0,9c6992dafeae,emprendimiento,0.04562358858266128
0,9c7d2b9f7321,emprendimiento,0.04562358858266128
0,9f2d3768beb5,emprendimiento,0.04562358858266128
0,a1956d73d403,emprendimiento,0.04562358858266128
0,a362578e8741,emprendimiento,0.04562358858266128
0,a57647c83ab8,emprendimiento,0.04562358858266128
0,a5f1f43e9efd,emprendimiento,0.04562358858266128
0,a9cf96884101,emprendimiento,0.04562358858266128
0,b094ff31751a,emprendimiento,0.04562358858266128
0,baa48a021da1,emprendimiento,0.09124717716532256
0,bb9ab96cf213,emprendimiento,0.09124717716532256
0,bdf1985b72f0,emprendimiento,0.04562358858266128
0,c3162b9d1443,emprendimiento,0.04562358858266128
0,c802a23c8e42,emprendimiento,0.04562358858266128
0,c9ea75e2113a,emprendimiento,0.04562358858266128
0,d1708ab4ac5b,emprendimiento,0.04562358858266128
0,d1939489a003,emprendimiento,0.04562358858266128
0,d1c4e8d8c4d7,emprendimiento,0.04562358858266128
0,d254704c670d,emprendimiento,0.04562358858266128
0,db64856f9ace,emprendimiento,0.04562358858266128
0,dddc6142ec46,emprendimiento,0.04562358858266128
0,e1f13dfde3bc,emprendimiento,0.04562358858266128
0,e322ca23cf78,emprendimiento,0.04562358858266128
0,e774b802cdb6,emprendimiento,0.04562358858266128
0,e8cd996ab9b0,emprendimiento,0.04562358858266128
0,e9351eb195d7,emprendimiento,0.04562358858266128
0,ebb0abd50de4,emprendimiento,0.09124717716532256
0,ec1a34a77cca,emprendimiento,0.04562358858266128
0,edfb20856421,emprendimiento,0.04562358858266128
0,f2540154103f,emprendimiento,0.04562358858266128
0,f3141ba1bdbf,emprendimiento,0.04562358858266128
0,f655c3640a9c,emprendimiento,0.04562358858266128
0,f77d7d730827,emprendimiento,0.09124717716532256
0,f9dabca94541,emprendimiento,0.04562358858266128
0,ff48f45207bd,emprendimiento,0.09124717716532256
0,0bfd5269e6c5,emprendimientos,0.021374582660438842
0,0e4de81613cf,emprendimientos,0.021374582660438842
0,25e0bb818fe7,emprendimientos,0.021374582660438842
0,bdf1985b72f0,emprendimientos,0.021374582660438842
0,c9ea75e2113a,emprendimientos,0.021374582660438842
0,e8cd996ab9b0,emprendimientos,0.021374582660438842
0,ebb0abd50de4,emprendimientos,0.021374582660438842
0,a1956d73d403,capital,0.01973303380207109
0,bb9ab96cf213,capital,0.01973303380207109
0,e8cd996ab9b0,capital,0.01973303380207109
0,edfb20856421,capital,0.01973303380207109
0,ff48f45207bd,capital,0.01973303380207109
0,049ef16eb70d,negocio,0.015267559043170603
0,09c51cd233c6,negocio,0.015267559043170603
0,3f19ea2f9725,negocio,0.015267559043170603
0,ad94b6ca4670,negocio,0.030535118086341205
0,bdf1985b72f0,negocio,0.015267559043170603
0,32fdecd17449,empleos,0.014519105136582949
0,5e8b19f7609f,empleos,0.014519105136582949
0,6cf9e8114e66,empleos,0.014519105136582949
0,809306d0866c,empleos,0.014519105136582949
0,a805dfa3d789,empleos,0.014519105136582949
0,b094ff31751a,empleos,0.014519105136582949
0,11d359d29a07,apoyo,0.009824044469581076
0,40ac2feac7f3,apoyo,0.009824044469581076
0,4e12c755f3f2,apoyo,0.019648088939162152
0,56a94c18bdd6,apoyo,0.009824044469581076
0,8483c94fc824,apoyo,0.009824044469581076
0,93ec90685c9f,apoyo,0.009824044469581076
0,e1f13dfde3bc,apoyo,0.019648088939162152
0,e8cd996ab9b0,apoyo,0.019648088939162152
0,ec1a34a77cca,apoyo,0.009824044469581076
0,25e0bb818fe7,empleabilidad,0.009679403424388633
0,9c6992dafeae,empleabilidad,0.009679403424388633
0,a362578e8741,empleabilidad,0.009679403424388633
0,a9cf96884101,empleabilidad,0.009679403424388633
0,556dae00d01f,emprender,0.009160535425902361
0,a1956d73d403,emprender,0.009160535425902361
0,ad94b6ca4670,emprender,0.009160535425902361
0,c802a23c8e42,emprender,0.009160535425902361
0,ed9ff7f912e4,emprender,0.018321070851804722
0,538295dd1cc1,beneficios,0.018321070851804722
0,a1115850bcb8,beneficios,0.009160535425902361
0,e1f13dfde3bc,beneficios,0.009160535425902361
0,edfb20856421,beneficios,0.018321070851804722
0,e1f13dfde3bc,específica,0.006107023617268241
0,ec1a34a77cca,específica,0.006107023617268241
0,56a94c18bdd6,sena,0.006107023617268241
0,a362578e8741,sena,0.006107023617268241
0,049ef16eb70d,brindan,0.006107023617268241
0,9c6992dafeae,brindan,0.006107023617268241
0,bea69498fbd0,brindan,0.006107023617268241
0,04cb2517ef64,empleo,0.005366340431078483
0,0b28baceb4e4,empleo,0.005366340431078483
0,253457f30450,empleo,0.005366340431078483
0,32fdecd17449,empleo,0.005366340431078483
0,3d7cb134f996,empleo,0.005366340431078483
0,3e6779b22da8,empleo,0.005366340431078483
0,4d1089abd65a,empleo,0.005366340431078483
0,538295dd1cc1,empleo,0.010732680862156965
0,5e8b19f7609f,empleo,0.010732680862156965
0,674c5db7c145,empleo,0.005366340431078483
0,6cf9e8114e66,empleo,0.005366340431078483
0,809306d0866c,empleo,0.005366340431078483
0,82bbe02beb1c,empleo,0.010732680862156965
0,886c4de0e15e,empleo,0.005366340431078483
0,8ba79bdd901a,empleo,0.005366340431078483
0,a362578e8741,empleo,0.005366340431078483
0,a805dfa3d789,empleo,0.010732680862156965
0,b094ff31751a,empleo,0.010732680862156965
0,b25d4c10e8d8,empleo,0.005366340431078483
0,bdf1985b72f0,empleo,0.005366340431078483
0,c3162b9d1443,empleo,0.005366340431078483
0,c802a23c8e42,empleo,0.005366340431078483
0,cf03288f22b4,empleo,0.005366340431078483
0,e774b802cdb6,empleo,0.005366340431078483
0,f2ba4d6f6eff,empleo,0.005366340431078483
0,f3141ba1bdbf,empleo,0.005366340431078483
0,f655c3640a9c,empleo,0.005366340431078483
0,fb0e60c91527,empleo,0.005366340431078483
0,4865387f4d2b,económicamente,0.004839701712194317
0,809306d0866c,económicamente,0.004839701712194317
0,674c5db7c145,difícil,0.004839701712194317
0,e322ca23cf78,difícil,0.004839701712194317
0,e1f13dfde3bc,aplicar,0.004839701712194317
0,ebb0abd50de4,aplicar,0.004839701712194317
0,a805dfa3d789,puedan,0.0038566904729246693
0,bdf1985b72f0,puedan,0.0038566904729246693
0,049ef16eb70d,brinda,0.0038566904729246693
0,11d359d29a07,brinda,0.0038566904729246693
0,84341a8e0b7e,brinda,0.0038566904729246693
0,9c6992dafeae,brinda,0.0038566904729246693
0,bea69498fbd0,brinda,0.0038566904729246693
0,edfb20856421,brinda,0.0038566904729246693
0,8ba79bdd901a,nesecito,0.003561650885898812
0,93ec90685c9f,nesecito,0.003561650885898812
0,ad94b6ca4670,nesecito,0.003561650885898812
0,049ef16eb70d,nombre,0.003561650885898812
0,963a564234a7,nombre,0.003561650885898812
0,bea69498fbd0,nombre,0.003561650885898812
0,bea69498fbd0,ustedes,0.003561650885898812
0,e1f13dfde3bc,ustedes,0.003561650885898812
0,ebb0abd50de4,ustedes,0.003561650885898812
0,a362578e8741,recibí,0.0030535118086341207
10,10bbd378898e,canadá,0.007091019749973866
10,2191b93bf7b5,canadá,0.007091019749973866
10,34ac1091aedb,canadá,0.021273059249921598
10,491ad6e259e6,canadá,0.007091019749973866
10,58aa5ef80922,canadá,0.007091019749973866
10,b619d81574ce,canadá,0.007091019749973866
10,1848f211e243,visitante,0.007024375247238554
10,2920d7482649,visitante,0.007024375247238554
10,bdc0d2b7501c,visitante,0.014048750494477107
10,fa203c8b7aaa,visitante,0.007024375247238554
10,0e9667c5d4ea,encuesta,0.006873757554583331
10,5ea0c636563a,encuesta,0.006873757554583331
10,9d99509f5976,encuesta,0.006873757554583331
10,0e9667c5d4ea,quedaron,0.0053182648124803986
10,13c2983256df,quedaron,0.0053182648124803986
10,fe86584fe632,quedaron,0.0053182648124803986
10,722cc432eeac,tarjeta,0.009165010072777775
10,72df70d7f7f2,sistema,0.004478100958331969
10,814c326dbf2d,sistema,0.004478100958331969
10,dc24421b28d3,sistema,0.008956201916663938
10,1c4cccd51f1e,pasar,0.0042146251483431325
10,38ca49bafc59,pasar,0.01685850059337253
10,722cc432eeac,foto,0.008429250296686265
10,cc1f59f41f51,foto,0.0042146251483431325
10,38ca49bafc59,correo,0.008271046047048904
10,48b29e9b74b3,correo,0.004135523023524452
10,c87ec7e92f39,correo,0.004135523023524452
10,dcc5db21a0ed,correo,0.004135523023524452
10,f03a13d8517f,correo,0.004135523023524452
10,10bbd378898e,viajar,0.004135523023524452
10,34ac1091aedb,viajar,0.004135523023524452
10,536770ec7d01,viajar,0.004135523023524452
10,58aa5ef80922,viajar,0.004135523023524452
10,dc32814ac7fb,viajar,0.004135523023524452
10,fa61f37c486f,viajar,0.004135523023524452
10,4d1880278e03,abogado,0.003545509874986933
10,762d794c4fbc,abogado,0.003545509874986933
10,5858420214d9,segura,0.003545509874986933
10,ef060dfe6b88,segura,0.003545509874986933
10,7e4fea5057a2,saqué,0.003545509874986933
10,f03a13d8517f,saqué,0.003545509874986933
10,51e28189c9d0,llega,0.003545509874986933
10,5f3b1a98a0c9,llega,0.003545509874986933
10,7f7d72c5ec10,llega,0.003545509874986933
10,bb43b2c76c87,llega,0.007091019749973866
10,d395c2b6bb31,llega,0.003545509874986933
10,34ac1091aedb,pueda,0.0034462691862703764
10,425a85d298f2,pueda,0.0034462691862703764
10,79ac5516fd24,pueda,0.0034462691862703764
10,dc24421b28d3,pueda,0.0034462691862703764
10,e0631c168fc6,pueda,0.0034462691862703764
10,1bf1b0378d93,dicen,0.0033585757187489765
10,459d7e890352,dicen,0.0033585757187489765
10,f90a785a914c,dicen,0.0033585757187489765
10,5b84761ac5e2,pago,0.0033585757187489765
10,666e7971b1a5,pago,0.0033585757187489765
10,cddce7294b5b,pago,0.0033585757187489765
10,459d7e890352,pidiendo,0.01007572715624693
11,2483f48531ff,renovar,0.010037868174947086
11,96045bc947b3,renovar,0.010037868174947086
11,a741d3529eec,renovar,0.010037868174947086
11,0956cfe71306,sacarlo,0.009232036039227813
11,73b8bad21088,sacarlo,0.009232036039227813
11,85712e24ea1a,sacarlo,0.009232036039227813
11,0bd6a1517cd4,permiso,0.00828679780853616
11,1120ff7989f4,permiso,0.00828679780853616
11,1b9a5105a9db,permiso,0.00828679780853616
11,1cb79f121916,permiso,0.00828679780853616
11,21996eb7014b,permiso,0.00828679780853616
11,22b948dd4918,permiso,0.00828679780853616
11,2c38877ae17e,permiso,0.00828679780853616
11,2c894b94435f,permiso,0.00828679780853616
11,2e9e4eccd47e,permiso,0.00828679780853616
11,309d5f4bdad6,permiso,0.00828679780853616
11,31b8761c2878,permiso,0.00828679780853616
11,48b0f96ef2dc,permiso,0.00828679780853616
11,4c4fa2ece9fc,permiso,0.00828679780853616
11,555b65ff0b32,permiso,0.00828679780853616
11,5c9ef20917c1,permiso,0.00828679780853616
11,67383a06b253,permiso,0.00828679780853616
11,73b8bad21088,permiso,0.01657359561707232
11,76a41fe32942,permiso,0.00828679780853616
11,85712e24ea1a,permiso,0.00828679780853616
11,91eb0e40a414,permiso,0.00828679780853616
11,91ff28da6cfe,permiso,0.00828679780853616
11,930b60a9ec31,permiso,0.01657359561707232
11,9c3fdfa26e1c,permiso,0.00828679780853616
11,9c9245ec7777,permiso,0.00828679780853616
11,9d01e11966f7,permiso,0.00828679780853616
11,a3ac0cb9e730,permiso,0.00828679780853616
11,b6447f6aca25,permiso,0.00828679780853616
11,c31a9704f3b8,permiso,0.00828679780853616
11,d69c12fc58e3,permiso,0.00828679780853616
11,e9007fba3801,permiso,0.00828679780853616
11,ec6510d8b6f2,permiso,0.00828679780853616
11,f17def181492,permiso,0.02486039342560848
11,0956cfe71306,salvó,0.0077663549642570905
11,5eb579d50f61,salvó,0.0077663549642570905
11,96045bc947b3,salvó,0.0077663549642570905
11,d58fd4a48a69,salvó,0.0077663549642570905
11,782bc1dc9626,sede,0.006154690692818542
11,b57b7afe9499,sede,0.006154690692818542
11,2c38877ae17e,permanente,0.006154690692818542
11,48b0f96ef2dc,permanente,0.006154690692818542
11,1120ff7989f4,permisos,0.006154690692818542
11,9c3fdfa26e1c,permisos,0.006154690692818542
11,1120ff7989f4,temporal,0.005640824950034919
11,309d5f4bdad6,temporal,0.005640824950034919
11,930b60a9ec31,temporal,0.005640824950034919
11,d69c12fc58e3,temporal,0.005640824950034919
11,e9007fba3801,temporal,0.005640824950034919
11,f17def181492,temporal,0.011281649900069838
11,0956cfe71306,dura,0.004904586763887394
11,92ff5182ff53,dura,0.004904586763887394
11,1120ff7989f4,necesita,0.004529382359098209
11,26c37c7c3dcf,necesita,0.009058764718196418
11,1120ff7989f4,protección,0.0040291606785963704
11,309d5f4bdad6,protección,0.0040291606785963704
11,e9007fba3801,protección,0.0040291606785963704
11,f17def181492,protección,0.008058321357192741
11,92ff5182ff53,médica,0.0077663549642570905
11,53bf7d07b4fd,venir,0.0038831774821285452
11,9c9245ec7777,identidad,0.0038831774821285452
11,e9900c755cc8,identidad,0.0038831774821285452
11,57d1fbeee6f3,tiempo,0.003407269816034995
11,92ff5182ff53,tiempo,0.003407269816034995
11,aae2ac12b8a1,tiempo,0.003407269816034995
11,57d1fbeee6f3,refugio,0.0032233285428770963
11,aae2ac12b8a1,refugio,0.0032233285428770963
11,ab8260e04552,refugio,0.0032233285428770963
11,0956cfe71306,venció,0.003077345346409271
11,57d1fbeee6f3,nivel,0.003077345346409271
11,e9007fba3801,extranjeria,0.003077345346409271
11,573843e5bd1e,atiendan,0.003077345346409271
11,f17def181492,hermano,0.003077345346409271
11,ec6510d8b6f2,carnet,0.003077345346409271
11,ae909a599460,vale,0.003077345346409271
11,9c3fdfa26e1c,alguien,0.003077345346409271
20,6ef03228368d,conmigo,0.004290611755814308
20,a5a1de8d5d8f,conmigo,0.008581223511628615
20,c91427640882,conmigo,0.004290611755814308
20,de6086eb2be3,conmigo,0.004290611755814308
20,313570b55d25,sino,0.003432489404651446
20,c91427640882,sino,0.003432489404651446
20,ca4753c64539,sino,0.003432489404651446
20,f8a90db52737,sino,0.003432489404651446
20,270feb3e1437,medio,0.0033542863500149417
20,6e8817a099fc,medio,0.006708572700029883
20,ac246d82f8be,medio,0.0033542863500149417
20,ce9e71da80de,medio,0.0033542863500149417
20,eabcd4d08636,medio,0.0033542863500149417
20,f30ad0e1698d,medio,0.0033542863500149417
20,f4ea24417e86,medio,0.0033542863500149417
20,f98279ef0fbb,medio,0.0033542863500149417
20,24e2b3678d0d,ciudadanía,0.0033542863500149417
20,26749af13e1e,ciudadanía,0.0033542863500149417
20,8759feb68258,ciudadanía,0.0033542863500149417
20,c336a1971655,ciudadanía,0.006708572700029883
20,e846935965c0,ciudadanía,0.010062859050044825
20,6c911cdfc79b,entrar,0.0033196704049805806
20,78b3dbf30200,entrar,0.0033196704049805806
20,92d7b0a9f8fc,entrar,0.0033196704049805806
20,ce9e71da80de,entrar,0.0033196704049805806
20,dd91d1e52f04,entrar,0.0033196704049805806
20,4e0ffb308d21,teniendo,0.003156931863988821
20,b5f02b72f3e0,teniendo,0.006313863727977642
20,dd91d1e52f04,teniendo,0.003156931863988821
20,e1a3c59b06d0,teniendo,0.003156931863988821
20,f9c6990c9ee3,teniendo,0.003156931863988821
20,27d6dbaeda9b,opciones,0.003156931863988821
20,6a69fced0269,opciones,0.003156931863988821
20,b6aec3dd7f39,opciones,0.003156931863988821
20,de6086eb2be3,opciones,0.003156931863988821
20,f8326548cfaf,opciones,0.006313863727977642
20,075f884db357,tenemos,0.0029877033644825227
20,2586a6b45571,tenemos,0.0029877033644825227
20,289eceb5443b,tenemos,0.0029877033644825227
20,5a37c2627cfe,tenemos,0.0029877033644825227
20,868583471b48,tenemos,0.005975406728965045
20,b5f02b72f3e0,tenemos,0.0029877033644825227
20,22aede07eb2b,regularización,0.005437271564668871
20,270feb3e1437,regularización,0.0027186357823344356
20,5c53de3124be,regularización,0.005437271564668871
20,6e8817a099fc,regularización,0.005437271564668871
20,7e6d7186811b,regularización,0.005437271564668871
20,824fac26ef86,regularización,0.0027186357823344356
20,9fc2d4ba36e4,regularización,0.0027186357823344356
20,c57891ad82ed,regularización,0.0027186357823344356
20,d03b0a77cb71,regularización,0.0027186357823344356
20,e1a3c59b06d0,regularización,0.0027186357823344356
20,24e2b3678d0d,ciudadana,0.0026557363239844644
20,270feb3e1437,ciudadana,0.0026557363239844644
20,29f8b399f230,ciudadana,0.0026557363239844644
20,78b3dbf30200,ciudadana,0.0026557363239844644
20,075f884db357,consulta,0.0026557363239844644
20,329758511943,consulta,0.0026557363239844644
20,618a37c419d0,consulta,0.005311472647968929
20,7d9370b38112,consulta,0.0026557363239844644
20,270feb3e1437,debería,0.0026557363239844644
20,46f5acd38250,debería,0.0026557363239844644
20,8759feb68258,debería,0.0026557363239844644
20,c336a1971655,debería,0.0026557363239844644
20,5e4e11b7a1b0,único,0.002574367053488585
20,b1c6ff87f7cd,único,0.002574367053488585
20,f8a90db52737,único,0.002574367053488585
20,26749af13e1e,iniciar,0.0025157147625112066
20,4f5efd606221,iniciar,0.0025157147625112066
20,6716d6bbff62,iniciar,0.0025157147625112066
20,6c24ed94d0ba,iniciar,0.0025157147625112066
20,c70fc546cae1,iniciar,0.005031429525022413
20,27d6dbaeda9b,cedula,0.0025157147625112066
20,6c911cdfc79b,cedula,0.0025157147625112066
20,a3bac8f5fb85,cedula,0.0025157147625112066
20,f9a08781f2e1,cedula,0.005031429525022413
21,40f8794ebb5b,antecedentes,0.006971826728513833
21,b214fc588e5a,antecedentes,0.006971826728513833
21,c6ddc37c2366,antecedentes,0.013943653457027666
21,def53b6a796b,antecedentes,0.013943653457027666
21,5cef985e56f4,apostillado,0.0059758514815832844
21,80448aa9421f,apostillado,0.011951702963166569
21,8defdff024fe,apostillado,0.011951702963166569
21,996db8423a02,apostillado,0.0059758514815832844
21,f368e7755fa9,apostillado,0.0059758514815832844
21,0f4d0aadbeb7,nacimiento,0.005093352147001488
21,1758895a05cd,nacimiento,0.010186704294002976
21,1c5abb23d689,nacimiento,0.005093352147001488
21,1c6098ca81dd,nacimiento,0.005093352147001488
21,2ef4b05fa3e4,nacimiento,0.005093352147001488
21,996db8423a02,nacimiento,0.005093352147001488
21,a2c0b868550c,nacimiento,0.005093352147001488
21,a88b0cc13301,nacimiento,0.005093352147001488
21,abfde777018e,nacimiento,0.010186704294002976
21,adc62f73647f,nacimiento,0.010186704294002976
21,ce61e3561d3b,nacimiento,0.005093352147001488
21,e5edc9cb3a93,nacimiento,0.010186704294002976
21,f368e7755fa9,nacimiento,0.005093352147001488
21,5cef985e56f4,civil,0.01387064952760313
21,8defdff024fe,civil,0.004623549842534377
21,abfde777018e,civil,0.009247099685068753
21,f368e7755fa9,civil,0.004623549842534377
21,0337f971aa05,mamá,0.0041945252975306374
21,1c5abb23d689,mamá,0.0041945252975306374
21,1c6098ca81dd,mamá,0.012583575892591913
21,315b46fd8fac,mamá,0.0041945252975306374
21,77dfea4b3ab8,mamá,0.0041945252975306374
21,8c55a7380118,mamá,0.0041945252975306374
21,8defdff024fe,mamá,0.008389050595061275
21,e5edc9cb3a93,mamá,0.0041945252975306374
21,f088ab89ff01,mamá,0.0041945252975306374
21,f368e7755fa9,mamá,0.0041945252975306374
21,2ef4b05fa3e4,padres,0.003664076560316097
21,2f1d63920637,padres,0.003664076560316097
21,866fdeb1a0de,padres,0.003664076560316097
21,8b1e864a8753,padres,0.003664076560316097
21,8defdff024fe,padres,0.003664076560316097
21,a88b0cc13301,padres,0.003664076560316097
21,3b7c53152a59,podido,0.003467662381900782
21,4a9224ec0d8e,podido,0.003467662381900782
21,6b9263923d4f,podido,0.003467662381900782
21,996db8423a02,podido,0.003467662381900782
21,b3c878da29b3,podido,0.003467662381900782
21,f088ab89ff01,podido,0.006935324763801564
21,02a905d8ae15,haría,0.003467662381900782
21,36574b853fbc,haría,0.003467662381900782
21,40f8794ebb5b,haría,0.003467662381900782
21,5d9998ca383d,haría,0.003467662381900782
21,5f8aae4275b4,haría,0.003467662381900782
21,b3c878da29b3,haría,0.006935324763801564
21,d40c929ddf9e,haría,0.003467662381900782
21,f846ecc165f0,haría,0.003467662381900782
21,adc62f73647f,falta,0.006164733123379168
21,b810be78aa76,falta,0.003082366561689584
21,cf8a9ac2cbfb,falta,0.006164733123379168
21,0337f971aa05,padre,0.003082366561689584
21,2ef4b05fa3e4,padre,0.003082366561689584
21,2f1d63920637,padre,0.003082366561689584
21,866fdeb1a0de,padre,0.003082366561689584
21,8b1e864a8753,padre,0.003082366561689584
21,8defdff024fe,padre,0.003082366561689584
21,a88b0cc13301,padre,0.003082366561689584
21,abfde777018e,padre,0.006164733123379168
21,e2c9eb5825cb,padre,0.006164733123379168
21,f088ab89ff01,padre,0.006164733123379168
21,0f4d0aadbeb7,acta,0.0030533971335967476
21,2ef4b05fa3e4,acta,0.0030533971335967476
21,8defdff024fe,acta,0.0030533971335967476
21,e5edc9cb3a93,acta,0.0030533971335967476
21,ea6ec746a9f3,acta,0.0030533971335967476
21,f368e7755fa9,acta,0.0030533971335967476
21,7d9e9ebb75e8,entrada,0.0030533971335967476
21,abfde777018e,entrada,0.006106794267193495
21,b810be78aa76,entrada,0.0030533971335967476
21,e07197abcf03,entrada,0.0030533971335967476
21,1758895a05cd,partida,0.0059921789964723395
21,1c6098ca81dd,partida,0.0029960894982361697
21,996db8423a02,partida,0.0029960894982361697
21,a2c0b868550c,partida,0.0029960894982361697
21,a88b0cc13301,partida,0.0029960894982361697
21,adc62f73647f,partida,0.0059921789964723395
21,ce61e3561d3b,partida,0.0029960894982361697
21,e5edc9cb3a93,partida,0.0029960894982361697
22,839f912ebc05,españa,0.031036440920594564
22,ca80d27637a1,españa,0.02069096061372971
22,f8915ce811fa,españa,0.010345480306864855
22,07328a0c07a6,legalizar,0.007622240250593656
22,0c9a19b4e12e,legalizar,0.007622240250593656
22,25b81d68f2ad,legalizar,0.007622240250593656
22,31fa3027303a,legalizar,0.007622240250593656
22,7561a5acc372,legalizar,0.007622240250593656
22,8298f5a136dd,legalizar,0.007622240250593656
22,9d7b24a63bc5,legalizar,0.007622240250593656
22,c5a3d211e7ae,legalizar,0.007622240250593656
22,e253e90e463e,legalizar,0.007622240250593656
22,f5a245a65843,legalizar,0.007622240250593656
22,ffad7d7874ca,legalizar,0.007622240250593656
22,0367a28c51cd,llevo,0.004355565857482088
22,40d6861d8bae,llevo,0.004355565857482088
22,9d7b24a63bc5,llevo,0.004355565857482088
22,a9cd5c5c51c2,llevo,0.004355565857482088
22,6921ec0847ed,empezar,0.008198599169164999
22,ffad7d7874ca,empezar,0.004099299584582499
22,3c6d838c02cb,irregular,0.00402236194576632
22,77915eb2aee4,irregular,0.00402236194576632
22,8298f5a136dd,irregular,0.00402236194576632
22,9d7b24a63bc5,irregular,0.00402236194576632
22,b2022f4b0cd7,irregular,0.00402236194576632
22,ca80d27637a1,irregular,0.00402236194576632
22,5f00e43eff17,casi,0.0032666743931115665
22,7561a5acc372,casi,0.0032666743931115665
22,f548a8c08e2b,casi,0.0032666743931115665
22,5f00e43eff17,vigente,0.0032666743931115665
22,9bb0bde5b746,vigente,0.0032666743931115665
22,ca80d27637a1,vigente,0.0032666743931115665
22,0c9a19b4e12e,legalmente,0.0032666743931115665
22,b742052b3783,legalmente,0.0032666743931115665
22,c55a4293df3e,legalmente,0.0032666743931115665
22,0c9a19b4e12e,país,0.0028625081835998096
22,3c6d838c02cb,país,0.0028625081835998096
22,6729a0cd9307,país,0.0028625081835998096
22,7561a5acc372,país,0.0028625081835998096
22,b31b4c04a6a6,país,0.0028625081835998096
22,ca80d27637a1,país,0.0028625081835998096
22,da142d4a5117,país,0.0028625081835998096
22,25b81d68f2ad,legalizada,0.002732866389721666
22,8298f5a136dd,legalizada,0.002732866389721666
22,0c9a19b4e12e,prueba,0.005465732779443332
22,1a9cb8c4c8d7,prueba,0.002732866389721666
22,0c9a19b4e12e,icfes,0.005465732779443332
22,b9644585b28c,aparece,0.002732866389721666
22,cb52036d2ba0,aparece,0.002732866389721666
30,06433e895ee5,biométrico,0.01625178656896195
30,507f2bfaddcc,biométrico,0.008125893284480976
30,5a7498cf5cbc,biométrico,0.008125893284480976
30,72fd8e1853ee,biométrico,0.008125893284480976
30,c44634a0d0af,biométrico,0.008125893284480976
30,cf7ef4f07578,biométrico,0.008125893284480976
30,06433e895ee5,rumv,0.012574098513559099
30,285ad64669e0,rumv,0.012574098513559099
30,72fd8e1853ee,rumv,0.006287049256779549
30,7d42365ec542,rumv,0.012574098513559099
30,8e550e7fc89a,rumv,0.006287049256779549
30,a02ba6b93372,rumv,0.012574098513559099
30,ae3786c10d54,rumv,0.012574098513559099
30,cf7ef4f07578,rumv,0.006287049256779549
30,06433e895ee5,migración,0.004240211952237133
30,0c3fc97bd83c,migración,0.004240211952237133
30,20338a2364a6,migración,0.004240211952237133
30,33d15dadcc97,migración,0.004240211952237133
30,507f2bfaddcc,migración,0.004240211952237133
30,54f981c3f69d,migración,0.004240211952237133
30,56e476735a0f,migración,0.004240211952237133
30,58e3ec0e8efa,migración,0.008480423904474265
30,598560d91722,migración,0.004240211952237133
30,7d04167f1e95,migración,0.004240211952237133
30,88798bf22b1d,migración,0.004240211952237133
30,8e550e7fc89a,migración,0.012720635856711397
30,9ec54a2a09b9,migración,0.004240211952237133
30,abc4a73d789d,migración,0.004240211952237133
30,afa37845925d,migración,0.004240211952237133
30,c30ddc5d3f63,migración,0.004240211952237133
30,cf7ef4f07578,migración,0.004240211952237133
30,e1ada0b3526e,migración,0.004240211952237133
30,e25d61d034aa,migración,0.004240211952237133
30,e685b0c1941c,migración,0.008480423904474265
30,f3266bd148e4,migración,0.004240211952237133
30,f483ae131fa8,migración,0.004240211952237133
30,382454408be6,afiliar,0.007473552984136801
30,58e3ec0e8efa,afiliar,0.007473552984136801
30,aa3ef1ca5118,afiliar,0.0037367764920684006
30,ae3786c10d54,afiliar,0.007473552984136801
30,e1ada0b3526e,afiliar,0.0037367764920684006
30,ef3c1dfce67c,afiliar,0.0037367764920684006
30,1869a21f0508,estudiar,0.0031435246283897746
30,46030f16eeeb,estudiar,0.009430573885169324
30,c30ddc5d3f63,estudiar,0.0031435246283897746
30,c4b98a94949a,estudiar,0.006287049256779549
30,e4bb3d69fa67,estudiar,0.0031435246283897746
30,58e3ec0e8efa,papa,0.009430573885169324
30,f92f97820aa4,papa,0.0031435246283897746
30,285ad64669e0,teléfono,0.0031435246283897746
30,5268b84a6948,teléfono,0.0031435246283897746
30,d70599256661,teléfono,0.0031435246283897746
30,1fa40aefa1ca,redacted,0.0031139804100570006
30,c44634a0d0af,redacted,0.0031139804100570006
30,3ef43e2b6b24,aprobado,0.0031139804100570006
30,97727500e60a,aprobado,0.006227960820114001
30,ae3786c10d54,aprobado,0.006227960820114001
30,453801c9089a,xfavor,0.0031139804100570006
30,84939de291ed,xfavor,0.006227960820114001
30,a5dadd4e8d83,xfavor,0.0031139804100570006
30,c7ce2d12156e,xfavor,0.0031139804100570006
30,4d9fdd15a627,sacarme,0.002977784820931632
30,afa37845925d,sacarme,0.008933354462794895
30,b411ca13f4a1,sacarme,0.002977784820931632
30,f92f97820aa4,sacarme,0.002977784820931632
30,039db1e8437e,entregar,0.0024911843280456007
30,2fdebb60b258,entregar,0.0024911843280456007
30,97727500e60a,entregar,0.0024911843280456007
30,f483ae131fa8,entregar,0.0024911843280456007
30,0bd2b552813a,esposa,0.0024911843280456007
30,22f281a2afe0,esposa,0.0024911843280456007
30,3599f0b9b4e9,esposa,0.0024911843280456007
30,37f1ae5951bc,esposa,0.0024911843280456007
30,06433e895ee5,certificado,0.00496297470155272
30,afa37845925d,certificado,0.00248148735077636
30,ccc810f98941,certificado,0.00248148735077636
30,db7bf73021d3,certificado,0.00248148735077636
30,507f2bfaddcc,osea,0.00248148735077636
30,7e62b0c9182e,osea,0.00248148735077636
30,a5dadd4e8d83,osea,0.00496297470155272
30,e1ada0b3526e,osea,0.00248148735077636
30,4aeebdaf4511,mayores,0.00248148735077636
30,9de723d55df3,mayores,0.00248148735077636
30,c9fd45da3964,mayores,0.00248148735077636
30,d4b0a5904697,mayores,0.00248148735077636
30,e8adce6f57db,mayores,0.00248148735077636
31,5a525086d92f,duplicado,0.016213969135905153
31,fc2b2710562a,duplicado,0.016213969135905153
31,19d8b6f6f965,sacarle,0.012160476851928864
31,2737851eca6d,sacarle,0.012160476851928864
31,db2f6c12f2ac,sacarle,0.012160476851928864
31,19fb6b4a45c3,adultos,0.009456078960222577
31,aeaaa7badeb4,adultos,0.009456078960222577
31,c1c4a8254e3e,adultos,0.009456078960222577
31,b2a2775276c6,link,0.006424633267064969
31,a5b8a3cf6303,salido,0.006424633267064969
31,fd6dddfbb46f,estando,0.006424633267064969
31,0bdeeab02ee1,fecha,0.006304052640148384
31,7d58df5a9148,fecha,0.006304052640148384
31,4d24b1824f22,pasos,0.006304052640148384
31,9c79fc78d797,pasos,0.006304052640148384
31,b3c0e6b6e9a1,saco,0.006304052640148384
31,ef9f4e4bdb30,saco,0.006304052640148384
31,5a525086d92f,copia,0.005119700218443858
31,40796bc37a12,control,0.005119700218443858
31,92b37813436b,entregan,0.005119700218443858
31,87592a2a6465,preguntar,0.005119700218443858
31,7cd7675ea731,salió,0.005119700218443858
31,ef9f4e4bdb30,tendría,0.005119700218443858
31,23ef4981c127,mayor,0.004742281966177361
31,b779de6d1c61,mayor,0.004742281966177361
31,3536f17b4707,primera,0.004742281966177361
31,e8d16804b787,primera,0.004742281966177361
31,0bdeeab02ee1,niño,0.004742281966177361
31,17db1913fc63,niño,0.004742281966177361
31,7cd7675ea731,niño,0.004742281966177361
31,b05d491de4b3,niño,0.004742281966177361
31,db2f6c12f2ac,niño,0.004742281966177361
31,5a525086d92f,cita,0.004264831737870282
31,a44cd0fb62fb,cita,0.004264831737870282
31,b05d491de4b3,cita,0.004264831737870282
31,0bdeeab02ee1,hijo,0.004264831737870282
31,19d8b6f6f965,hijo,0.004264831737870282
31,2737851eca6d,hijo,0.004264831737870282
31,7cd7675ea731,hijo,0.004264831737870282
31,a2dc998af660,hijo,0.004264831737870282
31,e0938d4ee792,hijo,0.004264831737870282
31,7d58df5a9148,salida,0.004053492283976288
31,76c65e1b6c3a,llegó,0.004053492283976288
40,44c34c6efe6f,abierto,0.009809038291679551
40,90a9c5ed7580,abierto,0.009809038291679551
40,99527ac5570a,educación,0.009283221168213552
40,c104e6dc7c09,educación,0.018566442336427104
40,36901242e8a4,intégrate,0.009283221168213552
40,44c34c6efe6f,intégrate,0.009283221168213552
40,4f10e7ccb693,intégrate,0.009283221168213552
40,26abf7ed58c5,servicios,0.007240448359074364
40,8515b9337673,servicios,0.007240448359074364
40,91098e83c5d9,servicios,0.007240448359074364
40,ea632a43ed21,servicios,0.007240448359074364
40,6fe86a915960,migratorio,0.021721345077223092
40,8e58449c3754,migratorio,0.007240448359074364
40,57bcca8ebb97,especial,0.006188814112142368
40,c104e6dc7c09,especial,0.006188814112142368
40,70ce2863d110,arreglar,0.006188814112142368
40,72481892be9f,casa,0.006188814112142368
40,baaa2fdf68b4,casa,0.006188814112142368
40,5fceb0b65f8e,integrate,0.010860672538611546
40,9034f08998f0,integrate,0.005430336269305773
40,8cf5c750e3a9,económico,0.0049045191458397756
40,b307cd1e0085,económico,0.0049045191458397756
40,2bcaf3d1f7f2,estan,0.0049045191458397756
40,41b6ee9f59df,trata,0.0049045191458397756
40,c873b5d50419,vivienda,0.0049045191458397756
40,fe9ae764a26c,centros,0.0049045191458397756
40,99af89ba8f3b,afiliarme,0.0049045191458397756
40,24abe8cb3a7d,cerca,0.004812468756541847
40,5cb012353434,cerca,0.004812468756541847
40,9c3257084b94,cerca,0.004812468756541847
40,f14f1e38bd33,regresar,0.003908342577472767
40,ea632a43ed21,jurídica,0.003908342577472767
40,9802841c02ed,ofrecen,0.003908342577472767
50,2bda216ee06e,nuevo,0.008709702792376275
50,47e074a1b347,nuevo,0.008709702792376275
50,9f55b7f98d0c,nuevo,0.008709702792376275
50,a8b6c91e103d,nuevo,0.008709702792376275
50,cfa7562d8642,nuevo,0.27000078656366455
50,e14d780d7d43,nuevo,0.008709702792376275
50,6c9cb7899305,registrarme,0.008467766603699156
50,cfa7562d8642,registrarme,0.2625007647146739
50,e0759bd92787,registrarme,0.016935533207398313
50,1b5222e497bf,hospital,0.006518816372550739
50,2757dc3ce28d,hospital,0.013037632745101477
50,2fee72bc46f1,hospital,0.006518816372550739
50,a47a460d4806,hospital,0.006518816372550739
50,a77977d188c4,hospital,0.006518816372550739
50,ad2009457cac,hospital,0.006518816372550739
50,b129f19d0af2,hospital,0.006518816372550739
50,b71b48b68419,hospital,0.006518816372550739
50,c6b6dd92e42a,hospital,0.006518816372550739
50,cd6b50518b1b,hospital,0.013037632745101477
50,cfa7562d8642,hospital,0.006518816372550739
50,dd16a0f184e1,hospital,0.006518816372550739
50,e1d352c8b6dc,hospital,0.013037632745101477
50,eecee4198c0f,hospital,0.013037632745101477
50,f19c866c9fd5,hospital,0.006518816372550739
50,f480b4f24ed8,hospital,0.013037632745101477
50,662f81114f99,villa,0.015009503407146012
50,8d209885c75b,villa,0.005003167802382004
50,aa5cfb011785,villa,0.005003167802382004
50,ae274c7b9001,villa,0.005003167802382004
50,dd16a0f184e1,villa,0.010006335604764008
50,719105037cd3,maicao,0.04601517439447581
50,7ff12400b9f6,maicao,0.004601517439447581
50,f2d9ee2f480b,maicao,0.004601517439447581
50,07a493b2ddeb,urgente,0.0043777718270842534
50,0d79522d75ab,urgente,0.0043777718270842534
50,9ca5279f044f,urgente,0.0043777718270842534
50,aa5cfb011785,urgente,0.008755543654168507
50,b2635e9a6a7f,urgente,0.0043777718270842534
50,b71b48b68419,urgente,0.0043777718270842534
50,c6b6dd92e42a,urgente,0.0043777718270842534
50,07a493b2ddeb,trabaja,0.004336660819874346
50,23e088703289,trabaja,0.004336660819874346
50,4dbeb691b609,trabaja,0.004336660819874346
50,4ee5c5e82c8e,trabaja,0.004336660819874346
50,4eed8489d04f,trabaja,0.004336660819874346
50,5b35eba5a9c4,trabaja,0.008673321639748693
50,5d68d7d36dbf,trabaja,0.004336660819874346
50,7ff12400b9f6,trabaja,0.004336660819874346
50,96cae25a3eb7,trabaja,0.004336660819874346
50,b71b48b68419,trabaja,0.004336660819874346
50,c102a05bc7bd,trabaja,0.008673321639748693
50,dd16a0f184e1,trabaja,0.004336660819874346
50,f2d9ee2f480b,trabaja,0.004336660819874346
50,f9cf071cedbb,trabaja,0.004336660819874346
50,07a493b2ddeb,terminar,0.003972458494101465
50,0b98d3009cee,terminar,0.019862292470507328
50,483cf6a54bf1,terminar,0.003972458494101465
50,68fd964afd09,terminar,0.003972458494101465
50,7ff12400b9f6,terminar,0.003972458494101465
50,8d209885c75b,terminar,0.003972458494101465
50,ad2009457cac,terminar,0.003972458494101465
50,af0e5c149be0,terminar,0.003972458494101465
50,cfa7562d8642,terminar,0.003972458494101465
50,47e074a1b347,barrio,0.003387106641479663
50,4f524af45e30,barrio,0.006774213282959326
50,4f83816de195,barrio,0.003387106641479663
50,6c9cb7899305,barrio,0.003387106641479663
50,e14d780d7d43,barrio,0.003387106641479663
50,ee812abbae17,barrio,0.003387106641479663
50,0b98d3009cee,centro,0.006396468071522288
50,1b5222e497bf,centro,0.003198234035761144
50,5c0d66283a45,centro,0.003198234035761144
50,5d68d7d36dbf,centro,0.003198234035761144
50,6a96577d2770,centro,0.003198234035761144
50,810b3b6725a6,centro,0.003198234035761144
50,96cae25a3eb7,centro,0.009594702107283432
50,9f55b7f98d0c,centro,0.003198234035761144
50,ac39351233b0,centro,0.003198234035761144
50,c102a05bc7bd,centro,0.003198234035761144
50,cfa7562d8642,centro,0.003198234035761144
50,dd16a0f184e1,centro,0.006396468071522288
50,fbd40694fd86,centro,0.003198234035761144
50,0dedc06a8597,cirugía,0.003126979876488752
50,2757dc3ce28d,cirugía,0.006253959752977504
50,90eb8eb3336a,cirugía,0.003126979876488752
50,ad2009457cac,cirugía,0.003126979876488752
50,0b98d3009cee,atender,0.0030557373031549736
50,1a1ebc5090d9,atender,0.0030557373031549736
50,1b5222e497bf,atender,0.0030557373031549736
50,2fee72bc46f1,atender,0.0030557373031549736
50,50fdccfb1891,atender,0.0030557373031549736
50,a47a460d4806,atender,0.0030557373031549736
50,af0e5c149be0,atender,0.0030557373031549736
50,d502ce7c5ddb,atender,0.0030557373031549736
50,e1d352c8b6dc,atender,0.006111474606309947
50,f515ff1cdba3,atender,0.0030557373031549736
50,07a493b2ddeb,dijeron,0.0029032342641254257
50,50fdccfb1891,dijeron,0.0029032342641254257
50,67137155144d,dijeron,0.0029032342641254257
50,6c99e1a0bd00,dijeron,0.0029032342641254257
50,7ff12400b9f6,dijeron,0.0029032342641254257
50,810b3b6725a6,dijeron,0.0029032342641254257
50,9f55b7f98d0c,dijeron,0.0029032342641254257
50,b71b48b68419,dijeron,0.0029032342641254257
50,e0759bd92787,dijeron,0.0058064685282508514
50,e14d780d7d43,dijeron,0.0029032342641254257
50,eecee4198c0f,dijeron,0.0029032342641254257
50,4f83816de195,mañana,0.005500327145678952
50,a8bb402a432a,mañana,0.002750163572839476
50,ae274c7b9001,mañana,0.002750163572839476
50,af0e5c149be0,mañana,0.005500327145678952
50,b61533160f33,mañana,0.002750163572839476
50,b9ff365f1be6,mañana,0.002750163572839476
50,dd16a0f184e1,mañana,0.002750163572839476
50,08914801c587,salí,0.002501583901191002
50,0b98d3009cee,salí,0.002501583901191002
50,17c99caae844,salí,0.002501583901191002
50,96cae25a3eb7,salí,0.002501583901191002
50,1b5222e497bf,lado,0.002501583901191002
50,4c7490179e9b,lado,0.002501583901191002
50,4f524af45e30,lado,0.002501583901191002
50,7eb0525767e1,lado,0.002501583901191002
50,96cae25a3eb7,lado,0.002501583901191002
50,ac39351233b0,lado,0.002501583901191002
50,b129f19d0af2,lado,0.002501583901191002
50,e14d780d7d43,lado,0.002501583901191002
50,0dedc06a8597,urgencia,0.002501583901191002
50,1b5222e497bf,urgencia,0.002501583901191002
50,aa5cfb011785,urgencia,0.002501583901191002
50,b71b48b68419,urgencia,0.002501583901191002
50,d502ce7c5ddb,urgencia,0.002501583901191002
51,106f48ba07b7,danés,0.012786727389268782
51,221fa9dcfc72,danés,0.012786727389268782
51,288002336e77,danés,0.012786727389268782
51,456815a6abe9,danés,0.025573454778537563
51,4b8af1d9e6e6,danés,0.012786727389268782
51,4e549487225a,danés,0.025573454778537563
51,a26eecc89b56,danés,0.012786727389268782
51,bc1dee482f04,danés,0.025573454778537563
51,e54fd550f83a,danés,0.012786727389268782
51,08850488608f,fundación,0.007599931282100682
51,6881c4372f8a,fundación,0.007599931282100682
51,a26eecc89b56,fundación,0.007599931282100682
51,a91a9f9618e7,fundación,0.007599931282100682
51,e51aa2d7b4dc,fundación,0.007599931282100682
51,e54fd550f83a,fundación,0.015199862564201364
51,f11283a6845d,fundación,0.022799793846302048
51,21d253a16688,alimentación,0.007599931282100682
51,42070e3f07d1,alimentación,0.015199862564201364
51,42a64dd883d9,alimentación,0.015199862564201364
51,4e549487225a,alimentación,0.007599931282100682
51,7ca5b1d9e37f,alimentación,0.007599931282100682
51,7f6183ceb4db,alimentación,0.007599931282100682
51,e63ad6b19e6a,alimentación,0.007599931282100682
51,608f79704cbf,ropa,0.005327803078861992
51,f11283a6845d,ropa,0.02131121231544797
51,01c9824c67eb,venezolanos,0.005085847552952313
51,25588123ba9f,venezolanos,0.005085847552952313
51,47898d03e9ec,venezolanos,0.005085847552952313
51,5969c82a3eb7,venezolanos,0.005085847552952313
51,691fe5ddb951,venezolanos,0.005085847552952313
51,6d2bcdd6f526,venezolanos,0.005085847552952313
51,88d62e8e059f,venezolanos,0.005085847552952313
51,88e3815baa87,venezolanos,0.005085847552952313
51,9b2ccbb84f4f,venezolanos,0.005085847552952313
51,a59fcec78cc4,venezolanos,0.005085847552952313
51,a5b1e565a5b6,venezolanos,0.005085847552952313
51,b2b053c989b4,venezolanos,0.005085847552952313
51,d3864482b1cc,venezolanos,0.005085847552952313
51,dfed16440fa7,venezolanos,0.005085847552952313
51,f11283a6845d,venezolanos,0.025429237764761567
51,f3715af00e54,venezolanos,0.020343390211809254
51,41662a74fa3e,pasajes,0.005066620854733788
51,460d24f18102,pasajes,0.005066620854733788
51,afe7c6a18d07,pasajes,0.005066620854733788
51,dcc6416eec45,pasajes,0.005066620854733788
51,de1ded63645a,pasajes,0.005066620854733788
51,0af1b20e629c,norte,0.004795022770975794
51,460d24f18102,norte,0.004795022770975794
51,5044f351c01f,norte,0.004795022770975794
51,75c9dbc84410,norte,0.004795022770975794
51,a6569a9c9d2e,norte,0.004795022770975794
51,d1f867f3ce0d,norte,0.004795022770975794
51,d3b7d49f9133,norte,0.004795022770975794
51,ef12e97985dd,norte,0.004795022770975794
51,f696796581e3,norte,0.004795022770975794
51,6d3883ec2cac,organización,0.004795022770975794
51,ba633b7960a9,organización,0.004795022770975794
51,cb4ac043c9a2,organización,0.004795022770975794
51,cd5c01dd37cb,organización,0.004795022770975794
51,d1f867f3ce0d,organización,0.009590045541951588
51,dfed16440fa7,organización,0.009590045541951588
51,e63ad6b19e6a,organización,0.004795022770975794
51,e719d43df055,organización,0.004795022770975794
51,21d253a16688,ruta,0.004262242463089595
51,6009b77e7f5b,ruta,0.004262242463089595
51,be2473df979a,ruta,0.00852448492617919
51,d8b710015e75,ruta,0.004262242463089595
51,4e549487225a,humanitario,0.00852448492617919
51,680eb65432dc,humanitario,0.004262242463089595
51,9d06a9320c10,humanitario,0.004262242463089595
51,41662a74fa3e,contra,0.00852448492617919
51,42a64dd883d9,contra,0.004262242463089595
51,4d0d805f41f7,contra,0.00852448492617919
51,4e549487225a,contra,0.00852448492617919
51,53c1984d329d,contra,0.004262242463089595
51,d3b7d49f9133,contra,0.004262242463089595
51,d881a73f0891,contra,0.00852448492617919
51,dfed16440fa7,contra,0.004262242463089595
51,4e549487225a,servicio,0.008285880103500183
51,6009b77e7f5b,servicio,0.0041429400517500915
51,608f79704cbf,servicio,0.0041429400517500915
51,680eb65432dc,servicio,0.0041429400517500915
51,6d3883ec2cac,servicio,0.0041429400517500915
51,7a7dab29bc17,servicio,0.008285880103500183
51,9d06a9320c10,servicio,0.0041429400517500915
51,a26eecc89b56,servicio,0.0041429400517500915
51,afe7c6a18d07,servicio,0.0041429400517500915
51,b7d2163f0f3d,servicio,0.0041429400517500915
51,cd5c01dd37cb,servicio,0.0041429400517500915
51,dc6642edcd75,servicio,0.008285880103500183
51,e2bde1255941,servicio,0.0041429400517500915
51,f3715af00e54,servicio,0.0041429400517500915
51,f6195c2e45a8,servicio,0.0041429400517500915
52,0fc6850ce612,soltera,0.012904249671784126
52,185a9a73040a,soltera,0.012904249671784126
52,22565df338df,soltera,0.012904249671784126
52,237cf28f02a2,soltera,0.012904249671784126
52,270749e6b663,soltera,0.012904249671784126
52,3a57ba4e56f1,soltera,0.012904249671784126
52,3dc2b7a2cf9f,soltera,0.012904249671784126
52,512018e4b670,soltera,0.012904249671784126
52,628e143864d2,soltera,0.012904249671784126
52,875ddd21c83a,soltera,0.012904249671784126
52,9293ff00b6ee,soltera,0.012904249671784126
52,a6642232899b,soltera,0.012904249671784126
52,a8fd097f45d7,soltera,0.012904249671784126
52,acb3b8186493,soltera,0.012904249671784126
52,d25bcb376566,soltera,0.012904249671784126
52,d665167a9732,soltera,0.012904249671784126
52,daef5948e6af,soltera,0.012904249671784126
52,edec792c9b50,soltera,0.012904249671784126
52,f196f2a726ed,soltera,0.012904249671784126
52,f21321abd593,soltera,0.012904249671784126
52,01a55f6e2bfc,madre,0.008191951811859756
52,0fc6850ce612,madre,0.008191951811859756
52,185a9a73040a,madre,0.008191951811859756
52,270749e6b663,madre,0.008191951811859756
52,3a57ba4e56f1,madre,0.008191951811859756
52,3dc2b7a2cf9f,madre,0.008191951811859756
52,512018e4b670,madre,0.008191951811859756
52,5f7ccd4c3ba5,madre,0.008191951811859756
52,628e143864d2,madre,0.008191951811859756
52,875ddd21c83a,madre,0.008191951811859756
52,9293ff00b6ee,madre,0.008191951811859756
52,a6642232899b,madre,0.008191951811859756
52,acb3b8186493,madre,0.008191951811859756
52,d25bcb376566,madre,0.008191951811859756
52,daef5948e6af,madre,0.008191951811859756
52,edec792c9b50,madre,0.008191951811859756
52,f21321abd593,madre,0.008191951811859756
52,fee9696650e5,madre,0.016383903623719512
52,628e143864d2,subsidio,0.0073608863562352415
52,aafc94db1e25,subsidio,0.0073608863562352415
52,dc18e6c9c281,subsidio,0.0073608863562352415
52,fee9696650e5,subsidio,0.0073608863562352415
52,0eceb4e2c434,estable,0.006966303322210506
52,3f5b01660ea3,estable,0.006966303322210506
52,daef5948e6af,estable,0.006966303322210506
52,3f5b01660ea3,ando,0.006966303322210506
52,875ddd21c83a,ando,0.006966303322210506
52,a4038b45998a,ando,0.006966303322210506
52,ac776a91e1b9,ando,0.013932606644421012
52,ba65623de66c,ando,0.006966303322210506
52,cf027211d091,ando,0.006966303322210506
52,daef5948e6af,ando,0.006966303322210506
52,e641f51b066c,ando,0.006966303322210506
52,e7a36fffd249,ando,0.006966303322210506
52,edec792c9b50,ando,0.006966303322210506
52,573e6c215f14,mejor,0.0058657871849507525
52,a8fd097f45d7,mejor,0.0058657871849507525
52,a5d221da4a61,colegio,0.0058657871849507525
52,ecbabc3cee0c,colegio,0.0058657871849507525
52,3169e6a20c8b,desempleada,0.005805252768508754
52,3a57ba4e56f1,desempleada,0.005805252768508754
52,3dc2b7a2cf9f,desempleada,0.005805252768508754
52,57550ec17795,desempleada,0.005805252768508754
52,991321e4e058,desempleada,0.005805252768508754
52,3f5b01660ea3,asistente,0.0055206647671764315
52,5f53f39e9f4e,asistente,0.0055206647671764315
52,66c4ad0769aa,asistente,0.0055206647671764315
52,0eceb4e2c434,niños,0.005191736123110934
52,237cf28f02a2,niños,0.005191736123110934
52,487f19ff25af,niños,0.005191736123110934
52,512018e4b670,niños,0.005191736123110934
52,573e6c215f14,niños,0.005191736123110934
52,5f53f39e9f4e,niños,0.005191736123110934
52,637783960fda,niños,0.005191736123110934
52,6b65c7c3b3ef,niños,0.005191736123110934
52,875ddd21c83a,niños,0.005191736123110934
52,9293ff00b6ee,niños,0.005191736123110934
52,93b56b2abdba,niños,0.005191736123110934
52,991321e4e058,niños,0.005191736123110934
52,c5ab76d9c28f,niños,0.005191736123110934
52,f196f2a726ed,niños,0.005191736123110934
52,f21321abd593,niños,0.005191736123110934
52,fee9696650e5,niños,0.005191736123110934
52,573e6c215f14,pues,0.004644202214807004
52,ac776a91e1b9,pues,0.004644202214807004
52,57550ec17795,sola,0.004644202214807004
52,d324748a5ef2,sola,0.004644202214807004
52,991321e4e058,quedé,0.004644202214807004
52,c2f0b78bdd17,quedé,0.004644202214807004
52,0eceb4e2c434,arriendo,0.004514208548849974
52,360b473dd1ec,arriendo,0.004514208548849974
52,5f53f39e9f4e,arriendo,0.004514208548849974
52,875ddd21c83a,arriendo,0.004514208548849974
52,898bdb72ffa7,arriendo,0.004514208548849974
52,0eceb4e2c434,ayuden,0.004075026212142356
52,3f5b01660ea3,ayuden,0.004075026212142356
52,573e6c215f14,ayuden,0.004075026212142356
52,637783960fda,ayuden,0.004075026212142356
52,a8fd097f45d7,ayuden,0.004075026212142356
52,be2290c9b620,ayuden,0.004075026212142356
52,22565df338df,gratis,0.0073608863562352415
52,0eceb4e2c434,ayude,0.0036804431781176207
52,3f5b01660ea3,ayude,0.0036804431781176207
52,573e6c215f14,ayude,0.0036804431781176207
52,637783960fda,ayude,0.0036804431781176207
52,a8fd097f45d7,ayude,0.0036804431781176207
52,ac776a91e1b9,ayude,0.0036804431781176207
52,be2290c9b620,ayude,0.0036804431781176207
52,c5ab76d9c28f,ayude,0.0036804431781176207
52,cf027211d091,ayude,0.0036804431781176207
52,3f5b01660ea3,dije,0.0036804431781176207
52,4c5d5996085f,dije,0.0036804431781176207
52,573e6c215f14,esposo,0.003611366839079979
52,5f53f39e9f4e,esposo,0.003611366839079979
52,92c906ae713f,esposo,0.003611366839079979
52,a4038b45998a,esposo,0.003611366839079979
52,daef5948e6af,niñas,0.007222733678159958
52,e7a36fffd249,niñas,0.003611366839079979
52,5e21d7487e2e,ayudarme,0.003611366839079979
52,5f7ccd4c3ba5,ayudarme,0.003611366839079979
52,8cadaabfc46b,ayudarme,0.003611366839079979
52,d324748a5ef2,ayudarme,0.003611366839079979
52,573e6c215f14,estamos,0.006966303322210506
52,ba65623de66c,estamos,0.003483151661105253
52,0fc6850ce612,niña,0.006791710353570592
52,898bdb72ffa7,niña,0.003395855176785296
52,daef5948e6af,niña,0.006791710353570592
52,dc18e6c9c281,niña,0.003395855176785296
52,e7a36fffd249,niña,0.003395855176785296
52,edec792c9b50,niña,0.003395855176785296
52,839a27087ef6,hijas,0.0029328935924753763
52,daef5948e6af,hijas,0.0029328935924753763
52,875ddd21c83a,darle,0.0029328935924753763
52,a8fd097f45d7,darle,0.0029328935924753763
