user_id,x,y,cluster_id
0014ad7a21e3,10.461323,4.807521,1
001ea31cd267,6.8684797,6.3815746,0
006dab9688be,10.838104,4.044518,4
0083ec87957f,10.409272,6.6334233,2
00a16c4cc1a9,10.96119,2.8486507,4
00b7b18ae81a,12.5551605,8.153736,3
00e2a21037ac,4.801051,7.5532885,7
00e5e5188fa3,12.356331,5.883358,2
01a55f6e2bfc,7.216023,7.7616615,6
01b6e41756d9,9.913391,5.973839,2
01c9824c67eb,7.217381,8.5286455,6
01e874a94ef6,7.6696877,8.5782795,6
01ef5a3bd732,11.436491,7.03671,5
01f1990699e4,7.862146,9.118875,5
0216c17c32b9,7.751904,8.162558,6
025cac964aaa,11.025341,4.045054,4
025f8fa9b2ff,11.110717,6.7617526,5
026d46d84f36,9.09566,8.3892,2
02764a615e66,10.868144,2.9498193,4
02a905d8ae15,13.1436615,5.57362,5
0337f971aa05,10.921029,6.4710317,1
036275add5eb,5.437603,6.469103,0
0367a28c51cd,11.950367,8.279902,5
039db1e8437e,11.117554,3.474922,4
04561f6119e9,12.869425,7.4662914,3
046a939f1579,9.731206,6.032298,1
049ef16eb70d,5.994777,8.5469,7
04cb2517ef64,5.1721373,7.713181,7
0556605b2d5c,8.997906,6.6467476,2
057777824af7,9.805957,8.453808,5
05858340bffd,11.870134,5.5200152,1
0592352552c0,11.780789,6.4877024,1
061eed24d599,6.790927,6.44234,0
06433e895ee5,10.515078,5.1305876,1
066c67042429,12.087223,8.572136,3
069b1ec8e19a,7.233051,6.9491405,6
0728fbb71e81,7.395978,7.36115,6
07328a0c07a6,12.042196,8.288586,5
075203619289,9.243886,6.6975045,2
075f884db357,10.840714,5.5894995,1
07a493b2ddeb,9.529112,7.3881693,2
07fdee5981cb,8.325338,8.404602,6
0809661b0bc4,11.714405,8.507152,0
084592c4a4fd,11.129552,5.658017,1
086e0bde9d76,5.484972,7.450748,3
08850488608f,8.511211,7.9691634,6
08914801c587,9.542344,8.08575,6
08db054d54ab,10.634071,4.959712,1
0956cfe71306,13.196529,4.6624627,3
0982baceacfa,11.832405,6.2145524,1
09c51cd233c6,5.787677,8.672241,7
0a09225c81bb,7.4549875,8.187519,6
0a225e949939,11.422544,4.6190968,1
0a272952bdec,8.741449,6.1772265,2
0a2869cfe664,13.526391,4.9642253,3
0a5b92f117c1,9.381506,7.4066687,2
0a9de4272ae0,8.250171,7.117482,2
0acb321354fe,9.209655,5.623172,4
0af1b20e629c,9.006441,7.9335685,2
0b00b8d61113,9.80876,8.5404825,5
0b28baceb4e4,5.5318227,8.271803,7
0b98d3009cee,9.394145,7.68244,2
0bd2b552813a,12.357746,4.940441,1
0bd6a1517cd4,13.269445,6.541154,3
0bdeeab02ee1,10.763361,3.6951272,4
0be817c3db2e,5.369966,6.4899025,0
0bfd5269e6c5,6.8583965,8.948848,7
0c2e8dcba2eb,12.768803,7.2915134,3
0c3fc97bd83c,11.103361,4.3834877,4
0c775d73f6b8,11.218519,8.114117,5
0c78f2aad5e5,9.111094,7.363131,2
0c9a19b4e12e,11.447649,6.637791,5
0cd045787ad8,12.748168,5.397298,5
0d1a2ab1cda3,9.95152,7.445989,2
0d3864ce7985,10.96534,3.6146855,4
0d396bbbe637,10.825042,5.539513,1
0d4c00f44bf5,10.43392,3.9461405,4
0d79522d75ab,9.575348,6.6102104,2
0de98070fca2,9.05207,8.579316,2
0dedc06a8597,9.338057,5.782614,2
0e39f120f47d,6.1468534,7.4992027,0
0e4de81613cf,5.644097,8.702905,7
0e62967fd27d,6.5919986,8.192048,0
0e9667c5d4ea,8.620954,5.302825,3
0eab3fd26823,7.882697,8.860783,6
0eceb4e2c434,8.310224,7.672726,6
0f074ab46d1e,11.958622,6.999657,5
0f4d0aadbeb7,11.3286,7.6667614,5
0fb335dc5958,8.109698,6.6840215,2
0fc6850ce612,7.6952066,7.361143,6
10362a778226,9.372064,6.2264056,2
10403265a7b9,5.4782176,6.5738325,0
106f48ba07b7,8.421015,8.602863,6
10bbd378898e,10.705669,8.79173,3
111ad7eb4be6,12.671619,6.2422366,3
1120ff7989f4,13.066221,5.312817,3
1195052a2705,10.635693,5.126691,4
119bc2224bd9,10.882553,6.462635,5
11d359d29a07,5.5956407,8.767983,7
11df55ab8edf,6.903324,6.248892,0
11e3b5c0ff75,6.271578,7.1402807,0
11fb0eb9d033,12.012132,4.926978,1
1209a0c44415,10.95127,4.1760645,4
1244bca63bbc,5.7987375,6.4734035,0
1245b4e27da3,5.6419873,6.8284316,0
12a4d7d0b517,10.064142,6.589922,2
130232130f4e,5.5732684,7.488783,7
133cfb98c56c,12.585313,6.3393483,5
139c5bffa62f,5.3638077,6.387728,0
13a0b790d57c,9.760924,8.482091,3
13c2983256df,10.464934,6.7488375,3
13c78ef9081e,11.622651,6.333308,1
1478ba543589,10.883907,2.8776186,0
14930e78ce9a,6.946482,6.2364926,2
14a39dcc12e9,10.787805,3.1735458,4
14ddc19dbb75,6.2188478,6.4766936,0
156d12a7898d,12.8178215,6.779326,3
157aec2253fd,5.960545,6.3166146,0
15dc0f6bbd54,7.895188,7.0330615,6
16a465fda40c,11.40376,3.8281353,4
16dd8b39b4ea,7.9390445,8.831404,6
171ae6ceacf2,9.874872,6.013984,1
1758895a05cd,10.654594,5.972517,1
176ac8a2f9fb,11.97228,8.748781,3
178c78255064,13.590396,5.357822,1
17ae63bbba2a,6.607265,7.3988285,6
17c99caae844,9.438838,7.514627,2
17db1913fc63,10.927756,3.3094366,4
181cd15e7fad,10.992038,7.1464376,5
1848f211e243,12.891892,7.4465466,3
185a9a73040a,8.195641,7.735118,6
1869a21f0508,12.544909,4.6373906,4
18c313934434,11.67517,6.267292,3
194c0b66d618,13.375268,4.817204,3
195a4d09c595,11.028859,6.2796087,1
19d1bcdf4a39,12.582369,7.274357,5
19d8b6f6f965,11.078518,4.0557194,4
19fb6b4a45c3,11.139636,3.1985426,4
1a1ebc5090d9,9.072927,5.8910165,2
1a83a3c7f37a,8.566764,7.984172,2
1a9cb8c4c8d7,11.220438,6.3154855,5
1ac60e26b75c,13.216954,5.3836913,2
1ad08d444027,13.369008,4.803727,3
1b5222e497bf,9.646856,6.9295444,2
1b62f7b2e3ab,8.051279,7.7841816,6
1b9a5105a9db,12.897191,5.7308354,3
1bf1b0378d93,12.135213,7.106096,3
1c4cccd51f1e,13.102305,7.0611625,3
1c4da3d603d8,10.058668,6.5559926,2
1c5abb23d689,11.264475,7.5435414,5
1c6098ca81dd,10.576383,7.1746817,5
1cb79f121916,13.034454,6.1100497,4
1cd14d2af652,11.29711,7.8483634,5
1d6d8f86b6ae,6.0760107,7.54937,2
1d77aaf2280a,9.5500345,6.4214325,1
1d9d9f68d199,8.239843,8.971863,6
1de87f03b7cb,10.371043,6.256251,2
1e01c7d59f5c,12.205208,6.446885,5
1e773803af74,10.143566,7.0982738,5
1fa40aefa1ca,10.072434,4.774503,4
20338a2364a6,11.173585,5.00032,4
2040ec3fddb2,11.492034,7.0697317,3
204861de9f07,9.468862,8.028416,2
205f6c912237,6.788187,6.729685,0
20652713bbe8,12.002804,5.7750688,1
2191b93bf7b5,10.678384,8.709253,3
21996eb7014b,13.292597,6.5718646,3
21d253a16688,8.88884,8.500886,6
21fc9e9b5d1c,11.846578,5.291528,1
221fa9dcfc72,8.485669,8.267713,6
2245d475c707,11.026996,6.429759,5
224b0c65cba8,12.008753,8.744038,0
22565df338df,7.8745627,8.994675,6
22aede07eb2b,10.994614,5.4265995,1
22b948dd4918,12.995572,6.185534,3
22f281a2afe0,11.387933,5.0505295,1
231d977ef5dd,10.321086,4.8574233,4
233ec371fc88,11.240707,4.1745667,4
237cf28f02a2,7.7682285,7.1897254,6
23e088703289,9.497469,6.204181,2
23ef4981c127,11.162919,4.0037317,4
24210d0ef3a3,12.786599,4.5692425,4
243830d0b711,13.068629,5.471625,5
2483f48531ff,13.572328,4.98014,3
24abe8cb3a7d,7.1499624,7.765479,0
24e2b3678d0d,10.961054,6.012216,1
253457f30450,5.572414,7.2533207,0
2554be1b599e,12.858567,7.404527,3
25588123ba9f,7.7595053,8.876174,6
2577c2e4cf9f,11.216779,4.8915753,4
258089dc336d,12.844068,7.2229342,3
2586a6b45571,10.913271,5.989717,1
25b81d68f2ad,11.363646,7.362827,5
25c717fcfcf0,8.877933,6.1581955,2
25d1576e420f,12.312798,6.6785316,5
25e0bb818fe7,5.4513144,8.350558,7
25f72e684000,11.808907,5.7413526,1
26749af13e1e,11.522553,5.774222,1
267d167f5c8d,10.891947,2.8921564,4
26abf7ed58c5,6.835376,6.308261,0
26c37c7c3dcf,12.763883,5.2239647,3
26e6ed3de35d,11.3019285,5.9209247,1
26f794aecdb1,9.602655,7.301624,2
270749e6b663,7.6731386,7.4524326,6
270feb3e1437,11.180432,5.900201,1
2737851eca6d,10.703553,3.6200137,4
2757dc3ce28d,10.280368,6.707592,2
276a55f67a77,9.137138,8.392755,2
27d6dbaeda9b,11.719655,6.1933017,1
28123ed57f59,7.978792,8.925324,6
281d2a2606cb,11.337534,6.9679093,5
285ad64669e0,10.845527,4.4135537,4
288002336e77,8.45645,8.67124,6
289eceb5443b,11.069977,5.707679,1
28c40585786a,5.8418417,6.4106874,0
28cfc1df937a,9.851732,5.5491476,2
2920d7482649,12.629904,7.1597433,3
2984a7622736,12.326014,6.5034766,5
29d93a2f169e,7.6489434,8.137063,6
29f8b399f230,9.85293,7.0810523,1
29fec7083da2,10.861791,5.4628515,2
2a099e053dc3,9.242363,5.4018435,2
2ad1d2577df4,7.4058504,8.125665,6
2b0c382722d0,12.444657,5.095477,1
2b262344b693,10.553735,3.791395,4
2b4cbbc49e4e,6.974629,7.14786,6
2b4f1562fa44,10.066225,4.703016,2
2b53dd383709,11.296854,4.149253,4
2ba620c8e1c2,13.31821,4.859568,3
2bb214172488,11.383703,7.140946,5
2bcaf3d1f7f2,13.219289,6.35148,0
2bcfaa3df52b,13.056733,5.4214034,3
2bda216ee06e,9.949614,6.1748843,2
2be96f37218b,11.0306635,8.357735,5
2c38877ae17e,13.208343,6.861576,3
2c894b94435f,12.963934,5.1267867,3
2d0b3adde136,5.770565,8.565607,7
2d2fc4526840,11.365055,7.994473,5
2d411cc2c22a,12.015162,7.9420714,5
2dc38572ac12,12.365089,5.4193616,1
2e9e4eccd47e,13.0174885,6.3129883,3
2eebe3247bca,6.620735,7.114099,6
2ef4b05fa3e4,11.375259,7.542311,5
2f1d63920637,11.73,7.2461867,5
2f99c95f0057,9.300639,7.755275,2
2fdebb60b258,10.073387,5.558301,2
2fee72bc46f1,9.420135,6.303039,2
3087b37015be,8.163018,6.829276,2
309d5f4bdad6,13.301496,6.412589,3
30d8ffd038d6,11.233936,5.8830633,2
313570b55d25,11.896401,6.5895934,1
315b46fd8fac,11.465115,7.3912354,5
3169e6a20c8b,6.0472965,8.011485,6
31b8761c2878,13.150965,6.730827,3
31fa3027303a,11.125253,6.601752,5
324389fa1463,8.825373,6.218971,2
326a35419541,10.036187,6.8191266,2
329758511943,10.970791,6.1990933,1
32be206e53e4,10.900182,6.9115677,5
32fdecd17449,5.6798005,8.649553,7
33ccadbfd77c,12.870716,7.4570246,3
33d15dadcc97,10.13548,4.954607,4
33d504e8d4d9,6.108439,7.0514975,0
3405af2b0ae0,12.776688,5.184439,1
342ad1d06b28,11.707642,7.544488,5
342f5cb9f227,11.263092,7.5944304,5
3473ece97a1d,10.778059,3.1165543,4
34ac1091aedb,10.597719,8.758945,2
34c6d4f5c12a,10.745914,8.76271,5
3507ac8c5023,6.874368,7.1762505,6
3536f17b4707,10.893858,2.9179945,4
355e39b91f6d,11.849585,8.407016,5
3599f0b9b4e9,10.587879,4.65458,4
35e3c97de485,11.879136,6.001065,1
360b473dd1ec,7.6232285,7.6994452,6
3616d0442ecb,9.746924,6.0817957,2
3619dce82ba5,8.308358,8.591774,6
36574b853fbc,10.927278,7.496972,5
36901242e8a4,7.568963,5.8374634,0
3699dffeee89,10.825093,3.5042117,4
37f1ae5951bc,11.488368,5.4043927,1
382454408be6,9.817806,5.6785064,1
382c0027e143,6.382799,7.6570735,6
38b67f491e68,10.562666,4.271641,4
38be3f3419e5,11.027804,3.6792793,4
38ca49bafc59,13.624567,5.4281545,3
38d97281c545,12.754946,4.5151873,4
38fd005f0ed3,6.715016,7.009445,0
390f8b9d5dd0,8.518668,7.931797,2
3935544d11dc,8.734751,8.455549,6
3939c9b21a6d,7.889708,8.455739,5
397a36b4f577,12.312607,7.5100374,5
3a57ba4e56f1,7.654859,7.330633,6
3aa53a743056,10.843813,2.84976,4
3b182d800abd,12.855643,7.4613304,6
3b6613f603ac,10.414249,8.212234,2
3b7c53152a59,8.706469,6.2015247,5
3b8d0cd08fe2,12.074279,5.2085104,1
3c3a91dc30f1,13.406212,4.819135,3
3c69a8dc1d56,6.377433,7.143482,6
3c6d838c02cb,10.464238,6.8713107,3
3d3b0981d2f7,5.512163,6.804359,0
3d7cb134f996,5.479916,7.4181685,7
3db4f09bf26e,9.233373,5.26717,4
3dbebe73d557,9.709421,6.0794578,2
3dc2b7a2cf9f,7.8251634,7.408802,6
3e50d7b566a3,6.5494027,6.959322,0
3e6779b22da8,6.8804927,8.777443,7
3e8a49119be2,5.4741936,6.476174,0
3e95e47dd7ec,9.103954,5.8439903,2
3ef43e2b6b24,10.480649,4.357749,1
3f19ea2f9725,5.805976,8.625208,7
3f262e866158,11.30035,4.679503,4
3f5b01660ea3,6.697359,7.378946,2
3fc23677ed59,12.102547,8.2706375,5
401aadf82e30,12.716083,6.2590504,3
406b3e9a1228,9.161889,6.7705884,2
40796bc37a12,10.5471735,3.3373127,4
40909d385fd7,10.993275,3.1608622,4
40ac2feac7f3,5.5644364,8.757958,7
40cbebbd504b,12.9391165,7.4959836,3
40d6861d8bae,12.063021,7.1890383,5
40ee6d43d65c,13.141039,4.5158896,3
40f4d7ee7e94,8.099596,6.4368825,2
40f8794ebb5b,11.078753,6.7236004,2
413219f6b2f5,10.506939,4.9960494,4
41447e385370,10.347534,4.7229257,4
41662a74fa3e,7.8701,8.246821,6
4198045631c4,10.780412,5.6085777,1
41b6ee9f59df,5.460877,6.4869413,0
42070e3f07d1,7.8995643,8.08577,6
425a85d298f2,12.215706,8.552454,3
42a64dd883d9,8.027553,7.7182884,6
431801bc2248,12.143777,7.8483505,5
434494785677,12.243672,6.5691743,5
43b3c1b09eef,9.242534,5.5621495,3
43f2bfa84b23,8.913389,7.642083,2
445f8c30e657,10.348897,8.115914,5
446161d80c77,11.742958,4.329774,4
44c34c6efe6f,7.646695,5.7745757,0
45126221f02e,11.191128,8.2420025,5
452c08220fe8,6.9596114,6.250843,0
453801c9089a,10.019029,5.0559573,4
4544c32a7977,11.531397,4.434783,4
456815a6abe9,8.549006,8.573123,6
456aa48c624b,10.803944,3.7604482,4
456b1a830844,6.1878552,8.788948,7
459d7e890352,10.3401165,5.328374,3
45c773b1a9de,6.0287113,6.5548115,0
46030f16eeeb,12.680889,5.1342,1
460d24f18102,8.744194,7.8250313,6
469b37d5ff1e,10.435946,4.4155335,4
46da40226356,12.315082,6.280561,5
46e01298bcfd,11.778539,4.068172,0
46f5acd38250,10.328944,6.4757037,5
47898d03e9ec,7.621102,8.753157,6
4799299fa12d,5.5518036,6.862422,0
47e074a1b347,7.4993396,8.798133,2
481568c9e082,6.703492,6.9135094,0
48158d6acbbe,7.792383,8.531954,6
483cf6a54bf1,11.231764,7.6283135,2
4843bbfae31d,11.7750025,4.043455,4
48499511f77b,8.388727,6.062794,2
4865387f4d2b,6.2001762,7.716569,6
487f19ff25af,7.397183,7.0545897,6
48ab8159f144,12.870305,7.3796744,3
48b0f96ef2dc,13.211151,6.527627,3
48b29e9b74b3,13.284138,5.706619,3
491ad6e259e6,10.565577,8.771915,6
4973666d1861,11.795607,7.629784,5
49d32c03804c,8.220031,6.5477505,2
49fa6cf2fedc,6.471062,7.7875314,6
4a686437f274,11.31674,3.2644935,4
4a84bb2b0b3a,6.1951694,7.749303,6
4a9224ec0d8e,10.386701,6.761825,5
4aeebdaf4511,11.267353,4.378422,4
4af69dad3bf1,11.118555,6.153542,1
4b71814a9e45,5.6891074,6.45253,0
4b8af1d9e6e6,8.615977,8.541874,6
4b99fb3f7c87,8.407156,6.511931,2
4c27be02ace9,11.974686,7.2003336,5
4c2c2ccab7ef,10.479,5.0536327,2
4c4fa2ece9fc,13.017481,6.8124437,3
4c5d5996085f,8.81032,7.423862,2
4c7490179e9b,8.322166,7.0454473,2
4cc91e57a91d,4.9638634,7.7099495,7
4d0d805f41f7,9.039099,8.5537405,2
4d1089abd65a,7.2987275,7.390841,7
4d1880278e03,8.330261,6.8699236,3
4d24b1824f22,10.741796,3.2660122,4
4d5aec64e21d,11.766969,5.136588,1
4d9fdd15a627,11.299425,4.553774,4
4dbeb691b609,5.8055444,7.8231277,2
4dc5923f9d21,11.867717,6.642074,5
4e0ffb308d21,11.878363,5.5101366,1
4e12c755f3f2,5.632164,8.774134,7
4e1805f69c2f,11.103525,7.52579,5
4e549487225a,9.248721,7.779754,2
4e8e74ec90d1,9.219077,8.181345,2
4ebb7f683407,9.877537,7.570736,6
4ece7132136c,7.936694,8.0528755,6
4ee5c5e82c8e,12.863395,5.2198687,2
4eed8489d04f,8.241758,7.0053096,2
4f10e7ccb693,7.5619693,5.844445,0
4f524af45e30,9.153642,7.2147155,2
4f5efd606221,11.547633,5.796778,1
4f83816de195,9.694739,6.809913,2
4f8c281ecd81,7.5401564,8.093747,6
4fd0ea8a5508,11.551458,3.657603,3
5044f351c01f,8.759766,8.016367,2
507f2bfaddcc,10.893995,4.400383,4
50fdccfb1891,9.033319,8.156024,2
512018e4b670,7.7378235,7.685903,6
5120edad4c99,11.979019,8.368457,5
519c42d73b02,6.246816,6.481736,0
51e28189c9d0,12.449355,7.5678425,3
5268b84a6948,10.487115,4.77048,4
52c3b55e29a6,5.9652305,6.474942,0
531a6927701a,11.45718,5.412237,1
533f8aeb1f13,8.606811,6.4909925,6
5342526ca7e7,12.053971,5.164054,1
5356bf503569,9.569131,7.7465158,2
535a43ed5f6c,10.806641,7.2654057,5
536770ec7d01,12.864306,6.8651366,3
538295dd1cc1,5.959822,7.55264,0
5390f9e444bc,12.085094,5.841233,1
53bf7d07b4fd,13.083083,4.5875998,3
53c1984d329d,9.497791,8.4787655,6
542d5bf23f3e,12.224816,4.853025,4
54987b876f2a,11.900948,5.4684896,1
54a45c3fe833,8.205245,6.9011917,2
54f981c3f69d,10.76305,5.1119733,1
552aa120255f,10.290731,4.840787,4
555b65ff0b32,13.1881,6.3506317,3
556dae00d01f,8.027365,7.0180144,2
558b7308b51f,12.520167,7.4272494,3
55a546c0886d,9.246336,5.9479303,2
5616952a922d,10.919716,3.0403948,4
565848d424b6,11.563658,6.797375,5
566014fe1472,10.676687,5.2525535,1
566065ba27e3,7.6728992,7.011414,6
56a94c18bdd6,5.7544804,8.704856,7
56c146535660,10.221464,6.543983,2
56d210ca8ced,10.151994,5.5283365,1
56e476735a0f,11.077971,5.163071,1
56ff2ae9af25,12.771868,6.275391,5
573843e5bd1e,13.207399,5.2271905,3
573966264c78,9.333675,5.133456,4
573e6c215f14,8.305955,7.787816,6
57550ec17795,8.189409,6.8201065,2
57bcca8ebb97,5.780809,6.3941603,0
57d1fbeee6f3,13.496767,5.4451632,3
57d5e7a9a479,11.862439,5.8053737,1
58003bf0152d,9.358795,7.871105,2
5804605991cf,11.13999,8.264504,5
5858420214d9,10.393742,8.669357,3
586bdb9819b7,9.485973,5.414534,2
586c8274d40e,6.9157834,6.8626733,2
58aa5ef80922,10.703587,8.842113,3
58e3ec0e8efa,12.143467,5.206189,2
58f58e00440b,7.587594,5.807243,3
591ef6450265,5.378378,6.93328,0
592682b186a6,11.394398,5.3537006,1
5952f7857809,11.006512,5.5684004,1
5969c82a3eb7,7.6908817,8.355922,6
59829190fdf2,7.513938,9.086974,7
598560d91722,12.561112,4.609175,4
5a37c2627cfe,9.898459,6.862921,2
5a525086d92f,10.713211,3.662041,4
5a7498cf5cbc,10.718341,4.143784,4
5a7576901649,7.3393407,9.118967,7
5a96e7702cb0,6.8262224,9.009066,1
5af71ce15ba4,10.11373,4.720142,4
5b35eba5a9c4,8.291903,7.6068645,2
5b84761ac5e2,13.166521,6.139812,3
5bee27c5f88a,12.251164,5.7722173,1
5bfad0d03abe,10.102985,4.1892366,4
5c0d66283a45,9.341652,7.626041,2
5c53de3124be,11.557464,6.0377645,1
5c9ef20917c1,13.154671,6.5928164,3
5cb012353434,8.402517,8.601279,0
5cef985e56f4,10.965256,7.567202,2
5d68d7d36dbf,8.959786,6.7659845,2
5d9998ca383d,11.327875,7.249295,5
5e21d7487e2e,7.833738,7.513851,2
5e4e11b7a1b0,9.721053,7.2329025,2
5e65b3f3ebf6,9.256867,7.0823193,2
5e8b19f7609f,5.9299154,7.686316,6
5ea0c636563a,8.730328,5.238627,3
5eb579d50f61,13.285626,4.588239,3
5f00e43eff17,12.055302,6.895612,5
5f11954d95d6,10.937666,6.215741,3
5f3b1a98a0c9,6.4300237,8.017739,6
5f526d3090fc,10.488186,4.0266213,4
5f53f39e9f4e,7.494199,7.0995865,6
5f587b32486e,7.7322206,8.018348,6
5f7ccd4c3ba5,7.733561,7.55045,6
5f86a3974516,9.477472,4.9607353,4
5f8aae4275b4,11.396945,6.9909897,1
5fceb0b65f8e,7.5086136,5.8726425,0
5fe4874309e2,7.800621,7.7735553,6
6009b77e7f5b,7.78255,8.402858,6
600c9c7af56c,10.5873,4.119967,4
6046a01863f9,7.457307,7.9119225,6
605cd2a13361,11.869482,6.2973804,1
608a0ccab9c1,10.505408,3.63321,3
608f79704cbf,8.479454,7.917728,6
6091610a4330,11.780096,7.4658847,5
611baf67346f,10.568121,6.824435,5
618a37c419d0,9.878304,5.945417,1
626dfbcaff20,10.532662,4.068166,4
627a8412493d,10.816998,3.0177763,4
627ca3a43260,10.896696,3.091695,4
628e143864d2,7.6604385,7.2598143,6
637783960fda,7.3496532,7.0817385,6
63b482be7696,12.231421,6.475716,5
63ba58c33223,11.829996,7.0748777,5
6439f990b011,8.651786,8.030702,6
64ad655a920c,11.904496,8.587947,5
64e5fa345723,9.875968,6.450925,1
65344d4569b3,10.752512,7.096216,5
65a44749bd95,9.419318,4.7914267,0
65d262ea31f5,11.952478,5.974994,1
662f81114f99,8.9454365,6.346152,2
6650942ea6ea,9.458065,6.19975,1
666e7971b1a5,12.209533,8.474469,3
667ce8497a5f,5.75907,8.68472,7
6695107cea34,4.905323,7.665454,7
66aee72311ce,6.4605975,8.244821,7
66c4ad0769aa,6.8580995,7.4548073,6
67137155144d,8.951276,6.491451,2
6716d6bbff62,11.565629,6.300322,5
6729a0cd9307,10.552336,7.842615,5
67383a06b253,13.22536,6.530604,3
6749a24e3079,11.880558,5.8186903,1
674c5db7c145,5.5376897,7.4453254,7
6779fc6ca75c,10.776209,3.950253,4
67b4ab111644,10.739104,3.1132724,4
67bc1b1311b4,7.6094813,8.105154,6
67e2bbaedc66,10.239437,8.656242,6
680eb65432dc,8.1216135,8.1380005,6
6863d38c2d07,9.559968,6.5162086,1
6881c4372f8a,8.052183,8.268106,6
68fd964afd09,8.957872,6.901634,2
69021f582f06,10.141945,4.9324045,4
691f9dbcafab,8.183529,7.589573,6
691fe5ddb951,8.114328,8.930464,6
6921ec0847ed,12.223169,6.993734,5
6935b7fc6aef,11.516695,7.5023456,5
695a2528e0f0,5.503842,6.534136,0
69fe1235d290,8.024939,7.799514,6
6a18d4161c22,5.0164824,7.3134828,7
6a4edfd40e68,7.2679234,7.0008135,6
6a69fced0269,12.061346,6.4867277,3
6a96577d2770,9.136693,6.02485,2
6ae499a69fef,8.656175,8.744356,3
6ae6862863cc,10.377654,8.13304,0
6b65c7c3b3ef,9.603777,8.173591,6
6b9263923d4f,10.784682,6.5011535,1
6c24ed94d0ba,11.213272,6.247922,1
6c3f6488d293,12.592476,5.808832,1
6c911cdfc79b,10.321564,5.443299,1
6c99e1a0bd00,9.059187,6.4956737,2
6c9cb7899305,10.838044,7.8781056,5
6c9e53f7f4ef,13.526944,5.482269,3
6cbe5937faf9,11.659787,6.616652,5
6cc68e6752b9,12.030979,8.702126,3
6cf9e8114e66,7.9903145,9.237901,5
6d2bcdd6f526,8.69574,8.314067,2
6d3883ec2cac,7.833034,8.399063,6
6d7f82ed82f8,5.4572163,6.3885794,0
6e228243d03f,12.8033085,5.8571653,3
6e8817a099fc,11.059727,5.688573,1
6eedeba579e8,11.645107,3.889995,4
6ef03228368d,11.418226,5.9509,1
6fe86a915960,11.955103,8.613451,0
702f81b87973,12.626213,4.7808676,3
7037462b3440,8.377267,6.7012753,2
70c15978d565,4.788077,7.574212,7
70ce2863d110,6.0013742,6.4898067,0
70e576a65f54,11.184119,5.391646,1
70f88c68bbf5,9.526763,5.424324,4
712a05510899,11.05192,4.9988236,4
712e43e87c9d,8.166146,8.12539,6
719105037cd3,9.2706995,7.777975,2
71937764deb6,11.925307,5.444333,1
7205b06dde9e,5.4859858,7.441082,7
720fc1e8e8b0,10.576177,7.333122,5
7217147bd0ff,11.1489525,5.7978697,1
722cc432eeac,11.149109,4.7596097,3
72481892be9f,9.004059,8.654438,0
7298a75fed0e,9.239475,5.721422,3
72df70d7f7f2,9.396673,5.558363,3
72fd8e1853ee,10.795553,4.4899406,4
730e17119e5d,6.570813,7.2591896,0
73105f496c9d,8.082764,7.4781785,6
735f4ace2178,10.525473,7.7729816,2
73b8bad21088,13.254342,6.4748673,3
74608a18e8e4,12.504782,4.777565,1
74be8d7a0437,11.507167,4.345845,4
7520eba1ff7b,10.895507,2.9098625,4
753a1bd5c882,6.951768,6.631018,6
7561a5acc372,11.928508,7.1847973,5
756b9018a551,6.43976,8.949284,7
75c9dbc84410,8.305109,7.8419895,6
76087f2004aa,11.767527,7.0686088,5
762d794c4fbc,9.002665,5.8156033,2
7646c844148c,12.070072,8.10881,5
76a41fe32942,13.29637,6.396163,0
76c65e1b6c3a,10.687718,3.198002,4
771f85a17fcb,8.429762,8.376436,6
77915eb2aee4,11.91496,6.9299583,5
77aaa1392818,6.60356,6.915635,0
77dfea4b3ab8,10.717136,6.572834,5
7809d4fe159d,10.185351,5.398266,1
782bc1dc9626,12.999675,5.3331733,3
7869e67ffa0e,8.275638,7.6953654,6
78b3dbf30200,9.255268,6.1281486,1
78d1eb495436,5.864625,6.438665,0
78f475e11377,10.125034,5.306814,4
793e692bb495,6.6558485,7.515859,6
7941b981e189,10.751786,2.855293,4
7952b8c1a3a5,10.495815,3.7696922,4
797bfbba2242,11.498556,4.951578,1
79ac5516fd24,10.673928,6.262882,2
7a1cfeff21d5,10.4404,6.0641055,1
7a5f44d8d69d,10.599379,4.067026,4
7a6ddaad47bb,10.957462,2.8777266,4
7a7dab29bc17,8.433064,8.422219,6
7ab96e544cfe,10.677984,3.5720007,4
7b247e90e35b,10.237023,5.5956416,1
7b41c71f72b3,9.055146,8.561989,6
7b6725641439,10.844064,6.3558936,1
7bd19fcf3cfa,7.124247,8.768774,6
7ca5b1d9e37f,6.8989053,8.596362,6
7cbabccbbd74,11.744584,7.732844,5
7cd7675ea731,10.862985,3.6473212,4
7cd81c1cedbc,11.727214,5.571334,1
7ce830d64919,8.238968,8.533638,6
7cf32354723f,12.20153,8.416678,3
7d04167f1e95,11.894946,4.8420234,4
7d274d55a9fc,10.843745,8.548526,5
7d42365ec542,10.7165785,4.615364,4
7d58df5a9148,11.787438,4.337942,4
7d7d7dd617bf,11.047257,5.212891,1
7d88570c0518,13.480002,5.474668,5
7d9370b38112,10.90247,5.800462,1
7d9e9ebb75e8,11.604909,6.9075603,5
7db0f19f99c4,6.2886276,7.8322597,0
7dcca471d88b,10.365142,8.340609,2
7ddd567fca0b,9.582701,7.463887,2
7decc9eebcb2,5.4757323,8.440451,7
7e4fea5057a2,13.476501,5.620756,3
7e62b0c9182e,10.333394,4.1617928,4
7e6d7186811b,11.420076,5.4392138,1
7eb0525767e1,9.577775,8.282436,2
7ee3b09b8ecf,5.586738,8.746932,7
7f2a79d2876a,9.855798,7.4863048,2
7f5783a9735d,5.678041,7.253735,0
7f5a40c9c463,11.590181,7.2289486,5
7f6183ceb4db,7.8766093,7.9260993,6
7f7d72c5ec10,12.38071,7.7118387,3
7ff12400b9f6,9.989395,7.7389727,2
80099afc12f8,12.793854,6.357984,5
80448aa9421f,11.374008,7.638239,2
8066e0f720f1,8.859127,7.6917386,2
809306d0866c,5.5393248,8.336253,7
80c8c630d305,11.228861,7.437281,5
810b3b6725a6,9.602054,7.248705,2
814c326dbf2d,11.926554,8.677986,3
817b33c4e195,6.92648,8.249136,2
822956e2ebde,12.6565485,4.4818306,4
824fac26ef86,10.278628,6.140306,1
8298f5a136dd,11.778135,6.855378,5
82b630c8ef69,11.58609,5.637624,1
82bbe02beb1c,5.54458,8.290096,7
82e37a8b57e0,7.8020005,8.007717,6
82f51280bea1,11.956105,8.493891,5
839a27087ef6,7.9507313,7.498684,6
839f912ebc05,10.208885,6.3221583,2
84341a8e0b7e,7.5790086,9.1242075,7
8483c94fc824,5.6453223,8.695488,7
84939de291ed,10.31707,5.3050747,1
84f907fe90b6,9.462249,7.4416604,2
8515b9337673,6.263898,6.612813,0
851cf3b82b01,10.555056,5.6501913,1
85712e24ea1a,13.265537,6.5789967,3
85d2f69e7025,11.083164,7.4740934,2
8606c93e8215,10.054044,3.991999,4
8615c2d14f34,7.195814,6.597808,6
86589ef84d58,6.9391537,8.687994,6
866fdeb1a0de,10.432978,8.598299,2
868583471b48,11.178684,5.674009,1
874ab9c8c13c,6.360505,8.061374,6
87592a2a6465,10.818322,4.327561,4
8759feb68258,11.494529,5.4982347,1
875ddd21c83a,7.70444,7.361236,2
877f45c963ca,12.38761,4.978644,4
87f5ad4d1e03,8.500194,8.742578,3
883becdeb2ac,10.74196,8.177431,5
886c4de0e15e,5.520914,8.458962,7
88798bf22b1d,11.636421,4.714729,1
887c031b831d,11.333406,3.857302,4
88bf03d80863,11.399527,4.004935,4
88d62e8e059f,7.9443045,8.182267,6
88e3815baa87,8.074787,8.124828,6
89738eae7ba7,12.381508,5.276311,1
898bdb72ffa7,8.590088,7.5474133,6
8a74e17e6243,6.6452723,6.8624644,0
8adfd0f355e9,5.9172993,8.790771,7
8b1e864a8753,11.333256,7.5073757,5
8b58df4b6959,9.064427,6.8467307,2
8b5e8d22c93a,8.736181,6.2581916,2
8ba79bdd901a,8.034107,7.217101,6
8c55a7380118,10.792998,6.192657,1
8cadaabfc46b,7.897287,7.8402214,6
8cbaa78b7f53,11.842994,5.7436004,1
8cc3e6296d4b,6.7484846,7.364183,2
8cf5c750e3a9,6.209233,7.5593185,0
8d209885c75b,8.129547,7.3854856,2
8d99fc65f5d8,12.027461,7.942895,5
8db3a161dfe0,9.305077,5.11511,2
8defdff024fe,10.863585,7.036589,5
8dfd0b293cb4,8.655309,8.011739,5
8e550e7fc89a,10.937453,4.6044183,1
8e58449c3754,6.5895863,6.7829413,0
8e5b3257d1da,8.465747,7.0096593,2
8f17e48d5f7e,10.94545,5.0933414,1
8f22a38fba39,8.930565,6.9385943,6
8f8014dd3ca2,8.809973,6.8993044,2
8f94e95702e9,12.401331,7.0946937,5
8fb35ab03ccb,11.932567,5.672793,1
8fba22e0d099,10.020305,3.9115305,4
8fd38bd038b5,11.738093,7.631755,5
8fda8f0e5106,12.58675,4.558642,4
902fa97f667e,8.702466,7.309915,2
9034f08998f0,7.607153,5.8043346,0
9073c17379d1,12.52481,4.941458,3
90a9c5ed7580,11.910235,4.2677627,0
90b569f486eb,9.088539,8.573334,0
90eb8eb3336a,9.463343,5.809401,2
91098e83c5d9,6.3639226,7.0543313,0
91aba0850082,11.968861,8.254032,5
91eb0e40a414,13.463864,4.8698006,3
91f1d0aea4de,11.799734,4.8234305,4
91ff28da6cfe,13.179334,6.7451096,3
9205d99e1575,11.591162,4.4805164,1
920726b4a7d0,8.578325,7.3375793,2
924d9c35fc08,8.224749,8.033837,6
9293ff00b6ee,7.4293556,7.135162,6
92b37813436b,11.021789,4.0205903,4
92c906ae713f,8.035988,7.257705,2
92d7b0a9f8fc,11.849202,6.291781,1
92d93d16ccf9,12.005053,8.77863,3
92ff5182ff53,12.950504,5.411501,3
930b60a9ec31,13.247722,6.4441376,3
932b8454df7d,12.412407,4.846149,1
9345677b0964,11.769065,5.083746,1
93793a5c59bd,8.490702,6.110061,0
93b56b2abdba,7.44911,6.9781027,6
93ec90685c9f,7.2441263,8.881733,2
946815b7a988,10.345228,5.6214848,1
9495fff13123,12.006542,6.823298,5
94b7a86b0c3f,11.687202,5.296502,1
95475686c6e8,7.9982595,8.10243,6
96045bc947b3,13.38866,4.752521,3
963a564234a7,6.488671,8.769826,6
969fcebd33ec,7.5455184,5.824822,0
96bf8e4f69fa,10.859469,2.8849277,0
96cae25a3eb7,9.339573,7.078337,2
970c5e6500df,10.138798,5.8253717,1
9716f9eb2deb,5.6767564,8.759913,7
97727500e60a,10.546609,4.104158,4
9802841c02ed,6.609254,7.1460004,0
987992302be3,9.317547,6.192058,2
991321e4e058,7.613621,7.3339925,6
99527ac5570a,5.6855807,6.923671,0
995ce800305d,10.749046,5.97358,1
996db8423a02,10.924326,7.012441,5
99af89ba8f3b,7.088023,6.2491055,0
99d748af0cc0,11.5400915,7.9267154,0
9a3341e384e1,10.616453,5.6924376,1
9a84005c901c,11.02956,6.487976,5
9a9909a709cd,12.54499,4.7082562,4
9b0075cc6b91,10.330374,3.4760025,4
9b2ccbb84f4f,8.737184,8.809565,5
9b8814417d9b,12.144438,7.547037,5
9b97805bcedb,11.654077,7.039744,5
9bb0bde5b746,11.888953,7.3494425,5
9bc3f350074c,8.431444,6.1366415,3
9c3257084b94,6.980546,7.9378924,0
9c3fdfa26e1c,13.094116,6.233123,3
9c6992dafeae,5.430539,8.34318,7
9c79fc78d797,10.965419,2.900523,4
9c7a3cc59688,12.283671,5.2998953,1
9c7d2b9f7321,5.913686,8.562162,7
9c9245ec7777,13.0494585,6.8074937,3
9ca5279f044f,9.642765,6.590207,2
9ceba850c5ea,6.133713,7.014142,0
9d01e11966f7,10.768393,6.8216968,3
9d06a9320c10,8.008359,8.528694,6
9d1a7452fdbf,11.891871,4.865345,1
9d46ea5d0c26,10.915646,2.8744688,4
9d5222baadcf,11.504213,6.3350215,1
9d7b24a63bc5,10.790847,6.703395,5
9d8a3f92a7aa,9.886159,6.0622897,2
9d99509f5976,8.334406,5.9509664,0
9de723d55df3,10.944289,3.970483,4
9e43124c2957,11.500789,4.11863,4
9e4727f44f04,10.085552,5.8231034,1
9e9bfc052bc8,10.028701,3.747385,4
9ec54a2a09b9,11.0833845,5.1176023,1
9ef3cc352336,5.9248734,6.5528884,0
9f2d3768beb5,4.7977967,7.5669217,7
9f55b7f98d0c,8.8406725,7.434641,2
9f690905e4e2,11.884159,7.078248,5
9fc2d4ba36e4,11.002137,6.229615,1
9fc9dc6b6c7d,13.573308,5.383502,2
9fcefbf202de,11.501976,7.078408,5
a02ba6b93372,10.801654,4.5365005,4
a09ce3b9b833,12.277116,7.348095,5
a1115850bcb8,5.4442606,7.9387927,0
a12387bc1be3,9.983912,6.0076575,2
a14634aae815,10.103551,4.825646,1
a174371a71b0,10.563418,5.6685786,1
a1956d73d403,6.200291,8.755956,7
a1a62d5f08bb,10.230191,4.9950976,1
a21a9f65fe4f,11.931829,6.7404885,5
a26eecc89b56,9.008781,8.566701,2
a2818f285f14,10.699635,8.00684,3
a290cd939a2a,8.083457,8.419732,6
a2c0b868550c,11.118589,7.449487,5
a2dc998af660,10.8260975,3.4710665,4
a2e7a4a72fef,11.304614,8.299485,5
a3230ca2cb01,12.148563,6.445904,5
a362578e8741,5.7828584,8.232646,2
a37a284274ee,12.658697,6.5593157,5
a3ac0cb9e730,13.347382,5.114452,3
a3bac8f5fb85,11.947407,5.8285737,1
a4038b45998a,7.870363,9.046551,6
a426c732d67b,12.955946,7.4656215,3
a44cd0fb62fb,10.547363,3.4498389,4
a47a460d4806,10.371634,7.2422757,2
a4a8889cb093,13.050722,7.260386,3
a4eaf81f7214,8.98148,5.9326324,2
a4fc719bf1be,10.9015045,3.2404463,4
a532a4c4e4d8,11.015161,2.6874528,0
a57647c83ab8,5.9231863,8.511473,7
a57bd1493638,13.236807,4.982982,3
a59fcec78cc4,8.05472,8.260018,6
a5a1de8d5d8f,11.040749,5.950958,1
a5b1e565a5b6,7.8986397,8.407454,6
a5b8a3cf6303,10.631223,3.1792707,4
a5c1cc164391,11.309244,8.442027,3
a5d221da4a61,8.485346,6.76565,2
a5dadd4e8d83,10.344209,5.067908,1
a5def76f53e2,8.894308,7.2311015,2
a5f1f43e9efd,5.784713,8.6395235,7
a6249c3b6b96,6.855816,6.2954254,0
a6569a9c9d2e,8.6018305,7.6686006,6
a6642232899b,8.210081,6.821272,2
a690b42ae9b2,13.360177,4.7479124,3
a6a51804742e,12.154475,5.326859,1
a70e3fb62bc0,8.372505,6.026723,2
a741d3529eec,13.577818,5.0257,3
a77977d188c4,9.599615,6.340889,2
a805dfa3d789,6.5605617,8.162229,0
a88b0cc13301,10.945758,7.002509,5
a8b6c91e103d,8.720589,7.2243834,2
a8bb402a432a,9.44032,6.118461,2
a8fd097f45d7,7.1926045,7.8904853,2
a9082d58a6cb,5.3692636,6.3994536,0
a91a9f9618e7,8.119013,7.7583585,6
a99da951150b,12.614404,4.535675,4
a9cd5c5c51c2,11.838379,7.478437,5
a9cf96884101,5.423664,8.293021,7
aa3c30618eac,5.7822056,6.4282618,0
aa3ef1ca5118,12.072058,4.934312,4
aa4c1039726b,9.424326,5.3037124,4
aa5cfb011785,9.542452,7.227631,2
aae2ac12b8a1,13.57688,5.3572426,3
aafc94db1e25,7.4347844,6.6536765,6
ab58aac073e8,6.122056,6.6022983,0
ab8260e04552,13.367663,5.4279594,3
abc4a73d789d,10.564266,5.1463723,1
abfde777018e,11.05146,6.8812733,5
ac246d82f8be,10.347428,5.8403974,1
ac39351233b0,9.663343,6.8871922,2
ac776a91e1b9,8.764203,6.2658544,2
aca214bbd428,11.862492,5.689387,1
acb3b8186493,7.47483,7.6696286,6
acbc06e17a31,9.0203905,7.286602,2
acf5c6560459,11.367266,7.935346,5
ad0d0436a635,5.5079966,7.4283285,7
ad2009457cac,9.818522,6.9265404,2
ad8af9706def,10.701603,5.048097,1
ad94b6ca4670,5.75638,8.783998,7
adc62f73647f,11.027691,7.241056,1
adcc6e0b89df,9.80361,7.748252,2
adfaefbb4401,12.484114,6.37448,5
ae274c7b9001,9.085304,6.8463993,2
ae3786c10d54,10.470904,5.5752172,1
ae909a599460,12.546332,4.890607,3
aeaaa7badeb4,11.24427,3.4541883,4
aecb2e9b7409,11.702549,7.028603,5
aee16c067335,11.053871,3.9916406,4
af0e5c149be0,9.001618,6.9589195,2
af2bff13e52d,6.820742,6.6506395,0
af3bc59a1828,10.041855,6.1067142,3
afa37845925d,11.212384,4.8797517,1
afd7d41bb0db,7.0968432,7.287641,6
afe7c6a18d07,9.695535,8.421912,6
b05d491de4b3,11.507753,4.0439644,4
b094ff31751a,6.530165,8.209761,7
b0e5890f08d5,9.4628935,5.5824237,1
b129f19d0af2,9.309302,6.722716,2
b12b524a7968,6.6831965,8.167731,6
b141a6d1398e,10.659074,6.473403,3
b19d1b8bc21d,10.559993,3.4357653,4
b1c6ff87f7cd,11.446998,5.6650352,1
b2022f4b0cd7,11.002472,6.7425613,5
b214fc588e5a,12.169151,7.064912,5
b2273e7bc4a0,11.826105,5.047678,4
b259227734f4,8.2166,7.7777996,1
b25d4c10e8d8,5.5036345,7.428849,7
b2635e9a6a7f,6.9584675,8.26781,2
b27e9e47b8fb,10.916467,6.5342774,5
b2a2775276c6,10.417839,3.4418168,4
b2a81bc4bdcf,11.77575,4.4327993,1
b2b053c989b4,7.9465914,8.762479,6
b2e0b64be27c,6.211309,7.0825214,0
b2f3c3ce9f2a,11.996006,8.656936,3
b307cd1e0085,7.7914886,8.5204735,0
b31b4c04a6a6,10.629828,7.0161467,5
b3c0e6b6e9a1,10.549675,3.7187953,4
b3c878da29b3,9.858278,6.5808697,1
b411ca13f4a1,10.306278,5.696478,4
b424878ca440,11.991908,6.7833266,5
b4ee5ceb484c,13.344099,4.655859,3
b51f479e47e6,11.5802355,5.529966,1
b57b7afe9499,13.228177,5.1910863,3
b5eb6b5a548a,10.480073,3.873816,4
b5f02b72f3e0,11.62294,6.335292,1
b61533160f33,9.480815,7.209638,2
b618739dda80,8.293334,6.7595387,2
b619d81574ce,10.694701,8.801908,0
b6447f6aca25,12.702342,6.6273303,3
b6711f708f82,10.040087,6.33731,2
b6aec3dd7f39,11.642862,5.7611275,1
b71b48b68419,9.649313,6.4856596,2
b742052b3783,12.368144,6.3392673,5
b77211058cd3,8.5687065,7.1326127,2
b779de6d1c61,10.888565,3.8224661,4
b77be2af25f5,6.336729,7.961824,6
b7d2163f0f3d,8.7538595,8.106672,6
b810be78aa76,11.521441,6.736792,5
b888ab5fa73e,11.044225,8.458882,3
b8f4fe31551a,11.93612,8.782315,3
b8f629c969bb,9.859446,6.2206445,2
b94a953eb128,11.0723095,6.632022,5
b9560b285146,6.7912517,7.7406125,0
b9644585b28c,11.036141,8.085494,5
b97b1f3ab1ee,9.1056595,8.554295,2
b9f74543e0a3,11.838444,4.4290524,1
b9ff365f1be6,9.798728,6.221028,2
ba633b7960a9,8.346414,8.95441,6
ba65623de66c,6.9432807,7.438655,6
baa48a021da1,5.858686,8.608816,7
baaa2fdf68b4,5.7962184,6.9380445,0
bae2bd10c40f,10.347667,5.172373,1
bb33b846c2c5,10.798422,5.898311,1
bb43b2c76c87,10.296329,7.3199325,2
bb994c5bd396,12.11087,5.1500797,1
bb9ab96cf213,5.6156907,8.660855,7
bc1dee482f04,8.49121,8.503902,2
bc23c504be66,10.951847,2.8336802,4
bcb32a25466f,11.792353,7.5441236,3
bd3834c92d2b,11.879848,5.6618366,1
bd72935f5518,12.028633,8.295436,5
bdc0d2b7501c,12.847099,7.4071555,3
bdc7e2e1dce1,9.387857,6.9757237,2
bdce04ceb108,7.295764,6.090808,2
bdf1985b72f0,7.9060507,6.915207,7
be1030057619,6.3289566,7.091474,0
be2290c9b620,7.4614615,6.955452,6
be2473df979a,9.680712,8.182137,2
bea69498fbd0,6.857662,8.681417,7
bebf0fad32f7,8.159172,7.0460577,2
bef4069fd2da,8.040237,7.982276,6
bef69be61162,10.263603,4.0049176,4
befd38dd27f0,11.383967,5.1381807,1
bf11ef5edebb,10.918816,4.92105,3
bf22bd88e84f,5.388282,6.428382,0
c07a41679f4b,8.924669,6.7092304,2
c0c65ce10f8a,6.4038877,7.678204,6
c0ebc8b6e977,6.255471,7.1228113,0
c102a05bc7bd,8.83615,7.47268,2
c104e6dc7c09,5.9556074,6.939518,0
c157e0120f71,11.729693,5.149845,4
c1c4a8254e3e,11.171237,3.4272945,4
c1d4b4c60b81,7.7442117,6.592778,4
c24b23e10ab0,13.366654,5.546112,3
c2f0b78bdd17,7.490316,7.3591595,6
c30ddc5d3f63,10.525372,4.9568677,1
c3162b9d1443,6.401116,8.23058,7
c31a9704f3b8,13.079537,6.7651525,3
c32ff785b9e9,10.116656,3.6370437,3
c336a1971655,11.665577,6.364948,1
c3562e2d9349,8.261966,7.608267,6
c373d2c7fef7,12.17783,8.557005,3
c4008a395ed9,11.830091,7.0152497,5
c4014967c5a8,11.146889,5.6200423,1
c4257bd16a3d,9.165183,6.7491174,2
c44634a0d0af,10.540049,5.0454607,1
c4aec67a23b2,10.53923,7.3939333,5
c4b3d829b70c,11.478279,7.303728,5
c4b98a94949a,12.284865,5.113213,1
c51d4492a83b,11.801102,5.176894,4
c55a4293df3e,12.046886,8.464225,5
c57891ad82ed,11.559106,5.86356,1
c5850b168b1b,9.836362,8.584033,3
c5a3d211e7ae,11.651082,8.417984,5
c5ab76d9c28f,7.506188,7.210949,6
c5dfb4aa881b,12.857907,7.3024077,3
c6b6dd92e42a,9.230966,6.676468,2
c6ddc37c2366,11.689978,6.465788,1
c6eedaa8be95,11.402332,7.0753417,5
c70fc546cae1,10.980294,6.179398,1
c779e342fd14,12.381933,8.140044,3
c794cc690e6b,13.377321,4.705087,3
c7ac43e9ee49,9.0534115,6.0951676,2
c7ce2d12156e,9.982444,4.1556034,4
c802a23c8e42,6.8245482,8.377614,7
c821037c2495,8.524953,7.935445,6
c873b5d50419,6.851513,7.201959,6
c87ec7e92f39,10.329737,8.121029,3
c91427640882,10.840287,6.359568,1
c96c06858c0e,12.471135,6.16536,5
c9be207f9ad1,5.351691,6.462782,0
c9ea22770d07,5.318139,6.492093,0
c9ea75e2113a,5.675656,8.641673,7
c9eb3cfa60f9,11.0842,6.35721,5
c9ebcba1ba34,9.065182,5.63113,2
c9f50d22d8bb,11.940024,8.51397,5
c9fd45da3964,10.597471,3.8869805,4
ca4753c64539,11.69482,5.936108,1
ca554e8748d9,11.804565,8.293833,5
ca80d27637a1,11.988654,6.410589,5
caf3b8eaa366,6.242984,7.13379,0
cafa8a84785e,8.774396,8.42939,6
cb0f573492bd,5.3861957,6.425752,0
cb4ac043c9a2,7.737011,8.082813,6
cb52036d2ba0,11.073743,8.062841,5
cb75e0242283,4.769863,7.5621223,0
cbda5ff38227,8.092275,8.880973,6
cc1f59f41f51,12.844209,7.4483914,3
cc43888d2b0f,10.740291,5.652879,1
cc44be011fc8,11.580235,4.878906,1
cc831ab48d9d,11.902034,6.5228486,5
ccc810f98941,10.518437,4.913103,4
cd237f294dba,5.9767127,6.27756,0
cd29ce6cd432,11.494493,4.909036,4
cd5c01dd37cb,8.53965,8.429467,6
cd6b50518b1b,9.141155,6.044319,2
cd8f0a22aab9,9.743276,6.173804,2
cddce7294b5b,10.964341,7.4911423,3
cdf6830413ff,10.730737,4.4464025,4
ce61e3561d3b,11.13796,7.424596,5
ce9e71da80de,11.474275,6.0435905,1
cea92821b22a,9.56089,5.3900785,2
cf027211d091,8.5871,8.300152,6
cf03288f22b4,8.120903,6.8312626,2
cf1e2d9e5c95,9.876399,7.351042,2
cf572fa998a1,10.082168,4.737751,3
cf7ef4f07578,10.859999,4.519185,4
cf8a9ac2cbfb,12.20684,6.9119873,3
cfa7562d8642,9.59603,7.344768,2
cfc17091b6cf,12.54332,7.5587463,5
cfe952f9994f,10.94461,7.1236825,5
d03b0a77cb71,9.923016,6.2905555,2
d06dc2279e56,5.3816915,6.403162,0
d0bceaecaaae,10.825469,6.4997444,1
d0d71c3f7dc1,5.289728,6.3841233,0
d15954e0f85c,7.246756,7.107772,6
d160747fc117,11.054381,6.6442027,1
d1708ab4ac5b,6.120876,8.823365,7
d17355b0878f,9.474993,8.380039,6
d1907c132530,5.7965813,6.8031483,0
d1939489a003,6.256879,8.78655,7
d198e5adc768,12.55091,7.2457843,3
d1a4e92e9378,13.234021,4.9138584,3
d1c4e8d8c4d7,5.7131066,8.646774,7
d1ca95b614c6,12.125278,5.65073,1
d1cdd2427eda,11.671125,8.366621,3
d1f867f3ce0d,7.41889,8.788627,6
d236968734b7,11.796056,4.576347,1
d254704c670d,4.809547,7.5399947,7
d25bcb376566,7.3149686,7.5759077,6
d2892eaa1607,5.4402957,6.595178,0
d2b935343ccf,10.840589,2.9310265,4
d324748a5ef2,8.253671,6.614965,2
d345c9071887,10.862146,8.243026,3
d34943bfdf8b,10.788123,3.9398217,4
d3864482b1cc,7.708055,8.033334,6
d395c2b6bb31,6.357305,7.8728256,6
d3b7d49f9133,8.553503,7.769419,6
d40966e0b7a4,10.018904,5.5095644,1
d40c929ddf9e,12.538873,7.1046247,5
d4b0a5904697,12.659495,4.4437222,4
d4bf3a47f65a,10.6967125,6.6126842,3
d4f5ff676133,10.772358,7.3086133,5
d502ce7c5ddb,9.172423,5.628735,2
d58fd4a48a69,12.866689,4.5734963,3
d665167a9732,7.1834197,8.021815,6
d69c12fc58e3,13.287651,5.0188165,3
d6f1371a11b5,13.470432,5.296723,3
d70599256661,10.013303,4.800941,4
d72beab625fc,11.8352995,4.8633575,1
d73e8ff5d70d,11.660139,4.458736,4
d751422bce52,10.901321,6.8115973,5
d78b203a7cef,7.7387023,6.7144794,5
d7dd07913041,7.1774683,8.5391245,6
d81df2cad7fc,7.026224,8.30695,6
d881a73f0891,8.912227,8.523154,6
d886bb9194e9,11.449449,5.7585144,1
d8b710015e75,11.051319,8.309189,5
d8cb2af5b5b7,8.428664,8.599103,6
d90b2bb09217,11.656983,5.622602,1
d948afba6543,9.305669,5.3394475,4
d9a9782ccb46,12.592858,5.1750216,3
d9f4bec66e38,12.9663925,7.533235,3
da142d4a5117,11.580475,7.773398,5
dad67fee72e3,7.7549214,6.7111793,6
daef5948e6af,8.596289,7.3382897,2
db2f6c12f2ac,10.496783,3.8515277,4
db64856f9ace,4.927883,7.7287183,7
db7bf73021d3,10.522803,4.84414,4
dbe581eaf411,7.3659387,7.9927735,6
dc18e6c9c281,7.882388,7.5383782,6
dc24421b28d3,10.451862,6.2837796,3
dc32814ac7fb,10.6461,8.50644,3
dc6642edcd75,7.3291903,8.418028,6
dca09edeb442,10.655848,4.194801,4
dcc5db21a0ed,10.695029,8.044515,3
dcc6416eec45,9.840728,8.5457115,6
dd16a0f184e1,9.172469,6.8753448,2
dd91d1e52f04,12.473926,5.1833544,1
dddc6142ec46,4.8398757,7.585774,7
de1a989d6968,10.654333,7.426637,5
de1ded63645a,9.654869,8.455891,6
de4012f900cf,8.55048,5.351555,6
de6086eb2be3,11.631441,5.459571,1
def53b6a796b,11.939496,6.8310127,5
df07b2341410,10.085118,4.404553,3
df79cf3d1d84,11.4813385,4.7986274,4
df97388b8b59,12.83814,5.6279063,5
df9baf4ae9b4,11.048359,6.4889884,5
dfb6813d4952,12.715891,4.599323,4
dfed16440fa7,7.2672863,8.89115,6
e0631c168fc6,10.472746,6.7465725,2
e06423c70b3e,10.064102,6.45271,2
e0698cb52450,10.78084,3.2488997,4
e07197abcf03,11.607087,6.8429675,5
e0759bd92787,9.586254,6.0255685,2
e0938d4ee792,11.250702,3.719603,4
e09ac786b0cb,6.144543,7.2811375,0
e14d780d7d43,8.773765,6.406013,2
e1a3c59b06d0,10.876264,5.5412674,1
e1ada0b3526e,10.434117,5.507738,1
e1d352c8b6dc,9.30403,6.9138374,2
e1e54a1ff1f5,6.2376204,7.0950437,0
e1e56ec111f7,9.091296,7.3567452,2
e1f13dfde3bc,7.253184,8.871478,7
e23546b81515,7.1586018,9.032961,1
e253e90e463e,11.390477,7.321715,5
e25d61d034aa,11.142698,4.7250457,4
e26ac75b73cf,12.353902,6.9787283,5
e2bde1255941,8.017446,9.012648,6
e2c9eb5825cb,10.927004,6.7625823,2
e2f825d75a6a,9.7446375,8.50737,2
e321fc2db3fa,10.735023,4.050714,4
e322ca23cf78,5.6808515,8.437896,7
e3ae191d4fd0,10.633757,4.636378,4
e4665a7137f2,12.81319,5.3139415,3
e4bb3d69fa67,11.092681,4.6410613,4
e51aa2d7b4dc,8.074476,8.311264,6
e5264ccf9bcc,12.998001,7.4084144,3
e54fd550f83a,7.5115066,8.440171,6
e5cd8f93170c,10.436465,3.9420514,4
e5edc9cb3a93,9.973485,7.337343,5
e6181d811dab,5.9032683,6.880759,0
e63ad6b19e6a,8.03743,7.6998124,6
e641f51b066c,8.584259,6.688844,2
e685b0c1941c,11.240992,4.6794524,1
e6b62393881a,7.8647113,9.020319,6
e6f409ef9b75,7.4293523,8.108171,6
e719d43df055,9.202889,8.092711,6
e774b802cdb6,4.849195,7.610475,7
e7a36fffd249,7.6385136,7.8370724,6
e7e6471d8d08,7.6843925,8.229487,6
e7f80bee45fd,5.606267,6.7608747,0
e80a36af12e5,11.776559,5.8647227,1
e82096d4e3bc,8.916903,6.2831345,2
e846935965c0,10.347,6.6280217,1
e86a9cdef117,13.378874,5.550743,3
e8adce6f57db,10.147232,4.7720265,4
e8cd996ab9b0,5.553819,8.777027,7
e8d16804b787,10.740649,3.1165156,4
e9007fba3801,13.247087,6.5284405,3
e900ff1f2554,6.315405,7.0483856,0
e908b895cfdc,7.748351,8.688406,6
e9351eb195d7,6.037888,8.666821,7
e981043c5f84,10.476693,4.8754745,4
e9900c755cc8,12.803345,4.8520103,3
e9a672df4997,6.143063,7.541813,6
e9c7c306fde3,12.853909,7.577622,3
ea19a9b97add,9.839272,5.29429,4
ea632a43ed21,6.666499,8.097211,0
ea6ec746a9f3,11.330503,7.1642604,5
ea8450b3cca0,12.089371,5.630719,4
eabcd4d08636,10.91568,5.896465,1
eaf2c60a5a84,10.215527,4.161506,4
eb396272d9a4,11.653129,7.579025,5
eb4807a8774d,11.703071,7.5579767,5
eba15300ac71,11.232978,5.2891655,4
ebb0abd50de4,5.8284116,8.660049,7
ebd77a80a358,10.210552,6.9266353,5
ebf63a1e9924,13.202939,5.3098583,3
ec0808a120ca,9.087128,8.175658,2
ec1a34a77cca,5.772216,8.875505,7
ec5575cda85d,12.218818,4.7190437,4
ec6510d8b6f2,13.204133,6.31239,3
ec68f78b1ef2,5.759229,6.7732825,0
ec87239959ff,5.6651735,6.6762614,0
ecbabc3cee0c,9.252565,6.572518,2
ecc635d4b0e2,7.784974,8.9684925,6
ed4f4f6f3045,13.014144,4.8938565,3
ed5f7c488f83,10.904124,5.7410474,1
ed727ba8f627,10.130587,3.956873,4
ed9ff7f912e4,7.480414,8.998853,7
ede539a89ef4,10.627541,5.6552033,1
edec792c9b50,7.408696,7.0172863,6
edfb20856421,5.597556,8.775476,7
ee812abbae17,9.020175,6.566601,2
ee97c8efb32c,10.84709,3.6900303,4
ee9d47c348b7,9.567069,6.270289,2
eecee4198c0f,9.784526,6.7521687,2
ef060dfe6b88,5.711683,7.940559,3
ef12e97985dd,7.2329345,9.052307,1
ef3574401e61,11.721209,3.9689648,0
ef3c1dfce67c,9.64956,5.3390164,2
ef6587cba0cf,9.106982,5.595557,6
ef6a542e39a4,13.406727,4.763506,3
ef9f4e4bdb30,10.691075,3.5377598,4
efa2a0117317,13.057418,4.8850994,3
efbbf80fd44b,11.559055,7.607436,5
f03a13d8517f,10.822635,4.5650587,3
f088ab89ff01,10.727257,6.8392425,5
f09b02668c99,11.454212,7.7071958,5
f09b18a53d8c,7.7729044,7.947303,6
f0dbcdf1f67e,12.652696,6.2181096,5
f11283a6845d,9.308525,7.743781,2
f14f1e38bd33,11.907717,8.902158,0
f17def181492,12.594807,5.738296,3
f19346cfa019,12.771462,7.5246754,3
f196f2a726ed,7.4604745,7.7419996,6
f19c866c9fd5,9.880948,7.6972194,2
f1b26038f401,5.5867853,8.330756,7
f1d6da691d80,6.5409093,7.6575885,6
f20ce5585f2b,10.1380415,5.058151,1
f21321abd593,7.642458,7.9308925,6
f2540154103f,6.303843,8.862356,7
f2ba4d6f6eff,7.5797076,9.11807,7
f2d9ee2f480b,9.018109,8.123502,2
f2d9fb7d4b26,11.400713,7.654291,5
f30ad0e1698d,10.764892,6.211642,1
f3141ba1bdbf,5.522985,8.535223,7
f3266bd148e4,10.945974,4.5903416,4
f34166954f03,11.823512,5.686318,1
f368e7755fa9,10.845306,7.0445704,5
f3715af00e54,7.416379,8.913626,7
f3a1ba2f693b,7.9517994,6.5499434,4
f4686af3b986,13.020519,6.136868,3
f480b4f24ed8,9.421449,6.4517064,2
f483ae131fa8,11.552979,5.13232,1
f4ea24417e86,10.8079605,5.995656,1
f4f453dc0b6d,6.374372,6.920038,0
f515ff1cdba3,10.00406,7.6760087,2
f548a8c08e2b,13.6253805,5.438688,5
f5863c04b88e,6.179082,7.634321,6
f5a245a65843,12.060039,7.3981786,5
f5c65447592e,10.24166,8.152676,2
f61075c58c43,6.3049693,8.008697,6
f612c9db65bf,11.506084,7.8037667,5
f6167c66c4ef,12.2770605,8.221041,3
f6195c2e45a8,7.733648,8.47593,6
f64d330feb5a,8.003333,6.8388896,2
f655c3640a9c,5.1016192,7.755856,7
f6955c0ddf09,6.9895167,6.3595605,0
f696796581e3,7.7007613,9.25456,5
f69be2a55113,10.645456,7.7563047,2
f6ffa029142b,10.478777,7.9266424,0
f75b72879f1a,8.629929,8.266027,6
f77d7d730827,6.0570083,8.650787,7
f7a00d1f924f,9.215806,5.5472937,2
f8326548cfaf,11.6052,5.488427,1
f846ecc165f0,11.408725,7.7994447,5
f8568f28e13d,12.699116,4.4827957,4
f8915ce811fa,11.621218,6.928604,5
f8a90db52737,11.7056,5.4835186,1
f8df33a0bed7,7.57954,7.8968134,6
f90a785a914c,8.680063,5.456319,2
f92f97820aa4,12.001157,5.5589385,1
f98279ef0fbb,11.052199,6.019694,1
f9a08781f2e1,11.855615,5.5256786,1
f9c6990c9ee3,11.272572,5.4689736,1
f9c69cf01445,7.764399,9.049388,6
f9cf071cedbb,8.579956,6.429673,2
f9d6c94199a5,7.5532684,7.9651737,6
f9dabca94541,6.357339,8.643095,7
f9e0a0a060ed,9.847059,3.9788067,2
f9e1e99d614e,9.570541,5.1704493,4
fa203c8b7aaa,12.908212,7.4533277,3
fa43dffe7a35,11.095742,7.298712,3
fa61f37c486f,11.267708,6.5354204,3
fb0e60c91527,5.585588,7.360077,7
fb7dfffdbe45,7.5591636,7.533392,6
fbacd5d9fac6,11.989937,8.69761,0
fbd40694fd86,9.064876,6.0857863,2
fc2b2710562a,10.988932,3.2425435,4
fc5afa9539ce,11.248361,5.8316708,1
fcf527dbf6de,10.023546,7.2818723,5
fd114b1912b6,9.334391,5.5680947,2
fd1c4099fa6b,9.264933,5.265869,4
fd66527a6032,12.177248,6.58476,5
fd6dddfbb46f,11.777584,4.301682,4
fe3fb489daaa,12.093083,8.119727,5
fe86584fe632,10.507553,7.5372458,3
fe9ae764a26c,7.0081897,6.3296385,0
fee9696650e5,7.982483,7.7215414,6
ff4170cf835e,6.923112,7.1577625,6
ff48f45207bd,5.897016,8.462389,7
ff8aba8d2fcd,10.430755,5.5643854,1
ff9e11e9bb69,13.22217,5.5576897,5
ffad7d7874ca,11.132256,7.4845634,5
ffd4f038679e,7.129598,8.488317,6
